StudentID,FullName,Department,Year,Gender,DOB,BloodGroup,Phone,Email,Address,City,State,Pincode,ParentName,ParentPhone,AdmissionYear,Section,Semester,CollegeName,AcademicStatus
1,"Diya Patel",CIVIL,1,Male,2003-09-01,B+,9519796918,diya1@cit.edu.in,"93 Gandhi Road",Bengaluru,Delhi,663195,"Aditya Patel",9429255519,2025,D,2,"Chennai Institute of Technology",Active
2,"Karan Singh",AIML,1,Female,2002-06-18,AB-,9998515241,karan2@cit.edu.in,"68 Gandhi Road",Hyderabad,Tamil Nadu,669493,"Neha Singh",9830146030,2025,B,2,"Chennai Institute of Technology",Active
3,"Rohan Verma",MECH,2,Male,2005-09-03,AB+,9172412737,rohan3@cit.edu.in,"34 Gandhi Road",Kolkata,West Bengal,670831,"Neha Verma",9245593975,2024,A,3,"Chennai Institute of Technology",Active
4,"Aditya Mehta",AIML,1,Male,2002-04-11,B-,9875722819,aditya4@cit.edu.in,"41 Gandhi Road",Mumbai,Delhi,610418,"Priya Mehta",9626327552,2025,A,1,"Chennai Institute of Technology",Active
5,"Neha Verma",EEE,3,Male,2006-03-24,B-,9007218200,neha5@cit.edu.in,"33 Gandhi Road",Chennai,Maharashtra,613722,"Pooja Verma",9178812594,2023,B,6,"Chennai Institute of Technology",Active
6,"Arjun Patel",ECE,1,Male,2003-10-03,B-,9044945476,arjun6@cit.edu.in,"40 Gandhi Road",Kolkata,Tamil Nadu,626299,"Diya Patel",9177173328,2025,C,1,"Chennai Institute of Technology",Active
7,"Neha Gupta",ECE,4,Male,2005-09-21,B+,9323308806,neha7@cit.edu.in,"36 Gandhi Road",Delhi,Tamil Nadu,614379,"Varun Gupta",9824557795,2022,D,8,"Chennai Institute of Technology",Active
8,"Vikram Verma",AIDS,2,Female,2004-02-28,O-,9159446672,vikram8@cit.edu.in,"25 Gandhi Road",Bengaluru,West Bengal,658423,"Sanya Verma",9709459168,2024,A,3,"Chennai Institute of Technology",Active
9,"Sanya Reddy",EEE,3,Female,2006-01-05,B-,9292540755,sanya9@cit.edu.in,"59 Gandhi Road",Hyderabad,West Bengal,678887,"Diya Reddy",9825945481,2023,B,6,"Chennai Institute of Technology",Active
10,"Meera Reddy",CSE,2,Female,2004-03-02,B+,9931028741,meera10@cit.edu.in,"86 Gandhi Road",Mumbai,Tamil Nadu,602955,"Neha Reddy",9388471308,2024,B,3,"Chennai Institute of Technology",Active
11,"Rohan Reddy",EEE,3,Female,2005-02-27,O-,9729563398,rohan11@cit.edu.in,"66 Gandhi Road",Kolkata,Tamil Nadu,675764,"Aarav Reddy",9622912293,2023,B,5,"Chennai Institute of Technology",Active
12,"Aditya Reddy",AIML,4,Female,2002-12-20,AB-,9030184654,aditya12@cit.edu.in,"40 Gandhi Road",Chennai,Delhi,688456,"Pooja Reddy",9019226780,2022,C,7,"Chennai Institute of Technology",Active
13,"Pooja Chopra",EEE,1,Male,2004-07-04,A+,9922303416,pooja13@cit.edu.in,"74 Gandhi Road",Pune,Karnataka,661582,"Varun Chopra",9908399493,2025,B,2,"Chennai Institute of Technology",Active
14,"Aarav Singh",CIVIL,2,Male,2003-10-22,B-,9554405088,aarav14@cit.edu.in,"51 Gandhi Road",Kolkata,Maharashtra,697380,"Diya Singh",9764685141,2024,A,3,"Chennai Institute of Technology",Active
15,"Diya Patel",AIDS,4,Male,2006-01-05,O+,9201277816,diya15@cit.edu.in,"77 Gandhi Road",Kolkata,West Bengal,696750,"Karan Patel",9559241064,2022,A,8,"Chennai Institute of Technology",Active
16,"Diya Patel",IT,1,Male,2002-03-01,AB-,9929420399,diya16@cit.edu.in,"37 Gandhi Road",Chennai,Tamil Nadu,688078,"Aditya Patel",9706980452,2025,A,1,"Chennai Institute of Technology",Active
17,"Kavya Gupta",MECH,1,Male,2005-02-11,AB+,9601563993,kavya17@cit.edu.in,"59 Gandhi Road",Bengaluru,Tamil Nadu,671424,"Varun Gupta",9178955047,2025,B,2,"Chennai Institute of Technology",Active
18,"Ananya Gupta",CSE,2,Female,2005-07-18,O-,9397581613,ananya18@cit.edu.in,"60 Gandhi Road",Kolkata,Maharashtra,657720,"Sanya Gupta",9899491605,2024,A,4,"Chennai Institute of Technology",Active
19,"Kavya Reddy",IT,2,Female,2004-01-12,AB+,9604019696,kavya19@cit.edu.in,"83 Gandhi Road",Kolkata,Delhi,653634,"Aarav Reddy",9110893857,2024,B,4,"Chennai Institute of Technology",Active
20,"Vikram Joshi",ECE,1,Female,2004-01-27,B+,9629020956,vikram20@cit.edu.in,"26 Gandhi Road",Pune,Maharashtra,607357,"Aditya Joshi",9708899329,2025,C,1,"Chennai Institute of Technology",Active
21,"Pooja Singh",ECE,3,Male,2004-09-25,A+,9897866718,pooja21@cit.edu.in,"86 Gandhi Road",Bengaluru,Delhi,600206,"Kavya Singh",9800636852,2023,A,6,"Chennai Institute of Technology",Active
22,"Kavya Chopra",MECH,3,Male,2004-05-10,O-,9044717950,kavya22@cit.edu.in,"69 Gandhi Road",Bengaluru,Delhi,689829,"Kavya Chopra",9265886848,2023,A,6,"Chennai Institute of Technology",Active
23,"Rohan Chopra",EEE,3,Female,2005-12-14,AB-,9893884542,rohan23@cit.edu.in,"61 Gandhi Road",Pune,Tamil Nadu,697681,"Ananya Chopra",9770638720,2023,A,5,"Chennai Institute of Technology",Active
24,"Diya Sharma",MECH,4,Male,2006-12-22,B+,9088039134,diya24@cit.edu.in,"84 Gandhi Road",Kolkata,Maharashtra,603085,"Vikram Sharma",9639435753,2022,C,8,"Chennai Institute of Technology",Active
25,"Rohan Reddy",CSE,3,Female,2005-06-24,AB-,9340708652,rohan25@cit.edu.in,"61 Gandhi Road",Bengaluru,Tamil Nadu,672729,"Sanya Reddy",9701566201,2023,B,5,"Chennai Institute of Technology",Active
26,"Aditya Mehta",EEE,3,Female,2004-02-05,A+,9559726608,aditya26@cit.edu.in,"43 Gandhi Road",Kolkata,Karnataka,696831,"Arjun Mehta",9466609497,2023,C,5,"Chennai Institute of Technology",Active
27,"Rahul Sharma",EEE,4,Male,2002-12-19,AB-,9212062148,rahul27@cit.edu.in,"67 Gandhi Road",Pune,Tamil Nadu,687003,"Rahul Sharma",9573436530,2022,B,7,"Chennai Institute of Technology",Active
28,"Rohan Verma",CIVIL,2,Male,2006-11-04,AB+,9021762676,rohan28@cit.edu.in,"33 Gandhi Road",Hyderabad,Tamil Nadu,691284,"Aarav Verma",9142522891,2024,B,4,"Chennai Institute of Technology",Active
29,"Neha Mehta",AIDS,3,Male,2004-07-23,B+,9963109875,neha29@cit.edu.in,"14 Gandhi Road",Pune,Karnataka,671418,"Vikram Mehta",9132290468,2023,C,5,"Chennai Institute of Technology",Active
30,"Pooja Reddy",AIML,1,Female,2002-07-15,O+,9976283775,pooja30@cit.edu.in,"31 Gandhi Road",Bengaluru,Maharashtra,654142,"Ananya Reddy",9903349213,2025,C,2,"Chennai Institute of Technology",Active
31,"Rohan Joshi",EEE,4,Male,2003-05-02,B-,9405292492,rohan31@cit.edu.in,"77 Gandhi Road",Chennai,Maharashtra,645585,"Neha Joshi",9150294314,2022,B,8,"Chennai Institute of Technology",Active
32,"Rahul Joshi",CSE,2,Female,2002-07-12,AB+,9215316044,rahul32@cit.edu.in,"84 Gandhi Road",Bengaluru,West Bengal,668578,"Aarav Joshi",9119325649,2024,D,4,"Chennai Institute of Technology",Active
33,"Rohan Sharma",IT,1,Female,2006-11-08,AB-,9357186715,rohan33@cit.edu.in,"52 Gandhi Road",Delhi,Delhi,682299,"Pooja Sharma",9081126443,2025,D,2,"Chennai Institute of Technology",Active
34,"Priya Verma",EEE,4,Male,2005-02-28,O-,9180962806,priya34@cit.edu.in,"33 Gandhi Road",Mumbai,Maharashtra,696009,"Rohan Verma",9412666829,2022,C,8,"Chennai Institute of Technology",Active
35,"Vikram Reddy",CIVIL,2,Male,2006-08-04,B+,9281534137,vikram35@cit.edu.in,"98 Gandhi Road",Mumbai,Telangana,613254,"Aditya Reddy",9309935451,2024,D,4,"Chennai Institute of Technology",Active
36,"Aarav Chopra",AIML,4,Female,2005-12-25,O-,9467967959,aarav36@cit.edu.in,"98 Gandhi Road",Delhi,Tamil Nadu,613154,"Meera Chopra",9050680788,2022,C,7,"Chennai Institute of Technology",Active
37,"Sanya Nair",CIVIL,4,Female,2005-08-13,AB+,9520885370,sanya37@cit.edu.in,"17 Gandhi Road",Pune,Maharashtra,612353,"Diya Nair",9027842109,2022,A,7,"Chennai Institute of Technology",Active
38,"Pooja Patel",AIDS,3,Male,2003-08-21,B-,9170706186,pooja38@cit.edu.in,"92 Gandhi Road",Kolkata,Maharashtra,651877,"Neha Patel",9531424431,2023,C,6,"Chennai Institute of Technology",Active
39,"Aditya Sharma",CIVIL,1,Male,2003-04-27,O-,9394383732,aditya39@cit.edu.in,"29 Gandhi Road",Kolkata,Maharashtra,602082,"Aditya Sharma",9631434567,2025,C,2,"Chennai Institute of Technology",Active
40,"Varun Patel",EEE,1,Male,2003-09-01,A-,9409849795,varun40@cit.edu.in,"82 Gandhi Road",Kolkata,Maharashtra,648750,"Priya Patel",9695947935,2025,A,2,"Chennai Institute of Technology",Active
41,"Priya Nair",AIDS,1,Female,2004-05-10,AB-,9726291628,priya41@cit.edu.in,"87 Gandhi Road",Bengaluru,Tamil Nadu,686878,"Vikram Nair",9149909788,2025,A,1,"Chennai Institute of Technology",Active
42,"Kavya Rao",ECE,2,Male,2005-10-07,B+,9041575349,kavya42@cit.edu.in,"89 Gandhi Road",Bengaluru,Telangana,643064,"Aarav Rao",9810243977,2024,D,4,"Chennai Institute of Technology",Active
43,"Rohan Chopra",AIML,1,Female,2003-10-23,AB-,9272173067,rohan43@cit.edu.in,"79 Gandhi Road",Pune,Maharashtra,696018,"Diya Chopra",9005695017,2025,A,2,"Chennai Institute of Technology",Active
44,"Meera Chopra",CSE,3,Male,2003-10-28,B-,9784845362,meera44@cit.edu.in,"23 Gandhi Road",Mumbai,West Bengal,606109,"Diya Chopra",9803784282,2023,C,6,"Chennai Institute of Technology",Active
45,"Karan Nair",MECH,4,Male,2002-11-09,AB-,9519420660,karan45@cit.edu.in,"73 Gandhi Road",Pune,Tamil Nadu,661563,"Meera Nair",9063116441,2022,B,7,"Chennai Institute of Technology",Active
46,"Pooja Singh",MECH,4,Female,2003-09-06,A-,9557619948,pooja46@cit.edu.in,"38 Gandhi Road",Kolkata,Maharashtra,614638,"Kavya Singh",9766962597,2022,A,7,"Chennai Institute of Technology",Active
47,"Aarav Kumar",CIVIL,3,Female,2003-01-11,O-,9133664904,aarav47@cit.edu.in,"90 Gandhi Road",Chennai,Delhi,665509,"Vikram Kumar",9839404408,2023,B,5,"Chennai Institute of Technology",Active
48,"Kavya Nair",ECE,3,Male,2006-07-26,O+,9295465650,kavya48@cit.edu.in,"27 Gandhi Road",Bengaluru,Maharashtra,670050,"Karan Nair",9062179167,2023,A,5,"Chennai Institute of Technology",Active
49,"Diya Rao",IT,4,Male,2006-08-05,B+,9412447203,diya49@cit.edu.in,"65 Gandhi Road",Delhi,Delhi,686322,"Sanya Rao",9267862756,2022,D,8,"Chennai Institute of Technology",Active
50,"Aditya Kumar",CIVIL,2,Male,2002-09-18,O-,9629450217,aditya50@cit.edu.in,"21 Gandhi Road",Pune,Maharashtra,616673,"Arjun Kumar",9561174362,2024,A,4,"Chennai Institute of Technology",Active
51,"Aditya Mehta",IT,2,Male,2005-11-13,AB+,9640715827,aditya51@cit.edu.in,"15 Gandhi Road",Pune,Tamil Nadu,656242,"Varun Mehta",9029031541,2024,D,4,"Chennai Institute of Technology",Active
52,"Rahul Mehta",ECE,2,Female,2002-01-25,O-,9387779361,rahul52@cit.edu.in,"92 Gandhi Road",Delhi,Telangana,660139,"Meera Mehta",9568424328,2024,C,4,"Chennai Institute of Technology",Active
53,"Aditya Singh",CIVIL,1,Female,2006-04-04,O-,9695614438,aditya53@cit.edu.in,"15 Gandhi Road",Chennai,Telangana,601151,"Priya Singh",9139031518,2025,C,2,"Chennai Institute of Technology",Active
54,"Aarav Reddy",MECH,1,Male,2004-01-23,B+,9946532901,aarav54@cit.edu.in,"46 Gandhi Road",Hyderabad,Karnataka,697193,"Rahul Reddy",9299837929,2025,C,2,"Chennai Institute of Technology",Active
55,"Pooja Verma",CIVIL,2,Male,2003-05-05,O-,9984342522,pooja55@cit.edu.in,"31 Gandhi Road",Delhi,Delhi,661848,"Sanya Verma",9116275465,2024,A,4,"Chennai Institute of Technology",Active
56,"Rahul Rao",IT,3,Male,2003-01-01,B-,9185213105,rahul56@cit.edu.in,"54 Gandhi Road",Pune,Delhi,600984,"Rohan Rao",9877307131,2023,C,5,"Chennai Institute of Technology",Active
57,"Karan Sharma",ECE,3,Female,2006-09-19,O+,9502836992,karan57@cit.edu.in,"52 Gandhi Road",Mumbai,Tamil Nadu,669702,"Neha Sharma",9495942119,2023,D,6,"Chennai Institute of Technology",Active
58,"Diya Reddy",AIML,2,Female,2002-01-03,AB+,9379170145,diya58@cit.edu.in,"52 Gandhi Road",Kolkata,Karnataka,663700,"Aditya Reddy",9682642265,2024,B,3,"Chennai Institute of Technology",Active
59,"Meera Chopra",CSE,4,Male,2006-09-05,AB-,9287939480,meera59@cit.edu.in,"90 Gandhi Road",Chennai,West Bengal,618481,"Diya Chopra",9819193445,2022,B,8,"Chennai Institute of Technology",Active
60,"Aditya Nair",AIML,4,Male,2004-01-17,B+,9470624825,aditya60@cit.edu.in,"45 Gandhi Road",Chennai,Karnataka,616276,"Ananya Nair",9382022268,2022,B,8,"Chennai Institute of Technology",Active
61,"Rohan Joshi",AIDS,2,Female,2006-07-19,AB+,9422563211,rohan61@cit.edu.in,"66 Gandhi Road",Delhi,Telangana,643946,"Rahul Joshi",9879168132,2024,D,3,"Chennai Institute of Technology",Active
62,"Pooja Nair",IT,3,Female,2006-12-14,A+,9724220575,pooja62@cit.edu.in,"48 Gandhi Road",Bengaluru,Tamil Nadu,631100,"Arjun Nair",9623692629,2023,B,6,"Chennai Institute of Technology",Active
63,"Karan Kumar",CIVIL,2,Male,2006-08-02,B-,9349379676,karan63@cit.edu.in,"86 Gandhi Road",Hyderabad,Delhi,654287,"Priya Kumar",9846484948,2024,D,4,"Chennai Institute of Technology",Active
64,"Ananya Verma",CSE,4,Male,2002-05-24,A-,9651987179,ananya64@cit.edu.in,"27 Gandhi Road",Chennai,West Bengal,678471,"Diya Verma",9712773754,2022,D,7,"Chennai Institute of Technology",Active
65,"Aarav Nair",AIDS,4,Male,2004-09-01,B-,9914745927,aarav65@cit.edu.in,"30 Gandhi Road",Mumbai,Karnataka,669733,"Varun Nair",9883185711,2022,D,7,"Chennai Institute of Technology",Active
66,"Sanya Mehta",MECH,4,Male,2004-10-16,O+,9397529246,sanya66@cit.edu.in,"23 Gandhi Road",Mumbai,Tamil Nadu,696392,"Neha Mehta",9844791470,2022,D,7,"Chennai Institute of Technology",Active
67,"Rahul Nair",AIML,1,Male,2006-09-08,O-,9195900043,rahul67@cit.edu.in,"47 Gandhi Road",Kolkata,Karnataka,620009,"Aarav Nair",9378565203,2025,C,1,"Chennai Institute of Technology",Active
68,"Varun Mehta",AIML,3,Female,2003-09-07,A-,9301442636,varun68@cit.edu.in,"34 Gandhi Road",Hyderabad,Tamil Nadu,617294,"Rohan Mehta",9227739079,2023,D,6,"Chennai Institute of Technology",Active
69,"Arjun Mehta",EEE,3,Female,2006-11-28,O-,9591706412,arjun69@cit.edu.in,"81 Gandhi Road",Pune,Maharashtra,685845,"Karan Mehta",9498733471,2023,C,5,"Chennai Institute of Technology",Active
70,"Diya Kumar",IT,2,Male,2003-01-19,B-,9339822577,diya70@cit.edu.in,"31 Gandhi Road",Chennai,West Bengal,638460,"Rohan Kumar",9843120831,2024,A,3,"Chennai Institute of Technology",Active
71,"Aditya Patel",EEE,1,Female,2002-07-13,B-,9704477583,aditya71@cit.edu.in,"48 Gandhi Road",Kolkata,Karnataka,685689,"Meera Patel",9961579382,2025,C,1,"Chennai Institute of Technology",Active
72,"Priya Joshi",ECE,1,Male,2004-10-26,O-,9863675403,priya72@cit.edu.in,"20 Gandhi Road",Pune,Tamil Nadu,655096,"Sanya Joshi",9215798114,2025,B,2,"Chennai Institute of Technology",Active
73,"Pooja Joshi",AIML,1,Female,2006-05-25,A+,9751716124,pooja73@cit.edu.in,"57 Gandhi Road",Hyderabad,West Bengal,661319,"Diya Joshi",9172511581,2025,D,1,"Chennai Institute of Technology",Active
74,"Rohan Rao",CIVIL,2,Female,2003-06-26,AB-,9102346380,rohan74@cit.edu.in,"35 Gandhi Road",Delhi,West Bengal,613369,"Ananya Rao",9689072314,2024,D,4,"Chennai Institute of Technology",Active
75,"Kavya Nair",MECH,4,Female,2002-07-24,A-,9810050125,kavya75@cit.edu.in,"51 Gandhi Road",Mumbai,Maharashtra,629454,"Pooja Nair",9151484997,2022,C,8,"Chennai Institute of Technology",Active
76,"Pooja Gupta",EEE,3,Female,2003-07-17,O+,9968591991,pooja76@cit.edu.in,"27 Gandhi Road",Kolkata,Karnataka,620123,"Meera Gupta",9720926121,2023,D,5,"Chennai Institute of Technology",Active
77,"Varun Patel",CIVIL,1,Male,2006-02-19,B-,9741265238,varun77@cit.edu.in,"89 Gandhi Road",Bengaluru,Telangana,670637,"Diya Patel",9461130467,2025,D,2,"Chennai Institute of Technology",Active
78,"Aarav Kumar",AIML,3,Female,2003-01-21,A-,9100033049,aarav78@cit.edu.in,"24 Gandhi Road",Chennai,Telangana,639556,"Priya Kumar",9097350549,2023,D,5,"Chennai Institute of Technology",Active
79,"Diya Nair",CSE,4,Male,2004-12-04,AB+,9688338745,diya79@cit.edu.in,"71 Gandhi Road",Mumbai,Delhi,697946,"Rohan Nair",9420981626,2022,A,7,"Chennai Institute of Technology",Active
80,"Vikram Kumar",AIDS,1,Female,2004-08-21,AB+,9293521210,vikram80@cit.edu.in,"90 Gandhi Road",Hyderabad,Karnataka,642291,"Aarav Kumar",9418577476,2025,A,2,"Chennai Institute of Technology",Active
81,"Priya Gupta",CIVIL,2,Male,2004-03-22,AB+,9294914548,priya81@cit.edu.in,"82 Gandhi Road",Chennai,Tamil Nadu,689604,"Neha Gupta",9692356690,2024,D,3,"Chennai Institute of Technology",Active
82,"Pooja Patel",IT,3,Female,2004-02-06,A-,9055067069,pooja82@cit.edu.in,"97 Gandhi Road",Hyderabad,Telangana,669342,"Rohan Patel",9478876333,2023,C,5,"Chennai Institute of Technology",Active
83,"Karan Patel",ECE,1,Female,2002-10-16,AB-,9761149382,karan83@cit.edu.in,"82 Gandhi Road",Pune,Delhi,676025,"Varun Patel",9836788590,2025,C,2,"Chennai Institute of Technology",Active
84,"Priya Nair",AIML,2,Male,2005-07-24,B+,9884534921,priya84@cit.edu.in,"91 Gandhi Road",Bengaluru,Karnataka,666850,"Arjun Nair",9977295493,2024,C,3,"Chennai Institute of Technology",Active
85,"Arjun Gupta",CSE,4,Female,2002-06-03,O+,9490527123,arjun85@cit.edu.in,"70 Gandhi Road",Mumbai,Telangana,655549,"Rahul Gupta",9002332586,2022,D,7,"Chennai Institute of Technology",Active
86,"Karan Reddy",AIML,4,Male,2005-12-19,B-,9485792584,karan86@cit.edu.in,"86 Gandhi Road",Delhi,Maharashtra,649091,"Varun Reddy",9823692850,2022,A,7,"Chennai Institute of Technology",Active
87,"Neha Verma",AIDS,4,Male,2006-05-19,B-,9600116065,neha87@cit.edu.in,"88 Gandhi Road",Mumbai,Telangana,605108,"Diya Verma",9394931143,2022,D,7,"Chennai Institute of Technology",Active
88,"Karan Mehta",ECE,1,Female,2002-02-17,AB-,9921546962,karan88@cit.edu.in,"34 Gandhi Road",Delhi,Tamil Nadu,657558,"Karan Mehta",9154255944,2025,B,2,"Chennai Institute of Technology",Active
89,"Pooja Patel",AIML,1,Female,2002-05-16,B-,9077552404,pooja89@cit.edu.in,"42 Gandhi Road",Bengaluru,Telangana,635583,"Sanya Patel",9772213891,2025,A,1,"Chennai Institute of Technology",Active
90,"Aarav Reddy",IT,2,Female,2004-11-12,AB-,9222316361,aarav90@cit.edu.in,"58 Gandhi Road",Mumbai,West Bengal,611454,"Vikram Reddy",9356229168,2024,C,4,"Chennai Institute of Technology",Active
91,"Aarav Verma",MECH,4,Female,2003-02-03,AB+,9660857976,aarav91@cit.edu.in,"59 Gandhi Road",Delhi,Delhi,690957,"Rohan Verma",9094362938,2022,A,7,"Chennai Institute of Technology",Active
92,"Neha Patel",MECH,3,Female,2004-10-18,AB-,9194937481,neha92@cit.edu.in,"73 Gandhi Road",Kolkata,Maharashtra,606088,"Aarav Patel",9967482512,2023,D,5,"Chennai Institute of Technology",Active
93,"Ananya Kumar",EEE,4,Male,2005-07-02,A-,9474628011,ananya93@cit.edu.in,"24 Gandhi Road",Delhi,Karnataka,643954,"Varun Kumar",9205807246,2022,D,7,"Chennai Institute of Technology",Active
94,"Sanya Sharma",CIVIL,1,Female,2002-02-04,AB+,9209431880,sanya94@cit.edu.in,"65 Gandhi Road",Bengaluru,Delhi,615986,"Pooja Sharma",9619419306,2025,B,1,"Chennai Institute of Technology",Active
95,"Priya Mehta",AIDS,1,Male,2005-09-15,B-,9650041661,priya95@cit.edu.in,"50 Gandhi Road",Mumbai,Telangana,605160,"Arjun Mehta",9274702531,2025,B,2,"Chennai Institute of Technology",Active
96,"Sanya Singh",MECH,4,Male,2002-10-15,B+,9051429393,sanya96@cit.edu.in,"86 Gandhi Road",Kolkata,Karnataka,639024,"Sanya Singh",9203857951,2022,B,7,"Chennai Institute of Technology",Active
97,"Diya Mehta",AIML,2,Male,2005-11-08,O-,9811881369,diya97@cit.edu.in,"33 Gandhi Road",Kolkata,West Bengal,666897,"Ananya Mehta",9001067527,2024,B,4,"Chennai Institute of Technology",Active
98,"Diya Kumar",ECE,2,Female,2005-06-05,AB+,9776563993,diya98@cit.edu.in,"96 Gandhi Road",Chennai,Delhi,645163,"Vikram Kumar",9810386026,2024,D,4,"Chennai Institute of Technology",Active
99,"Priya Kumar",ECE,3,Male,2004-07-08,O-,9646308562,priya99@cit.edu.in,"29 Gandhi Road",Bengaluru,West Bengal,687217,"Pooja Kumar",9800771088,2023,C,5,"Chennai Institute of Technology",Active
100,"Rahul Chopra",MECH,3,Female,2003-02-08,A+,9252556309,rahul100@cit.edu.in,"48 Gandhi Road",Hyderabad,West Bengal,690914,"Priya Chopra",9242328177,2023,C,5,"Chennai Institute of Technology",Active
101,"Neha Joshi",IT,2,Male,2006-10-28,O-,9167577776,neha101@cit.edu.in,"76 Gandhi Road",Mumbai,Karnataka,615208,"Kavya Joshi",9617115290,2024,C,3,"Chennai Institute of Technology",Active
102,"Aarav Gupta",CSE,2,Male,2006-10-05,B-,9658138604,aarav102@cit.edu.in,"50 Gandhi Road",Delhi,Maharashtra,663529,"Neha Gupta",9186551286,2024,A,4,"Chennai Institute of Technology",Active
103,"Pooja Gupta",EEE,2,Male,2004-02-17,O-,9868083552,pooja103@cit.edu.in,"20 Gandhi Road",Pune,Tamil Nadu,615778,"Rohan Gupta",9108235489,2024,B,4,"Chennai Institute of Technology",Active
104,"Rohan Reddy",CSE,1,Female,2005-05-14,O-,9508214897,rohan104@cit.edu.in,"69 Gandhi Road",Kolkata,West Bengal,678082,"Neha Reddy",9411402681,2025,D,1,"Chennai Institute of Technology",Active
105,"Arjun Singh",MECH,4,Male,2005-05-11,A+,9759455977,arjun105@cit.edu.in,"96 Gandhi Road",Pune,Delhi,694129,"Varun Singh",9037943843,2022,B,7,"Chennai Institute of Technology",Active
106,"Rahul Rao",CSE,2,Male,2005-08-01,A+,9599626172,rahul106@cit.edu.in,"24 Gandhi Road",Delhi,Telangana,686339,"Rohan Rao",9470809367,2024,C,4,"Chennai Institute of Technology",Active
107,"Priya Singh",CSE,2,Male,2002-01-08,B+,9472978667,priya107@cit.edu.in,"81 Gandhi Road",Delhi,West Bengal,616983,"Pooja Singh",9563685167,2024,B,3,"Chennai Institute of Technology",Active
108,"Rohan Verma",CIVIL,3,Female,2002-01-03,O-,9270343900,rohan108@cit.edu.in,"40 Gandhi Road",Pune,Maharashtra,613924,"Ananya Verma",9960702132,2023,A,6,"Chennai Institute of Technology",Active
109,"Neha Reddy",IT,3,Female,2003-11-19,A-,9933175467,neha109@cit.edu.in,"66 Gandhi Road",Hyderabad,Maharashtra,666942,"Pooja Reddy",9532180686,2023,A,6,"Chennai Institute of Technology",Active
110,"Karan Chopra",IT,4,Male,2005-03-15,AB+,9758589939,karan110@cit.edu.in,"92 Gandhi Road",Pune,Maharashtra,615236,"Karan Chopra",9249471874,2022,B,8,"Chennai Institute of Technology",Active
111,"Arjun Gupta",AIML,3,Male,2004-06-13,AB-,9123842288,arjun111@cit.edu.in,"87 Gandhi Road",Delhi,Delhi,696876,"Rohan Gupta",9697396064,2023,D,6,"Chennai Institute of Technology",Active
112,"Meera Singh",EEE,4,Male,2006-06-08,AB+,9393880240,meera112@cit.edu.in,"77 Gandhi Road",Mumbai,Maharashtra,613180,"Arjun Singh",9113320597,2022,C,7,"Chennai Institute of Technology",Active
113,"Neha Nair",AIDS,2,Female,2006-07-23,AB+,9181038227,neha113@cit.edu.in,"74 Gandhi Road",Kolkata,Tamil Nadu,686772,"Ananya Nair",9397255257,2024,B,4,"Chennai Institute of Technology",Active
114,"Vikram Gupta",CSE,4,Female,2002-04-26,O+,9994149225,vikram114@cit.edu.in,"54 Gandhi Road",Mumbai,Karnataka,652460,"Varun Gupta",9567271930,2022,D,8,"Chennai Institute of Technology",Active
115,"Priya Chopra",CSE,3,Male,2002-08-13,A+,9266056815,priya115@cit.edu.in,"49 Gandhi Road",Mumbai,Delhi,693926,"Rohan Chopra",9601308477,2023,B,5,"Chennai Institute of Technology",Active
116,"Meera Mehta",AIDS,4,Male,2003-12-13,AB+,9535657993,meera116@cit.edu.in,"43 Gandhi Road",Mumbai,Karnataka,686181,"Kavya Mehta",9587724327,2022,B,7,"Chennai Institute of Technology",Active
117,"Sanya Joshi",AIML,2,Female,2004-12-21,A+,9583344165,sanya117@cit.edu.in,"73 Gandhi Road",Chennai,West Bengal,642660,"Aarav Joshi",9556172563,2024,B,4,"Chennai Institute of Technology",Active
118,"Priya Verma",AIDS,3,Female,2003-10-01,O+,9685789614,priya118@cit.edu.in,"43 Gandhi Road",Mumbai,Karnataka,612798,"Kavya Verma",9136352339,2023,A,6,"Chennai Institute of Technology",Active
119,"Neha Kumar",CIVIL,3,Male,2003-04-24,O-,9610536161,neha119@cit.edu.in,"73 Gandhi Road",Bengaluru,Delhi,624380,"Vikram Kumar",9812932572,2023,D,5,"Chennai Institute of Technology",Active
120,"Meera Joshi",CSE,4,Female,2005-03-25,A-,9069536984,meera120@cit.edu.in,"48 Gandhi Road",Kolkata,West Bengal,647646,"Ananya Joshi",9926280598,2022,A,8,"Chennai Institute of Technology",Active
121,"Meera Sharma",IT,3,Male,2005-12-26,B+,9306308700,meera121@cit.edu.in,"33 Gandhi Road",Chennai,Tamil Nadu,663126,"Meera Sharma",9634251759,2023,A,6,"Chennai Institute of Technology",Active
122,"Priya Sharma",ECE,4,Male,2004-07-17,A+,9411202721,priya122@cit.edu.in,"64 Gandhi Road",Kolkata,Delhi,695315,"Varun Sharma",9632146592,2022,D,7,"Chennai Institute of Technology",Active
123,"Rohan Chopra",IT,1,Female,2004-07-12,A-,9324505123,rohan123@cit.edu.in,"91 Gandhi Road",Hyderabad,Tamil Nadu,640437,"Rohan Chopra",9697013618,2025,B,2,"Chennai Institute of Technology",Active
124,"Ananya Joshi",CIVIL,2,Male,2002-12-22,B+,9982657417,ananya124@cit.edu.in,"78 Gandhi Road",Delhi,Delhi,611918,"Rahul Joshi",9057983437,2024,B,4,"Chennai Institute of Technology",Active
125,"Aditya Verma",AIDS,4,Male,2004-06-11,B-,9570715966,aditya125@cit.edu.in,"14 Gandhi Road",Hyderabad,Maharashtra,652008,"Vikram Verma",9609050969,2022,A,8,"Chennai Institute of Technology",Active
126,"Sanya Gupta",CIVIL,1,Male,2006-09-09,AB-,9580593091,sanya126@cit.edu.in,"38 Gandhi Road",Mumbai,Delhi,628745,"Diya Gupta",9859165365,2025,B,1,"Chennai Institute of Technology",Active
127,"Aarav Rao",IT,1,Female,2002-10-04,A+,9163320603,aarav127@cit.edu.in,"46 Gandhi Road",Bengaluru,Karnataka,695815,"Kavya Rao",9160874581,2025,B,1,"Chennai Institute of Technology",Active
128,"Vikram Chopra",CSE,4,Female,2002-05-08,O-,9972091947,vikram128@cit.edu.in,"49 Gandhi Road",Delhi,Maharashtra,683948,"Karan Chopra",9056675182,2022,D,7,"Chennai Institute of Technology",Active
129,"Kavya Kumar",AIML,3,Male,2005-05-28,O-,9110065702,kavya129@cit.edu.in,"82 Gandhi Road",Chennai,Delhi,647836,"Vikram Kumar",9200912851,2023,A,6,"Chennai Institute of Technology",Active
130,"Pooja Kumar",IT,4,Male,2006-10-06,AB+,9160470334,pooja130@cit.edu.in,"14 Gandhi Road",Pune,Delhi,604120,"Meera Kumar",9407002358,2022,D,7,"Chennai Institute of Technology",Active
131,"Vikram Joshi",CSE,3,Male,2004-01-02,B+,9581898899,vikram131@cit.edu.in,"49 Gandhi Road",Pune,Maharashtra,600668,"Priya Joshi",9904804600,2023,C,5,"Chennai Institute of Technology",Active
132,"Meera Rao",EEE,4,Male,2005-10-26,AB-,9338960411,meera132@cit.edu.in,"66 Gandhi Road",Hyderabad,West Bengal,687664,"Aarav Rao",9065290615,2022,A,7,"Chennai Institute of Technology",Active
133,"Arjun Reddy",MECH,4,Female,2002-09-19,AB-,9441222912,arjun133@cit.edu.in,"13 Gandhi Road",Delhi,Delhi,675959,"Neha Reddy",9779011360,2022,B,8,"Chennai Institute of Technology",Active
134,"Aditya Patel",AIDS,3,Male,2005-11-08,AB-,9369420548,aditya134@cit.edu.in,"61 Gandhi Road",Chennai,West Bengal,688629,"Meera Patel",9715504684,2023,D,6,"Chennai Institute of Technology",Active
135,"Kavya Chopra",ECE,2,Female,2003-02-06,A+,9213193817,kavya135@cit.edu.in,"72 Gandhi Road",Bengaluru,Delhi,645425,"Karan Chopra",9150397246,2024,C,3,"Chennai Institute of Technology",Active
136,"Ananya Kumar",EEE,3,Female,2004-03-23,B+,9497159172,ananya136@cit.edu.in,"78 Gandhi Road",Bengaluru,Tamil Nadu,628341,"Aditya Kumar",9964163528,2023,D,6,"Chennai Institute of Technology",Active
137,"Vikram Chopra",CSE,4,Female,2005-06-09,AB+,9272799022,vikram137@cit.edu.in,"27 Gandhi Road",Delhi,West Bengal,652586,"Meera Chopra",9844962096,2022,C,7,"Chennai Institute of Technology",Active
138,"Rahul Kumar",AIDS,4,Female,2002-01-09,O+,9966854322,rahul138@cit.edu.in,"11 Gandhi Road",Pune,Karnataka,648200,"Pooja Kumar",9786627841,2022,B,8,"Chennai Institute of Technology",Active
139,"Diya Chopra",MECH,4,Male,2002-08-22,A-,9333047025,diya139@cit.edu.in,"24 Gandhi Road",Pune,Telangana,688352,"Pooja Chopra",9254789289,2022,C,8,"Chennai Institute of Technology",Active
140,"Varun Verma",AIML,1,Female,2004-12-27,AB-,9002638636,varun140@cit.edu.in,"51 Gandhi Road",Delhi,Maharashtra,680561,"Priya Verma",9151540733,2025,C,2,"Chennai Institute of Technology",Active
141,"Varun Nair",MECH,1,Female,2003-08-08,A+,9422155187,varun141@cit.edu.in,"62 Gandhi Road",Hyderabad,West Bengal,649913,"Vikram Nair",9050117410,2025,D,2,"Chennai Institute of Technology",Active
142,"Aarav Kumar",MECH,3,Male,2002-06-18,AB+,9422499670,aarav142@cit.edu.in,"71 Gandhi Road",Delhi,West Bengal,616146,"Aarav Kumar",9499499882,2023,C,6,"Chennai Institute of Technology",Active
143,"Meera Gupta",EEE,1,Female,2004-11-18,A-,9014597819,meera143@cit.edu.in,"37 Gandhi Road",Hyderabad,Karnataka,694445,"Neha Gupta",9241682949,2025,B,1,"Chennai Institute of Technology",Active
144,"Neha Gupta",IT,4,Female,2006-03-09,O-,9064877885,neha144@cit.edu.in,"83 Gandhi Road",Hyderabad,Telangana,646861,"Karan Gupta",9837188155,2022,A,7,"Chennai Institute of Technology",Active
145,"Arjun Singh",AIML,1,Male,2005-04-28,O-,9410535733,arjun145@cit.edu.in,"36 Gandhi Road",Pune,Delhi,614589,"Neha Singh",9987304056,2025,A,2,"Chennai Institute of Technology",Active
146,"Vikram Gupta",CSE,4,Female,2003-02-14,B-,9746348185,vikram146@cit.edu.in,"49 Gandhi Road",Mumbai,Telangana,624601,"Aditya Gupta",9938450428,2022,A,8,"Chennai Institute of Technology",Active
147,"Priya Patel",AIML,2,Male,2005-06-27,AB+,9684290311,priya147@cit.edu.in,"66 Gandhi Road",Bengaluru,Karnataka,649109,"Sanya Patel",9303039687,2024,B,3,"Chennai Institute of Technology",Active
148,"Neha Mehta",CSE,1,Female,2005-11-25,A+,9175563730,neha148@cit.edu.in,"41 Gandhi Road",Bengaluru,Maharashtra,689059,"Karan Mehta",9078375920,2025,D,2,"Chennai Institute of Technology",Active
149,"Rohan Reddy",MECH,2,Female,2002-07-07,AB+,9164068717,rohan149@cit.edu.in,"12 Gandhi Road",Pune,West Bengal,607853,"Neha Reddy",9796523265,2024,B,3,"Chennai Institute of Technology",Active
150,"Pooja Verma",AIML,4,Female,2006-01-26,O+,9744696850,pooja150@cit.edu.in,"58 Gandhi Road",Chennai,Delhi,634135,"Kavya Verma",9763228177,2022,A,8,"Chennai Institute of Technology",Active
151,"Aditya Kumar",CSE,3,Male,2004-07-15,O+,9639926208,aditya151@cit.edu.in,"59 Gandhi Road",Delhi,Delhi,665398,"Aditya Kumar",9840793070,2023,A,6,"Chennai Institute of Technology",Active
152,"Ananya Gupta",AIDS,4,Male,2004-11-11,B-,9261225083,ananya152@cit.edu.in,"54 Gandhi Road",Chennai,Tamil Nadu,605369,"Aarav Gupta",9455716487,2022,D,8,"Chennai Institute of Technology",Active
153,"Aarav Patel",EEE,4,Female,2003-05-24,B-,9496478264,aarav153@cit.edu.in,"75 Gandhi Road",Mumbai,Telangana,665612,"Aditya Patel",9409426220,2022,D,7,"Chennai Institute of Technology",Active
154,"Varun Reddy",CSE,3,Male,2006-01-15,A-,9445744914,varun154@cit.edu.in,"53 Gandhi Road",Mumbai,Maharashtra,637827,"Vikram Reddy",9784483642,2023,B,5,"Chennai Institute of Technology",Active
155,"Kavya Gupta",MECH,1,Female,2006-08-10,B+,9536268379,kavya155@cit.edu.in,"92 Gandhi Road",Hyderabad,Delhi,638030,"Kavya Gupta",9959603046,2025,C,1,"Chennai Institute of Technology",Active
156,"Aditya Nair",AIDS,1,Male,2005-07-07,A-,9947470233,aditya156@cit.edu.in,"97 Gandhi Road",Chennai,West Bengal,674201,"Aditya Nair",9036298238,2025,D,2,"Chennai Institute of Technology",Active
157,"Pooja Rao",AIML,3,Female,2006-09-19,O-,9437342791,pooja157@cit.edu.in,"82 Gandhi Road",Mumbai,Tamil Nadu,697116,"Aarav Rao",9378865751,2023,A,5,"Chennai Institute of Technology",Active
158,"Diya Verma",IT,3,Male,2002-09-24,A-,9574179744,diya158@cit.edu.in,"95 Gandhi Road",Chennai,Maharashtra,672277,"Sanya Verma",9799307011,2023,B,5,"Chennai Institute of Technology",Active
159,"Meera Rao",AIDS,4,Male,2002-12-22,O+,9455387614,meera159@cit.edu.in,"99 Gandhi Road",Delhi,Maharashtra,672861,"Rahul Rao",9961511984,2022,C,8,"Chennai Institute of Technology",Active
160,"Aditya Rao",AIDS,2,Female,2005-10-13,AB-,9992868127,aditya160@cit.edu.in,"34 Gandhi Road",Bengaluru,Delhi,623298,"Sanya Rao",9915892487,2024,B,3,"Chennai Institute of Technology",Active
161,"Ananya Mehta",CIVIL,3,Female,2003-07-13,AB+,9082694563,ananya161@cit.edu.in,"84 Gandhi Road",Pune,Telangana,632098,"Vikram Mehta",9599486029,2023,D,6,"Chennai Institute of Technology",Active
162,"Diya Sharma",AIDS,2,Male,2003-05-16,AB-,9323059959,diya162@cit.edu.in,"80 Gandhi Road",Chennai,Maharashtra,685412,"Diya Sharma",9064211856,2024,C,3,"Chennai Institute of Technology",Active
163,"Ananya Kumar",AIDS,4,Male,2006-01-08,A+,9608209557,ananya163@cit.edu.in,"94 Gandhi Road",Bengaluru,Telangana,673842,"Priya Kumar",9311950150,2022,A,8,"Chennai Institute of Technology",Active
164,"Aarav Joshi",CSE,2,Male,2005-12-17,AB+,9282368665,aarav164@cit.edu.in,"84 Gandhi Road",Pune,Karnataka,689824,"Rahul Joshi",9494378671,2024,A,4,"Chennai Institute of Technology",Active
165,"Karan Verma",IT,4,Male,2006-10-23,O+,9194242813,karan165@cit.edu.in,"84 Gandhi Road",Bengaluru,West Bengal,629560,"Kavya Verma",9955293898,2022,D,7,"Chennai Institute of Technology",Active
166,"Arjun Singh",MECH,2,Female,2004-04-19,AB-,9289990134,arjun166@cit.edu.in,"81 Gandhi Road",Pune,Telangana,606004,"Sanya Singh",9973857144,2024,A,3,"Chennai Institute of Technology",Active
167,"Diya Reddy",EEE,2,Male,2005-03-25,B-,9021383452,diya167@cit.edu.in,"54 Gandhi Road",Chennai,Delhi,693578,"Arjun Reddy",9673019996,2024,A,4,"Chennai Institute of Technology",Active
168,"Rahul Rao",MECH,1,Male,2002-06-17,O+,9890078009,rahul168@cit.edu.in,"64 Gandhi Road",Kolkata,Telangana,613607,"Meera Rao",9354521803,2025,D,2,"Chennai Institute of Technology",Active
169,"Sanya Patel",IT,2,Female,2005-11-20,A+,9626874800,sanya169@cit.edu.in,"41 Gandhi Road",Chennai,Tamil Nadu,628858,"Aditya Patel",9361310889,2024,B,4,"Chennai Institute of Technology",Active
170,"Aditya Sharma",AIML,4,Female,2005-11-16,O+,9517764755,aditya170@cit.edu.in,"31 Gandhi Road",Chennai,West Bengal,616329,"Sanya Sharma",9543775411,2022,B,7,"Chennai Institute of Technology",Active
171,"Neha Reddy",IT,4,Male,2003-09-03,B+,9047348105,neha171@cit.edu.in,"29 Gandhi Road",Chennai,Tamil Nadu,699291,"Neha Reddy",9822777343,2022,C,8,"Chennai Institute of Technology",Active
172,"Rohan Verma",CSE,2,Male,2002-05-26,B+,9032697758,rohan172@cit.edu.in,"14 Gandhi Road",Bengaluru,Tamil Nadu,607324,"Neha Verma",9195388642,2024,D,4,"Chennai Institute of Technology",Active
173,"Arjun Mehta",IT,4,Female,2003-08-15,O-,9788035215,arjun173@cit.edu.in,"94 Gandhi Road",Bengaluru,Maharashtra,685968,"Priya Mehta",9551961536,2022,D,8,"Chennai Institute of Technology",Active
174,"Priya Sharma",CIVIL,1,Male,2004-12-15,A+,9361733042,priya174@cit.edu.in,"22 Gandhi Road",Bengaluru,Karnataka,614066,"Arjun Sharma",9759583713,2025,B,2,"Chennai Institute of Technology",Active
175,"Pooja Sharma",CSE,2,Male,2006-10-27,O+,9146913869,pooja175@cit.edu.in,"58 Gandhi Road",Mumbai,Maharashtra,699062,"Diya Sharma",9397756392,2024,C,3,"Chennai Institute of Technology",Active
176,"Meera Kumar",CIVIL,1,Female,2006-12-20,B-,9202236008,meera176@cit.edu.in,"57 Gandhi Road",Bengaluru,Delhi,691585,"Sanya Kumar",9388998354,2025,A,1,"Chennai Institute of Technology",Active
177,"Ananya Gupta",CSE,3,Male,2006-05-13,O+,9478766633,ananya177@cit.edu.in,"25 Gandhi Road",Bengaluru,West Bengal,673468,"Aditya Gupta",9971432110,2023,D,5,"Chennai Institute of Technology",Active
178,"Priya Patel",ECE,1,Female,2002-12-09,B-,9976595535,priya178@cit.edu.in,"76 Gandhi Road",Mumbai,West Bengal,607243,"Sanya Patel",9730282803,2025,C,2,"Chennai Institute of Technology",Active
179,"Pooja Gupta",EEE,3,Female,2002-12-25,A+,9179730646,pooja179@cit.edu.in,"60 Gandhi Road",Chennai,Karnataka,689618,"Diya Gupta",9499834498,2023,A,6,"Chennai Institute of Technology",Active
180,"Meera Kumar",ECE,3,Male,2003-07-18,O-,9263221407,meera180@cit.edu.in,"13 Gandhi Road",Pune,Delhi,604972,"Rahul Kumar",9310451617,2023,A,5,"Chennai Institute of Technology",Active
181,"Rahul Singh",CSE,3,Female,2004-12-16,B-,9939183472,rahul181@cit.edu.in,"96 Gandhi Road",Chennai,Telangana,657967,"Rahul Singh",9436522527,2023,B,6,"Chennai Institute of Technology",Active
182,"Vikram Kumar",CSE,1,Male,2006-08-09,B-,9285007199,vikram182@cit.edu.in,"82 Gandhi Road",Delhi,Karnataka,683708,"Ananya Kumar",9401956795,2025,A,1,"Chennai Institute of Technology",Active
183,"Kavya Patel",CSE,3,Male,2005-09-01,AB-,9293582647,kavya183@cit.edu.in,"40 Gandhi Road",Delhi,Maharashtra,637670,"Kavya Patel",9535046848,2023,C,5,"Chennai Institute of Technology",Active
184,"Diya Chopra",IT,3,Male,2002-11-12,O-,9057373493,diya184@cit.edu.in,"76 Gandhi Road",Delhi,Maharashtra,646013,"Kavya Chopra",9991445796,2023,D,6,"Chennai Institute of Technology",Active
185,"Vikram Patel",ECE,4,Female,2004-04-03,B-,9001124463,vikram185@cit.edu.in,"67 Gandhi Road",Hyderabad,West Bengal,636471,"Aarav Patel",9521167147,2022,C,7,"Chennai Institute of Technology",Active
186,"Rohan Mehta",MECH,3,Male,2002-10-21,A+,9815162274,rohan186@cit.edu.in,"56 Gandhi Road",Mumbai,Maharashtra,684347,"Priya Mehta",9177613975,2023,B,5,"Chennai Institute of Technology",Active
187,"Aditya Joshi",AIML,2,Female,2006-02-21,B-,9361535095,aditya187@cit.edu.in,"63 Gandhi Road",Kolkata,West Bengal,602651,"Aarav Joshi",9555350388,2024,B,3,"Chennai Institute of Technology",Active
188,"Aditya Kumar",EEE,1,Male,2002-10-05,A-,9685757268,aditya188@cit.edu.in,"99 Gandhi Road",Kolkata,Maharashtra,657700,"Kavya Kumar",9301768733,2025,B,2,"Chennai Institute of Technology",Active
189,"Aarav Mehta",CIVIL,1,Female,2002-01-19,O+,9439870015,aarav189@cit.edu.in,"72 Gandhi Road",Delhi,West Bengal,697021,"Kavya Mehta",9485292058,2025,B,1,"Chennai Institute of Technology",Active
190,"Kavya Reddy",AIML,3,Male,2003-12-25,B-,9369814685,kavya190@cit.edu.in,"93 Gandhi Road",Chennai,Tamil Nadu,675634,"Karan Reddy",9677712311,2023,D,6,"Chennai Institute of Technology",Active
191,"Karan Singh",AIDS,4,Female,2003-02-25,O-,9944944741,karan191@cit.edu.in,"86 Gandhi Road",Pune,Telangana,614180,"Rahul Singh",9357820622,2022,D,8,"Chennai Institute of Technology",Active
192,"Karan Kumar",CIVIL,4,Male,2003-01-25,B+,9927147456,karan192@cit.edu.in,"46 Gandhi Road",Mumbai,Karnataka,673876,"Meera Kumar",9240935957,2022,D,7,"Chennai Institute of Technology",Active
193,"Sanya Gupta",ECE,3,Female,2005-02-08,AB+,9769013073,sanya193@cit.edu.in,"14 Gandhi Road",Pune,Delhi,619666,"Diya Gupta",9774166762,2023,D,5,"Chennai Institute of Technology",Active
194,"Pooja Gupta",ECE,3,Female,2006-04-10,O+,9080173591,pooja194@cit.edu.in,"85 Gandhi Road",Chennai,Tamil Nadu,632881,"Priya Gupta",9803308342,2023,A,6,"Chennai Institute of Technology",Active
195,"Varun Singh",AIML,4,Male,2002-06-14,A-,9291275284,varun195@cit.edu.in,"95 Gandhi Road",Bengaluru,Maharashtra,634326,"Neha Singh",9259939762,2022,B,7,"Chennai Institute of Technology",Active
196,"Meera Rao",AIDS,2,Male,2003-06-01,A+,9756309576,meera196@cit.edu.in,"66 Gandhi Road",Pune,Karnataka,656891,"Varun Rao",9692149130,2024,B,3,"Chennai Institute of Technology",Active
197,"Vikram Chopra",CSE,1,Male,2003-04-01,O+,9412878093,vikram197@cit.edu.in,"84 Gandhi Road",Pune,Telangana,605110,"Sanya Chopra",9060762601,2025,D,2,"Chennai Institute of Technology",Active
198,"Priya Sharma",ECE,1,Male,2004-08-27,B-,9417935518,priya198@cit.edu.in,"72 Gandhi Road",Kolkata,Tamil Nadu,642694,"Pooja Sharma",9119128978,2025,C,1,"Chennai Institute of Technology",Active
199,"Ananya Joshi",ECE,3,Male,2005-09-12,O+,9698306062,ananya199@cit.edu.in,"35 Gandhi Road",Pune,Maharashtra,625280,"Meera Joshi",9701720855,2023,A,5,"Chennai Institute of Technology",Active
200,"Aarav Chopra",MECH,4,Female,2004-05-07,A-,9042126544,aarav200@cit.edu.in,"34 Gandhi Road",Delhi,Karnataka,655160,"Aditya Chopra",9474181048,2022,C,8,"Chennai Institute of Technology",Active
201,"Karan Joshi",CSE,2,Male,2004-06-12,A+,9764889107,karan201@cit.edu.in,"25 Gandhi Road",Delhi,Tamil Nadu,683302,"Rahul Joshi",9945194808,2024,B,4,"Chennai Institute of Technology",Active
202,"Neha Reddy",ECE,1,Male,2006-05-08,A-,9688351626,neha202@cit.edu.in,"55 Gandhi Road",Pune,Maharashtra,651501,"Neha Reddy",9106505874,2025,A,2,"Chennai Institute of Technology",Active
203,"Sanya Verma",AIDS,3,Female,2002-04-15,B+,9805464430,sanya203@cit.edu.in,"12 Gandhi Road",Bengaluru,Karnataka,693308,"Varun Verma",9515894909,2023,D,6,"Chennai Institute of Technology",Active
204,"Arjun Chopra",AIML,1,Male,2002-07-18,AB-,9173118028,arjun204@cit.edu.in,"18 Gandhi Road",Hyderabad,Karnataka,659944,"Ananya Chopra",9283487143,2025,B,2,"Chennai Institute of Technology",Active
205,"Sanya Kumar",CIVIL,2,Male,2003-12-24,A-,9642036765,sanya205@cit.edu.in,"43 Gandhi Road",Mumbai,Delhi,671327,"Varun Kumar",9003103925,2024,A,4,"Chennai Institute of Technology",Active
206,"Kavya Reddy",ECE,1,Male,2006-06-09,A+,9257170571,kavya206@cit.edu.in,"67 Gandhi Road",Pune,West Bengal,628100,"Meera Reddy",9033220107,2025,B,2,"Chennai Institute of Technology",Active
207,"Neha Patel",IT,1,Male,2003-07-15,A-,9473150951,neha207@cit.edu.in,"34 Gandhi Road",Hyderabad,West Bengal,671609,"Varun Patel",9991536787,2025,A,2,"Chennai Institute of Technology",Active
208,"Vikram Reddy",MECH,3,Male,2006-04-15,AB+,9260196087,vikram208@cit.edu.in,"33 Gandhi Road",Kolkata,West Bengal,607903,"Sanya Reddy",9972456665,2023,D,5,"Chennai Institute of Technology",Active
209,"Pooja Nair",EEE,1,Female,2006-08-27,AB-,9147733857,pooja209@cit.edu.in,"49 Gandhi Road",Delhi,Delhi,690239,"Vikram Nair",9651214578,2025,A,1,"Chennai Institute of Technology",Active
210,"Diya Gupta",EEE,4,Male,2002-01-20,A+,9768362254,diya210@cit.edu.in,"80 Gandhi Road",Kolkata,Karnataka,642626,"Pooja Gupta",9104429500,2022,D,8,"Chennai Institute of Technology",Active
211,"Meera Chopra",AIML,4,Male,2002-11-24,AB+,9274204825,meera211@cit.edu.in,"33 Gandhi Road",Hyderabad,Tamil Nadu,634053,"Vikram Chopra",9655812404,2022,C,8,"Chennai Institute of Technology",Active
212,"Vikram Mehta",MECH,1,Male,2006-05-20,B+,9604001115,vikram212@cit.edu.in,"22 Gandhi Road",Hyderabad,Telangana,602694,"Aditya Mehta",9982684583,2025,A,1,"Chennai Institute of Technology",Active
213,"Kavya Singh",IT,1,Female,2002-01-26,B+,9478964580,kavya213@cit.edu.in,"69 Gandhi Road",Pune,Karnataka,699415,"Rohan Singh",9127611079,2025,B,2,"Chennai Institute of Technology",Active
214,"Sanya Rao",EEE,4,Female,2003-03-25,A-,9477289034,sanya214@cit.edu.in,"90 Gandhi Road",Pune,Karnataka,662781,"Pooja Rao",9880211364,2022,B,8,"Chennai Institute of Technology",Active
215,"Sanya Mehta",IT,1,Female,2006-10-16,O+,9175141185,sanya215@cit.edu.in,"84 Gandhi Road",Chennai,Tamil Nadu,688407,"Priya Mehta",9233109960,2025,C,2,"Chennai Institute of Technology",Active
216,"Priya Nair",EEE,4,Male,2005-05-20,A-,9382767530,priya216@cit.edu.in,"70 Gandhi Road",Mumbai,West Bengal,677335,"Rohan Nair",9377501641,2022,A,8,"Chennai Institute of Technology",Active
217,"Priya Singh",AIML,3,Female,2006-09-23,B+,9287080679,priya217@cit.edu.in,"15 Gandhi Road",Bengaluru,Telangana,679253,"Vikram Singh",9692622529,2023,C,6,"Chennai Institute of Technology",Active
218,"Ananya Nair",EEE,3,Female,2003-10-02,AB-,9116520128,ananya218@cit.edu.in,"24 Gandhi Road",Hyderabad,Tamil Nadu,605416,"Diya Nair",9570671686,2023,D,5,"Chennai Institute of Technology",Active
219,"Meera Kumar",CSE,1,Male,2005-11-24,A+,9178104177,meera219@cit.edu.in,"87 Gandhi Road",Kolkata,Tamil Nadu,635944,"Arjun Kumar",9153165197,2025,C,1,"Chennai Institute of Technology",Active
220,"Diya Gupta",ECE,4,Male,2003-03-03,O-,9181385987,diya220@cit.edu.in,"24 Gandhi Road",Chennai,Telangana,650491,"Meera Gupta",9376460954,2022,C,7,"Chennai Institute of Technology",Active
221,"Karan Mehta",EEE,3,Female,2004-12-28,B+,9587900196,karan221@cit.edu.in,"97 Gandhi Road",Hyderabad,Delhi,602187,"Meera Mehta",9443502428,2023,B,5,"Chennai Institute of Technology",Active
222,"Pooja Gupta",AIDS,4,Male,2003-07-03,AB-,9876272504,pooja222@cit.edu.in,"16 Gandhi Road",Mumbai,West Bengal,624325,"Sanya Gupta",9142899941,2022,A,7,"Chennai Institute of Technology",Active
223,"Arjun Reddy",AIML,2,Female,2002-06-06,AB+,9241112538,arjun223@cit.edu.in,"98 Gandhi Road",Pune,Telangana,668255,"Neha Reddy",9909962194,2024,B,4,"Chennai Institute of Technology",Active
224,"Rahul Sharma",AIDS,1,Female,2006-05-18,A-,9433790636,rahul224@cit.edu.in,"46 Gandhi Road",Delhi,Telangana,620739,"Pooja Sharma",9429123927,2025,C,2,"Chennai Institute of Technology",Active
225,"Pooja Joshi",EEE,3,Female,2004-12-04,A+,9362742542,pooja225@cit.edu.in,"80 Gandhi Road",Mumbai,Tamil Nadu,637274,"Kavya Joshi",9579264329,2023,B,6,"Chennai Institute of Technology",Active
226,"Sanya Reddy",CSE,2,Male,2006-11-14,O+,9688990537,sanya226@cit.edu.in,"86 Gandhi Road",Delhi,Maharashtra,628130,"Diya Reddy",9346198471,2024,A,3,"Chennai Institute of Technology",Active
227,"Karan Kumar",ECE,2,Female,2006-11-23,A+,9869958531,karan227@cit.edu.in,"83 Gandhi Road",Chennai,Karnataka,682790,"Varun Kumar",9922996791,2024,A,4,"Chennai Institute of Technology",Active
228,"Ananya Verma",ECE,1,Male,2005-08-04,B+,9884809046,ananya228@cit.edu.in,"91 Gandhi Road",Bengaluru,Maharashtra,600888,"Vikram Verma",9714209632,2025,B,2,"Chennai Institute of Technology",Active
229,"Aarav Nair",CSE,2,Male,2004-11-22,AB-,9187358867,aarav229@cit.edu.in,"92 Gandhi Road",Chennai,Maharashtra,670634,"Sanya Nair",9818636201,2024,A,3,"Chennai Institute of Technology",Active
230,"Rohan Reddy",CIVIL,4,Female,2003-07-23,O-,9436075536,rohan230@cit.edu.in,"28 Gandhi Road",Chennai,Tamil Nadu,650951,"Ananya Reddy",9951792758,2022,D,8,"Chennai Institute of Technology",Active
231,"Karan Gupta",EEE,3,Female,2006-02-23,AB+,9662312721,karan231@cit.edu.in,"56 Gandhi Road",Bengaluru,Maharashtra,682315,"Aditya Gupta",9708698862,2023,C,6,"Chennai Institute of Technology",Active
232,"Rohan Kumar",CSE,3,Female,2003-04-14,AB-,9285245534,rohan232@cit.edu.in,"91 Gandhi Road",Delhi,West Bengal,683854,"Pooja Kumar",9637013110,2023,C,6,"Chennai Institute of Technology",Active
233,"Priya Singh",AIML,4,Female,2004-10-04,AB-,9994683867,priya233@cit.edu.in,"43 Gandhi Road",Hyderabad,Maharashtra,658989,"Priya Singh",9205656656,2022,D,7,"Chennai Institute of Technology",Active
234,"Diya Reddy",AIML,2,Female,2002-09-26,B-,9589384693,diya234@cit.edu.in,"68 Gandhi Road",Mumbai,West Bengal,625386,"Aditya Reddy",9763612666,2024,D,4,"Chennai Institute of Technology",Active
235,"Arjun Kumar",CIVIL,4,Female,2005-12-27,O+,9941350399,arjun235@cit.edu.in,"98 Gandhi Road",Delhi,Tamil Nadu,613506,"Pooja Kumar",9449266414,2022,A,8,"Chennai Institute of Technology",Active
236,"Vikram Patel",ECE,4,Male,2005-05-17,O-,9058307432,vikram236@cit.edu.in,"37 Gandhi Road",Chennai,Tamil Nadu,615063,"Karan Patel",9221567201,2022,B,8,"Chennai Institute of Technology",Active
237,"Vikram Chopra",ECE,3,Male,2002-04-21,A+,9559378540,vikram237@cit.edu.in,"17 Gandhi Road",Hyderabad,West Bengal,686477,"Rohan Chopra",9476269761,2023,C,6,"Chennai Institute of Technology",Active
238,"Aditya Sharma",MECH,1,Male,2005-01-18,A-,9525127737,aditya238@cit.edu.in,"46 Gandhi Road",Delhi,Tamil Nadu,670288,"Arjun Sharma",9028327910,2025,A,1,"Chennai Institute of Technology",Active
239,"Karan Singh",AIDS,4,Female,2003-11-22,B+,9121948490,karan239@cit.edu.in,"94 Gandhi Road",Hyderabad,Karnataka,662378,"Kavya Singh",9424285403,2022,A,8,"Chennai Institute of Technology",Active
240,"Karan Patel",MECH,1,Female,2002-05-16,A+,9461207556,karan240@cit.edu.in,"44 Gandhi Road",Bengaluru,Delhi,640662,"Karan Patel",9530796621,2025,B,2,"Chennai Institute of Technology",Active
241,"Rohan Reddy",AIML,2,Male,2005-09-18,A+,9960872271,rohan241@cit.edu.in,"74 Gandhi Road",Hyderabad,Telangana,624809,"Kavya Reddy",9567208968,2024,B,3,"Chennai Institute of Technology",Active
242,"Meera Rao",EEE,3,Male,2005-05-10,AB+,9968440074,meera242@cit.edu.in,"16 Gandhi Road",Kolkata,Delhi,657398,"Rahul Rao",9174781542,2023,D,5,"Chennai Institute of Technology",Active
243,"Kavya Patel",EEE,1,Male,2004-08-03,A+,9920766469,kavya243@cit.edu.in,"83 Gandhi Road",Pune,Telangana,657979,"Arjun Patel",9851627267,2025,B,1,"Chennai Institute of Technology",Active
244,"Kavya Joshi",CIVIL,4,Female,2002-03-20,O-,9143339722,kavya244@cit.edu.in,"26 Gandhi Road",Chennai,Tamil Nadu,608014,"Neha Joshi",9376809125,2022,C,8,"Chennai Institute of Technology",Active
245,"Aarav Kumar",MECH,4,Male,2006-06-28,AB-,9958835472,aarav245@cit.edu.in,"22 Gandhi Road",Hyderabad,Karnataka,649769,"Vikram Kumar",9584797305,2022,A,7,"Chennai Institute of Technology",Active
246,"Priya Gupta",MECH,1,Male,2002-07-07,O+,9324636007,priya246@cit.edu.in,"18 Gandhi Road",Kolkata,West Bengal,625078,"Karan Gupta",9582207940,2025,A,1,"Chennai Institute of Technology",Active
247,"Karan Nair",AIDS,2,Female,2006-10-01,O+,9207213870,karan247@cit.edu.in,"72 Gandhi Road",Chennai,Delhi,673085,"Vikram Nair",9695485304,2024,D,4,"Chennai Institute of Technology",Active
248,"Pooja Singh",CIVIL,2,Male,2002-10-06,O-,9757544629,pooja248@cit.edu.in,"58 Gandhi Road",Delhi,Karnataka,663937,"Ananya Singh",9404208131,2024,A,3,"Chennai Institute of Technology",Active
249,"Rahul Joshi",IT,3,Female,2002-06-15,AB-,9790862284,rahul249@cit.edu.in,"60 Gandhi Road",Delhi,Maharashtra,658392,"Aditya Joshi",9113983491,2023,C,5,"Chennai Institute of Technology",Active
250,"Meera Reddy",AIML,1,Female,2006-06-11,AB+,9628091105,meera250@cit.edu.in,"36 Gandhi Road",Pune,Maharashtra,695117,"Aarav Reddy",9998815626,2025,B,2,"Chennai Institute of Technology",Active
251,"Aarav Sharma",MECH,3,Male,2005-01-15,AB+,9714381632,aarav251@cit.edu.in,"43 Gandhi Road",Hyderabad,West Bengal,691233,"Neha Sharma",9666971074,2023,D,6,"Chennai Institute of Technology",Active
252,"Rahul Kumar",IT,3,Female,2004-10-01,O-,9505705148,rahul252@cit.edu.in,"51 Gandhi Road",Kolkata,Delhi,648680,"Diya Kumar",9076924398,2023,A,6,"Chennai Institute of Technology",Active
253,"Pooja Sharma",EEE,3,Male,2002-11-24,O+,9707161000,pooja253@cit.edu.in,"56 Gandhi Road",Chennai,Tamil Nadu,636821,"Pooja Sharma",9444086486,2023,C,5,"Chennai Institute of Technology",Active
254,"Aditya Rao",EEE,1,Female,2003-08-08,A+,9575472547,aditya254@cit.edu.in,"81 Gandhi Road",Mumbai,Delhi,618880,"Vikram Rao",9197525713,2025,D,2,"Chennai Institute of Technology",Active
255,"Rohan Verma",CSE,4,Female,2003-06-27,O-,9349590621,rohan255@cit.edu.in,"62 Gandhi Road",Chennai,West Bengal,650490,"Neha Verma",9712762058,2022,A,8,"Chennai Institute of Technology",Active
256,"Karan Joshi",EEE,3,Female,2006-04-02,B-,9139533070,karan256@cit.edu.in,"42 Gandhi Road",Hyderabad,Delhi,608513,"Meera Joshi",9089098660,2023,B,5,"Chennai Institute of Technology",Active
257,"Pooja Reddy",ECE,4,Female,2002-01-11,AB-,9137749524,pooja257@cit.edu.in,"69 Gandhi Road",Kolkata,Karnataka,619977,"Rahul Reddy",9584873892,2022,C,7,"Chennai Institute of Technology",Active
258,"Neha Singh",CIVIL,3,Female,2004-03-09,B+,9338152371,neha258@cit.edu.in,"82 Gandhi Road",Delhi,Tamil Nadu,663526,"Rohan Singh",9722590343,2023,A,5,"Chennai Institute of Technology",Active
259,"Rohan Kumar",AIML,4,Female,2002-05-19,B-,9492678547,rohan259@cit.edu.in,"56 Gandhi Road",Pune,Karnataka,623580,"Ananya Kumar",9484522266,2022,A,8,"Chennai Institute of Technology",Active
260,"Arjun Chopra",AIDS,4,Male,2004-01-18,B-,9959028821,arjun260@cit.edu.in,"16 Gandhi Road",Kolkata,Telangana,670948,"Arjun Chopra",9821694032,2022,D,8,"Chennai Institute of Technology",Active
261,"Arjun Gupta",EEE,4,Male,2004-11-07,O-,9921130252,arjun261@cit.edu.in,"43 Gandhi Road",Kolkata,West Bengal,652195,"Rohan Gupta",9609519585,2022,D,8,"Chennai Institute of Technology",Active
262,"Kavya Singh",IT,4,Male,2004-04-19,O+,9049871405,kavya262@cit.edu.in,"25 Gandhi Road",Chennai,Delhi,621655,"Varun Singh",9990413738,2022,A,8,"Chennai Institute of Technology",Active
263,"Meera Gupta",EEE,1,Male,2006-10-12,AB-,9187188760,meera263@cit.edu.in,"16 Gandhi Road",Bengaluru,Telangana,605497,"Aarav Gupta",9176155937,2025,B,2,"Chennai Institute of Technology",Active
264,"Karan Verma",EEE,3,Male,2002-10-23,O+,9871327477,karan264@cit.edu.in,"15 Gandhi Road",Bengaluru,Delhi,607248,"Aditya Verma",9651051860,2023,A,6,"Chennai Institute of Technology",Active
265,"Vikram Sharma",CSE,3,Female,2003-04-13,O-,9608006659,vikram265@cit.edu.in,"59 Gandhi Road",Chennai,West Bengal,684071,"Varun Sharma",9636052217,2023,C,6,"Chennai Institute of Technology",Active
266,"Neha Sharma",CSE,2,Female,2006-05-14,O-,9669278602,neha266@cit.edu.in,"76 Gandhi Road",Mumbai,Delhi,609936,"Diya Sharma",9203156055,2024,A,3,"Chennai Institute of Technology",Active
267,"Ananya Chopra",EEE,4,Female,2002-12-25,AB+,9975081836,ananya267@cit.edu.in,"26 Gandhi Road",Bengaluru,Delhi,632433,"Meera Chopra",9922084058,2022,D,8,"Chennai Institute of Technology",Active
268,"Priya Singh",AIML,3,Female,2006-06-08,O-,9682209067,priya268@cit.edu.in,"17 Gandhi Road",Hyderabad,Delhi,672344,"Neha Singh",9433517114,2023,D,5,"Chennai Institute of Technology",Active
269,"Ananya Rao",AIDS,2,Female,2006-03-13,AB+,9490266191,ananya269@cit.edu.in,"31 Gandhi Road",Pune,Telangana,602001,"Sanya Rao",9533984631,2024,C,4,"Chennai Institute of Technology",Active
270,"Priya Mehta",IT,4,Female,2004-10-22,A-,9376784719,priya270@cit.edu.in,"17 Gandhi Road",Kolkata,Karnataka,653466,"Rahul Mehta",9062194446,2022,D,8,"Chennai Institute of Technology",Active
271,"Varun Gupta",IT,2,Female,2003-04-05,O-,9152768822,varun271@cit.edu.in,"31 Gandhi Road",Chennai,West Bengal,627817,"Rohan Gupta",9344264793,2024,D,3,"Chennai Institute of Technology",Active
272,"Diya Reddy",EEE,1,Male,2006-09-02,A-,9911948143,diya272@cit.edu.in,"24 Gandhi Road",Pune,Maharashtra,665528,"Aarav Reddy",9482000196,2025,D,2,"Chennai Institute of Technology",Active
273,"Rohan Nair",AIDS,2,Male,2005-02-28,A-,9855489855,rohan273@cit.edu.in,"52 Gandhi Road",Mumbai,Delhi,646420,"Vikram Nair",9459531742,2024,A,4,"Chennai Institute of Technology",Active
274,"Sanya Mehta",ECE,2,Male,2005-02-22,O+,9423175860,sanya274@cit.edu.in,"16 Gandhi Road",Delhi,West Bengal,686191,"Ananya Mehta",9050373506,2024,A,4,"Chennai Institute of Technology",Active
275,"Priya Chopra",CIVIL,3,Male,2006-08-10,B-,9036101940,priya275@cit.edu.in,"22 Gandhi Road",Chennai,Tamil Nadu,677585,"Rahul Chopra",9833473185,2023,B,6,"Chennai Institute of Technology",Active
276,"Kavya Patel",IT,4,Male,2006-01-08,B-,9614829213,kavya276@cit.edu.in,"66 Gandhi Road",Hyderabad,West Bengal,628477,"Sanya Patel",9370548277,2022,C,8,"Chennai Institute of Technology",Active
277,"Meera Chopra",ECE,2,Male,2006-04-27,B+,9099307387,meera277@cit.edu.in,"54 Gandhi Road",Kolkata,Tamil Nadu,671722,"Aditya Chopra",9911547159,2024,B,4,"Chennai Institute of Technology",Active
278,"Aditya Kumar",AIML,1,Male,2004-05-28,B+,9707087219,aditya278@cit.edu.in,"56 Gandhi Road",Delhi,Maharashtra,670722,"Kavya Kumar",9437527941,2025,B,1,"Chennai Institute of Technology",Active
279,"Karan Nair",AIML,3,Female,2002-12-20,B+,9428092581,karan279@cit.edu.in,"97 Gandhi Road",Kolkata,Karnataka,646075,"Aarav Nair",9107240022,2023,C,5,"Chennai Institute of Technology",Active
280,"Rohan Joshi",CSE,4,Female,2002-11-01,B+,9562784109,rohan280@cit.edu.in,"30 Gandhi Road",Delhi,Tamil Nadu,604105,"Karan Joshi",9700447590,2022,D,8,"Chennai Institute of Technology",Active
281,"Varun Chopra",AIDS,3,Male,2006-04-22,AB-,9266601873,varun281@cit.edu.in,"48 Gandhi Road",Bengaluru,West Bengal,658803,"Varun Chopra",9297806325,2023,B,5,"Chennai Institute of Technology",Active
282,"Neha Nair",IT,1,Female,2003-04-04,B+,9518103138,neha282@cit.edu.in,"97 Gandhi Road",Kolkata,West Bengal,669658,"Neha Nair",9658761162,2025,A,2,"Chennai Institute of Technology",Active
283,"Meera Patel",MECH,2,Female,2006-06-05,A+,9664674619,meera283@cit.edu.in,"53 Gandhi Road",Chennai,Karnataka,686346,"Aarav Patel",9755378958,2024,B,3,"Chennai Institute of Technology",Active
284,"Meera Kumar",AIML,4,Female,2003-09-02,AB+,9244357155,meera284@cit.edu.in,"92 Gandhi Road",Delhi,Telangana,683795,"Diya Kumar",9165235746,2022,B,7,"Chennai Institute of Technology",Active
285,"Varun Reddy",IT,3,Male,2002-06-17,O-,9899223647,varun285@cit.edu.in,"79 Gandhi Road",Mumbai,West Bengal,650472,"Neha Reddy",9931711031,2023,D,5,"Chennai Institute of Technology",Active
286,"Sanya Mehta",EEE,2,Female,2003-06-25,O+,9374597094,sanya286@cit.edu.in,"42 Gandhi Road",Delhi,Maharashtra,694392,"Kavya Mehta",9652662288,2024,D,4,"Chennai Institute of Technology",Active
287,"Rohan Mehta",EEE,3,Male,2004-09-28,O-,9834926992,rohan287@cit.edu.in,"45 Gandhi Road",Kolkata,Karnataka,695522,"Pooja Mehta",9878401796,2023,B,6,"Chennai Institute of Technology",Active
288,"Karan Reddy",MECH,2,Female,2002-06-09,O+,9436407035,karan288@cit.edu.in,"80 Gandhi Road",Mumbai,Telangana,630780,"Meera Reddy",9271770082,2024,B,3,"Chennai Institute of Technology",Active
289,"Neha Reddy",EEE,1,Female,2003-08-18,B-,9604117390,neha289@cit.edu.in,"45 Gandhi Road",Pune,Maharashtra,638744,"Ananya Reddy",9519785534,2025,C,1,"Chennai Institute of Technology",Active
290,"Aarav Verma",IT,4,Female,2003-10-02,O+,9447170192,aarav290@cit.edu.in,"60 Gandhi Road",Kolkata,Delhi,657887,"Vikram Verma",9061691144,2022,C,8,"Chennai Institute of Technology",Active
291,"Neha Rao",ECE,1,Male,2006-11-10,A-,9009161238,neha291@cit.edu.in,"75 Gandhi Road",Bengaluru,Tamil Nadu,681298,"Priya Rao",9759339597,2025,C,1,"Chennai Institute of Technology",Active
292,"Vikram Kumar",AIML,3,Male,2005-04-12,B-,9789009885,vikram292@cit.edu.in,"15 Gandhi Road",Kolkata,Karnataka,614036,"Sanya Kumar",9703775671,2023,A,5,"Chennai Institute of Technology",Active
293,"Sanya Singh",AIDS,1,Female,2005-01-13,AB+,9739317837,sanya293@cit.edu.in,"23 Gandhi Road",Pune,Karnataka,629035,"Pooja Singh",9300352464,2025,D,1,"Chennai Institute of Technology",Active
294,"Ananya Kumar",AIML,4,Male,2003-05-11,A-,9729310178,ananya294@cit.edu.in,"13 Gandhi Road",Chennai,Telangana,641993,"Kavya Kumar",9824343029,2022,D,8,"Chennai Institute of Technology",Active
295,"Vikram Joshi",CIVIL,4,Male,2006-02-24,A+,9443301685,vikram295@cit.edu.in,"60 Gandhi Road",Pune,West Bengal,692165,"Aditya Joshi",9195877951,2022,D,7,"Chennai Institute of Technology",Active
296,"Aarav Chopra",AIDS,3,Male,2005-12-11,A+,9630906433,aarav296@cit.edu.in,"89 Gandhi Road",Delhi,Karnataka,621199,"Rahul Chopra",9195236359,2023,D,5,"Chennai Institute of Technology",Active
297,"Karan Sharma",CIVIL,3,Male,2005-05-24,O-,9626910455,karan297@cit.edu.in,"29 Gandhi Road",Pune,Maharashtra,687412,"Pooja Sharma",9217017492,2023,D,5,"Chennai Institute of Technology",Active
298,"Arjun Nair",CSE,3,Male,2005-10-01,AB-,9095241182,arjun298@cit.edu.in,"56 Gandhi Road",Pune,West Bengal,653510,"Priya Nair",9888331733,2023,D,5,"Chennai Institute of Technology",Active
299,"Aarav Verma",AIML,2,Female,2006-09-12,O-,9375542386,aarav299@cit.edu.in,"92 Gandhi Road",Chennai,Delhi,667942,"Arjun Verma",9812510663,2024,A,4,"Chennai Institute of Technology",Active
300,"Varun Mehta",AIDS,1,Female,2002-03-14,AB-,9498650812,varun300@cit.edu.in,"45 Gandhi Road",Delhi,Karnataka,660410,"Kavya Mehta",9718015250,2025,C,2,"Chennai Institute of Technology",Active
301,"Kavya Patel",IT,4,Female,2003-12-01,AB-,9598073701,kavya301@cit.edu.in,"56 Gandhi Road",Chennai,Karnataka,622291,"Varun Patel",9536559387,2022,C,8,"Chennai Institute of Technology",Active
302,"Diya Sharma",MECH,2,Female,2003-08-02,AB-,9349803267,diya302@cit.edu.in,"38 Gandhi Road",Mumbai,Tamil Nadu,609952,"Diya Sharma",9315276539,2024,D,3,"Chennai Institute of Technology",Active
303,"Neha Rao",ECE,2,Male,2003-01-04,A+,9575934469,neha303@cit.edu.in,"96 Gandhi Road",Bengaluru,Karnataka,633160,"Pooja Rao",9590651124,2024,A,4,"Chennai Institute of Technology",Active
304,"Rahul Patel",AIDS,2,Male,2003-12-12,AB+,9192979517,rahul304@cit.edu.in,"39 Gandhi Road",Mumbai,Tamil Nadu,638494,"Priya Patel",9531642138,2024,A,4,"Chennai Institute of Technology",Active
305,"Neha Patel",CIVIL,3,Female,2003-09-14,O-,9623400377,neha305@cit.edu.in,"21 Gandhi Road",Pune,Maharashtra,648855,"Rohan Patel",9672884222,2023,D,5,"Chennai Institute of Technology",Active
306,"Varun Nair",CSE,4,Male,2003-08-13,B+,9776895823,varun306@cit.edu.in,"25 Gandhi Road",Hyderabad,Maharashtra,622965,"Vikram Nair",9144465877,2022,C,7,"Chennai Institute of Technology",Active
307,"Meera Nair",AIML,2,Male,2005-04-12,A+,9511218826,meera307@cit.edu.in,"82 Gandhi Road",Hyderabad,Maharashtra,653004,"Varun Nair",9862648154,2024,D,3,"Chennai Institute of Technology",Active
308,"Priya Singh",AIDS,4,Male,2002-05-24,AB-,9401238765,priya308@cit.edu.in,"64 Gandhi Road",Kolkata,West Bengal,687036,"Karan Singh",9263925517,2022,B,8,"Chennai Institute of Technology",Active
309,"Varun Rao",EEE,1,Female,2003-10-11,B+,9472054265,varun309@cit.edu.in,"94 Gandhi Road",Bengaluru,Karnataka,676832,"Pooja Rao",9297179080,2025,C,1,"Chennai Institute of Technology",Active
310,"Diya Chopra",MECH,1,Female,2006-12-28,B-,9350987008,diya310@cit.edu.in,"79 Gandhi Road",Chennai,Delhi,681342,"Diya Chopra",9873421256,2025,D,1,"Chennai Institute of Technology",Active
311,"Diya Verma",MECH,2,Male,2004-08-01,O+,9123394042,diya311@cit.edu.in,"73 Gandhi Road",Pune,Maharashtra,664462,"Rahul Verma",9102053385,2024,B,4,"Chennai Institute of Technology",Active
312,"Vikram Patel",AIML,1,Female,2004-02-20,A-,9773911575,vikram312@cit.edu.in,"41 Gandhi Road",Kolkata,Karnataka,655973,"Meera Patel",9806942222,2025,A,1,"Chennai Institute of Technology",Active
313,"Aditya Patel",CSE,3,Female,2006-11-27,AB+,9813129814,aditya313@cit.edu.in,"23 Gandhi Road",Chennai,West Bengal,675280,"Ananya Patel",9012584609,2023,A,6,"Chennai Institute of Technology",Active
314,"Pooja Nair",IT,3,Female,2002-08-28,A+,9252994834,pooja314@cit.edu.in,"71 Gandhi Road",Delhi,West Bengal,649349,"Sanya Nair",9845971527,2023,C,5,"Chennai Institute of Technology",Active
315,"Aditya Reddy",IT,2,Male,2002-04-14,AB+,9513530219,aditya315@cit.edu.in,"28 Gandhi Road",Mumbai,Delhi,693982,"Sanya Reddy",9551609223,2024,C,3,"Chennai Institute of Technology",Active
316,"Priya Mehta",CIVIL,2,Female,2003-03-12,AB-,9484318826,priya316@cit.edu.in,"97 Gandhi Road",Mumbai,West Bengal,686139,"Rohan Mehta",9056039043,2024,B,4,"Chennai Institute of Technology",Active
317,"Vikram Reddy",IT,1,Female,2006-12-21,B+,9569726506,vikram317@cit.edu.in,"73 Gandhi Road",Pune,Telangana,650943,"Karan Reddy",9688430360,2025,A,1,"Chennai Institute of Technology",Active
318,"Priya Chopra",ECE,3,Male,2003-01-20,B-,9044121512,priya318@cit.edu.in,"74 Gandhi Road",Hyderabad,Maharashtra,698058,"Aditya Chopra",9692615860,2023,D,6,"Chennai Institute of Technology",Active
319,"Ananya Reddy",ECE,2,Female,2005-02-23,AB+,9899009381,ananya319@cit.edu.in,"63 Gandhi Road",Hyderabad,Tamil Nadu,645676,"Vikram Reddy",9842127584,2024,B,4,"Chennai Institute of Technology",Active
320,"Ananya Gupta",IT,3,Male,2002-01-24,AB+,9438540664,ananya320@cit.edu.in,"71 Gandhi Road",Hyderabad,Tamil Nadu,624021,"Meera Gupta",9224132833,2023,B,5,"Chennai Institute of Technology",Active
321,"Karan Reddy",AIDS,2,Male,2005-07-16,B+,9484068745,karan321@cit.edu.in,"27 Gandhi Road",Chennai,West Bengal,689348,"Pooja Reddy",9442129682,2024,B,4,"Chennai Institute of Technology",Active
322,"Sanya Gupta",EEE,1,Female,2002-08-28,A-,9496048256,sanya322@cit.edu.in,"86 Gandhi Road",Kolkata,West Bengal,636237,"Neha Gupta",9686463862,2025,B,1,"Chennai Institute of Technology",Active
323,"Ananya Gupta",AIDS,3,Male,2005-04-17,B-,9366222248,ananya323@cit.edu.in,"91 Gandhi Road",Hyderabad,Delhi,656685,"Diya Gupta",9567291803,2023,B,5,"Chennai Institute of Technology",Active
324,"Aarav Rao",EEE,2,Female,2006-08-28,AB+,9068575392,aarav324@cit.edu.in,"96 Gandhi Road",Delhi,Maharashtra,610724,"Neha Rao",9505970024,2024,D,4,"Chennai Institute of Technology",Active
325,"Diya Kumar",CSE,2,Male,2005-06-18,B+,9999135623,diya325@cit.edu.in,"44 Gandhi Road",Hyderabad,West Bengal,617366,"Aditya Kumar",9605309470,2024,A,3,"Chennai Institute of Technology",Active
326,"Arjun Singh",EEE,2,Male,2003-01-17,A+,9668341028,arjun326@cit.edu.in,"70 Gandhi Road",Pune,Maharashtra,657315,"Arjun Singh",9813111022,2024,C,4,"Chennai Institute of Technology",Active
327,"Vikram Singh",CSE,4,Female,2002-04-18,AB+,9426751167,vikram327@cit.edu.in,"11 Gandhi Road",Bengaluru,Tamil Nadu,601967,"Vikram Singh",9136326478,2022,C,8,"Chennai Institute of Technology",Active
328,"Diya Mehta",ECE,1,Male,2005-08-08,O-,9127311153,diya328@cit.edu.in,"39 Gandhi Road",Kolkata,Delhi,644985,"Rohan Mehta",9942237474,2025,B,2,"Chennai Institute of Technology",Active
329,"Sanya Singh",IT,1,Female,2002-11-11,O+,9380630985,sanya329@cit.edu.in,"23 Gandhi Road",Delhi,Karnataka,698344,"Neha Singh",9768195373,2025,D,1,"Chennai Institute of Technology",Active
330,"Meera Singh",AIDS,2,Female,2004-06-06,B+,9686485459,meera330@cit.edu.in,"81 Gandhi Road",Pune,West Bengal,651019,"Diya Singh",9254203468,2024,B,3,"Chennai Institute of Technology",Active
331,"Rahul Gupta",AIML,3,Male,2002-09-05,A+,9611557325,rahul331@cit.edu.in,"73 Gandhi Road",Hyderabad,Delhi,626995,"Vikram Gupta",9322146177,2023,C,6,"Chennai Institute of Technology",Active
332,"Ananya Rao",MECH,4,Female,2004-02-09,B+,9819639758,ananya332@cit.edu.in,"28 Gandhi Road",Mumbai,Telangana,689696,"Neha Rao",9132739909,2022,A,8,"Chennai Institute of Technology",Active
333,"Varun Verma",CIVIL,3,Female,2005-07-08,A-,9061755549,varun333@cit.edu.in,"23 Gandhi Road",Mumbai,West Bengal,613479,"Ananya Verma",9360979481,2023,D,5,"Chennai Institute of Technology",Active
334,"Diya Gupta",AIDS,2,Female,2003-06-12,A-,9280727622,diya334@cit.edu.in,"45 Gandhi Road",Chennai,Karnataka,610044,"Sanya Gupta",9195080958,2024,D,3,"Chennai Institute of Technology",Active
335,"Ananya Kumar",AIML,4,Female,2006-07-11,O+,9042851049,ananya335@cit.edu.in,"27 Gandhi Road",Mumbai,Delhi,679343,"Diya Kumar",9040975385,2022,A,8,"Chennai Institute of Technology",Active
336,"Priya Joshi",CSE,3,Male,2004-06-25,A+,9315015621,priya336@cit.edu.in,"99 Gandhi Road",Mumbai,Maharashtra,682331,"Priya Joshi",9565387872,2023,A,6,"Chennai Institute of Technology",Active
337,"Aarav Singh",AIML,4,Male,2003-05-19,B-,9913562769,aarav337@cit.edu.in,"46 Gandhi Road",Chennai,Karnataka,669705,"Sanya Singh",9262291683,2022,A,8,"Chennai Institute of Technology",Active
338,"Diya Singh",CIVIL,4,Male,2002-01-03,A-,9527944278,diya338@cit.edu.in,"98 Gandhi Road",Pune,West Bengal,691339,"Varun Singh",9745979769,2022,B,7,"Chennai Institute of Technology",Active
339,"Pooja Patel",CIVIL,2,Male,2004-03-10,A-,9203738271,pooja339@cit.edu.in,"63 Gandhi Road",Hyderabad,Delhi,619538,"Arjun Patel",9166464425,2024,A,3,"Chennai Institute of Technology",Active
340,"Rahul Kumar",CIVIL,4,Male,2004-02-23,O+,9484591358,rahul340@cit.edu.in,"57 Gandhi Road",Kolkata,Maharashtra,653259,"Kavya Kumar",9114227938,2022,D,8,"Chennai Institute of Technology",Active
341,"Diya Kumar",CIVIL,2,Female,2003-01-23,A+,9301993065,diya341@cit.edu.in,"65 Gandhi Road",Hyderabad,Tamil Nadu,635880,"Ananya Kumar",9508198911,2024,C,3,"Chennai Institute of Technology",Active
342,"Sanya Sharma",MECH,2,Male,2003-01-02,A+,9966171448,sanya342@cit.edu.in,"60 Gandhi Road",Mumbai,Delhi,680435,"Vikram Sharma",9001226008,2024,D,4,"Chennai Institute of Technology",Active
343,"Priya Chopra",AIDS,1,Female,2003-03-08,O-,9477619733,priya343@cit.edu.in,"64 Gandhi Road",Mumbai,West Bengal,682506,"Pooja Chopra",9909318183,2025,C,1,"Chennai Institute of Technology",Active
344,"Kavya Chopra",MECH,1,Female,2005-09-17,AB-,9645090607,kavya344@cit.edu.in,"49 Gandhi Road",Hyderabad,West Bengal,635780,"Rahul Chopra",9006473985,2025,D,2,"Chennai Institute of Technology",Active
345,"Varun Nair",IT,3,Female,2004-12-06,AB-,9674802081,varun345@cit.edu.in,"98 Gandhi Road",Hyderabad,Delhi,686866,"Rohan Nair",9331763665,2023,D,6,"Chennai Institute of Technology",Active
346,"Pooja Singh",EEE,2,Male,2002-08-18,B-,9903211829,pooja346@cit.edu.in,"64 Gandhi Road",Pune,Karnataka,686764,"Karan Singh",9323431778,2024,D,3,"Chennai Institute of Technology",Active
347,"Aarav Reddy",IT,1,Female,2005-11-14,B-,9198208055,aarav347@cit.edu.in,"98 Gandhi Road",Kolkata,Delhi,601350,"Diya Reddy",9722458550,2025,A,2,"Chennai Institute of Technology",Active
348,"Meera Patel",EEE,4,Male,2002-04-21,AB-,9941660112,meera348@cit.edu.in,"86 Gandhi Road",Chennai,Maharashtra,652298,"Neha Patel",9002286967,2022,A,8,"Chennai Institute of Technology",Active
349,"Meera Verma",EEE,3,Female,2005-03-05,A-,9599138012,meera349@cit.edu.in,"16 Gandhi Road",Kolkata,Karnataka,661205,"Vikram Verma",9683817976,2023,D,5,"Chennai Institute of Technology",Active
350,"Karan Sharma",IT,1,Female,2003-10-22,A+,9218942447,karan350@cit.edu.in,"69 Gandhi Road",Hyderabad,Delhi,684579,"Aarav Sharma",9912843167,2025,D,2,"Chennai Institute of Technology",Active
351,"Arjun Patel",AIDS,3,Male,2006-05-04,AB+,9403483834,arjun351@cit.edu.in,"94 Gandhi Road",Hyderabad,Telangana,697139,"Priya Patel",9122989986,2023,D,6,"Chennai Institute of Technology",Active
352,"Aditya Nair",EEE,2,Male,2004-03-18,B-,9921426887,aditya352@cit.edu.in,"67 Gandhi Road",Pune,Karnataka,623358,"Neha Nair",9208480820,2024,B,4,"Chennai Institute of Technology",Active
353,"Varun Rao",ECE,1,Male,2004-10-07,O+,9220229894,varun353@cit.edu.in,"63 Gandhi Road",Delhi,Karnataka,686518,"Kavya Rao",9973804367,2025,C,1,"Chennai Institute of Technology",Active
354,"Rohan Gupta",AIDS,3,Female,2004-08-01,AB-,9270982731,rohan354@cit.edu.in,"92 Gandhi Road",Delhi,Telangana,626037,"Rohan Gupta",9522768265,2023,C,6,"Chennai Institute of Technology",Active
355,"Neha Mehta",AIML,3,Male,2005-10-12,B+,9890350310,neha355@cit.edu.in,"19 Gandhi Road",Kolkata,Delhi,664585,"Ananya Mehta",9099486459,2023,C,5,"Chennai Institute of Technology",Active
356,"Arjun Singh",AIML,2,Male,2005-07-10,AB-,9012725162,arjun356@cit.edu.in,"29 Gandhi Road",Chennai,Telangana,691714,"Ananya Singh",9052896245,2024,D,3,"Chennai Institute of Technology",Active
357,"Neha Nair",AIDS,3,Male,2002-03-20,A+,9059961474,neha357@cit.edu.in,"80 Gandhi Road",Delhi,Delhi,601929,"Aditya Nair",9381486031,2023,A,5,"Chennai Institute of Technology",Active
358,"Rahul Patel",AIDS,3,Male,2003-08-08,A-,9850297880,rahul358@cit.edu.in,"44 Gandhi Road",Mumbai,Maharashtra,667376,"Aarav Patel",9204077312,2023,B,5,"Chennai Institute of Technology",Active
359,"Aditya Mehta",IT,3,Female,2004-02-14,AB+,9945796078,aditya359@cit.edu.in,"69 Gandhi Road",Chennai,West Bengal,681462,"Rohan Mehta",9218857032,2023,A,5,"Chennai Institute of Technology",Active
360,"Neha Mehta",ECE,3,Male,2004-10-25,AB+,9496068111,neha360@cit.edu.in,"33 Gandhi Road",Bengaluru,Telangana,626429,"Sanya Mehta",9727208615,2023,C,5,"Chennai Institute of Technology",Active
361,"Ananya Patel",ECE,3,Female,2006-04-09,A-,9768726374,ananya361@cit.edu.in,"48 Gandhi Road",Chennai,Telangana,643723,"Sanya Patel",9259689650,2023,B,6,"Chennai Institute of Technology",Active
362,"Karan Rao",ECE,3,Female,2004-04-26,B+,9488866005,karan362@cit.edu.in,"59 Gandhi Road",Kolkata,Tamil Nadu,682680,"Neha Rao",9309601730,2023,D,6,"Chennai Institute of Technology",Active
363,"Rahul Sharma",AIDS,2,Female,2003-03-16,AB-,9977102842,rahul363@cit.edu.in,"89 Gandhi Road",Delhi,Telangana,629610,"Ananya Sharma",9211358989,2024,C,3,"Chennai Institute of Technology",Active
364,"Sanya Rao",CIVIL,2,Female,2003-01-27,A+,9267261351,sanya364@cit.edu.in,"94 Gandhi Road",Delhi,Maharashtra,661737,"Vikram Rao",9753593831,2024,C,3,"Chennai Institute of Technology",Active
365,"Aditya Gupta",EEE,4,Female,2005-10-28,A-,9814458076,aditya365@cit.edu.in,"84 Gandhi Road",Chennai,West Bengal,677509,"Sanya Gupta",9931785067,2022,C,7,"Chennai Institute of Technology",Active
366,"Neha Reddy",IT,2,Male,2002-02-10,B-,9618723956,neha366@cit.edu.in,"56 Gandhi Road",Mumbai,Tamil Nadu,665757,"Sanya Reddy",9898264192,2024,D,4,"Chennai Institute of Technology",Active
367,"Arjun Mehta",IT,2,Male,2006-05-18,A+,9694002794,arjun367@cit.edu.in,"80 Gandhi Road",Chennai,Karnataka,676446,"Diya Mehta",9442452667,2024,C,3,"Chennai Institute of Technology",Active
368,"Meera Nair",AIML,3,Male,2006-02-17,O-,9719079427,meera368@cit.edu.in,"69 Gandhi Road",Hyderabad,Telangana,638200,"Diya Nair",9346436724,2023,A,6,"Chennai Institute of Technology",Active
369,"Aditya Kumar",AIML,4,Male,2004-05-07,B-,9991104703,aditya369@cit.edu.in,"92 Gandhi Road",Pune,Maharashtra,640015,"Karan Kumar",9390482232,2022,A,7,"Chennai Institute of Technology",Active
370,"Ananya Kumar",MECH,3,Female,2005-06-18,B+,9475026567,ananya370@cit.edu.in,"17 Gandhi Road",Hyderabad,Karnataka,632477,"Varun Kumar",9419124787,2023,D,5,"Chennai Institute of Technology",Active
371,"Kavya Verma",CIVIL,3,Male,2002-02-24,A+,9625568867,kavya371@cit.edu.in,"73 Gandhi Road",Bengaluru,Telangana,689305,"Meera Verma",9557421129,2023,C,5,"Chennai Institute of Technology",Active
372,"Arjun Singh",AIML,4,Female,2003-03-02,B+,9270875655,arjun372@cit.edu.in,"73 Gandhi Road",Bengaluru,West Bengal,690234,"Diya Singh",9347471793,2022,C,7,"Chennai Institute of Technology",Active
373,"Neha Sharma",IT,3,Male,2004-08-11,B+,9378283865,neha373@cit.edu.in,"12 Gandhi Road",Delhi,Karnataka,644584,"Sanya Sharma",9505498373,2023,D,5,"Chennai Institute of Technology",Active
374,"Priya Singh",CIVIL,1,Male,2002-07-12,AB-,9946069493,priya374@cit.edu.in,"34 Gandhi Road",Mumbai,West Bengal,607826,"Aarav Singh",9290643153,2025,A,1,"Chennai Institute of Technology",Active
375,"Kavya Kumar",CIVIL,2,Female,2006-02-06,AB-,9892036180,kavya375@cit.edu.in,"13 Gandhi Road",Kolkata,Maharashtra,610459,"Arjun Kumar",9992559194,2024,A,4,"Chennai Institute of Technology",Active
376,"Aditya Singh",AIDS,4,Male,2002-12-05,B-,9937526324,aditya376@cit.edu.in,"49 Gandhi Road",Kolkata,Delhi,643395,"Meera Singh",9904528906,2022,B,8,"Chennai Institute of Technology",Active
377,"Vikram Reddy",AIDS,4,Male,2004-08-28,A-,9756198201,vikram377@cit.edu.in,"20 Gandhi Road",Bengaluru,Delhi,681647,"Diya Reddy",9432093567,2022,D,8,"Chennai Institute of Technology",Active
378,"Priya Joshi",CIVIL,1,Female,2005-08-13,AB+,9818585611,priya378@cit.edu.in,"94 Gandhi Road",Mumbai,Karnataka,615555,"Arjun Joshi",9124600722,2025,A,2,"Chennai Institute of Technology",Active
379,"Neha Nair",CSE,1,Male,2003-09-25,O-,9335458349,neha379@cit.edu.in,"71 Gandhi Road",Pune,Maharashtra,661073,"Kavya Nair",9493929715,2025,B,2,"Chennai Institute of Technology",Active
380,"Rohan Chopra",IT,4,Female,2002-07-06,AB+,9005220492,rohan380@cit.edu.in,"26 Gandhi Road",Mumbai,Telangana,642313,"Sanya Chopra",9719956960,2022,C,7,"Chennai Institute of Technology",Active
381,"Rohan Sharma",MECH,2,Male,2005-04-02,O+,9672074150,rohan381@cit.edu.in,"21 Gandhi Road",Hyderabad,Karnataka,644128,"Ananya Sharma",9651583677,2024,D,3,"Chennai Institute of Technology",Active
382,"Varun Reddy",CIVIL,1,Male,2003-04-21,B+,9781327967,varun382@cit.edu.in,"41 Gandhi Road",Chennai,Telangana,694538,"Aditya Reddy",9426482467,2025,B,2,"Chennai Institute of Technology",Active
383,"Aarav Sharma",ECE,4,Female,2004-03-14,A-,9098694025,aarav383@cit.edu.in,"23 Gandhi Road",Kolkata,West Bengal,613404,"Vikram Sharma",9231511593,2022,A,7,"Chennai Institute of Technology",Active
384,"Aditya Chopra",AIML,2,Female,2006-01-26,A+,9403616069,aditya384@cit.edu.in,"28 Gandhi Road",Hyderabad,Tamil Nadu,664810,"Priya Chopra",9775615878,2024,B,3,"Chennai Institute of Technology",Active
385,"Vikram Rao",EEE,4,Female,2006-08-26,B+,9677836614,vikram385@cit.edu.in,"86 Gandhi Road",Hyderabad,Tamil Nadu,658677,"Rahul Rao",9295797716,2022,D,7,"Chennai Institute of Technology",Active
386,"Kavya Sharma",AIDS,4,Female,2003-11-12,A+,9158270365,kavya386@cit.edu.in,"86 Gandhi Road",Bengaluru,Karnataka,633139,"Arjun Sharma",9690998345,2022,C,8,"Chennai Institute of Technology",Active
387,"Rahul Nair",IT,3,Female,2003-01-26,A+,9838638685,rahul387@cit.edu.in,"52 Gandhi Road",Delhi,Karnataka,640505,"Pooja Nair",9766356906,2023,D,5,"Chennai Institute of Technology",Active
388,"Sanya Reddy",AIDS,2,Female,2002-04-28,B+,9161002037,sanya388@cit.edu.in,"59 Gandhi Road",Hyderabad,Telangana,644212,"Karan Reddy",9319766030,2024,C,4,"Chennai Institute of Technology",Active
389,"Pooja Rao",AIML,2,Female,2003-06-20,O-,9859284363,pooja389@cit.edu.in,"43 Gandhi Road",Hyderabad,Maharashtra,659960,"Ananya Rao",9422564441,2024,B,3,"Chennai Institute of Technology",Active
390,"Sanya Chopra",AIDS,4,Male,2006-11-11,A-,9076830388,sanya390@cit.edu.in,"92 Gandhi Road",Pune,Delhi,691247,"Pooja Chopra",9193856907,2022,C,7,"Chennai Institute of Technology",Active
391,"Karan Kumar",EEE,1,Male,2004-07-08,A-,9110492763,karan391@cit.edu.in,"43 Gandhi Road",Pune,Telangana,615146,"Kavya Kumar",9156995657,2025,D,2,"Chennai Institute of Technology",Active
392,"Pooja Rao",AIDS,1,Male,2002-07-07,B+,9028680424,pooja392@cit.edu.in,"71 Gandhi Road",Bengaluru,Tamil Nadu,668214,"Sanya Rao",9019160293,2025,B,2,"Chennai Institute of Technology",Active
393,"Varun Rao",AIDS,2,Male,2004-07-26,AB+,9049904047,varun393@cit.edu.in,"14 Gandhi Road",Pune,Delhi,616147,"Meera Rao",9039889270,2024,A,4,"Chennai Institute of Technology",Active
394,"Aditya Gupta",ECE,4,Female,2005-07-15,B+,9872836589,aditya394@cit.edu.in,"27 Gandhi Road",Pune,Karnataka,647603,"Rahul Gupta",9206206233,2022,A,8,"Chennai Institute of Technology",Active
395,"Arjun Rao",CSE,1,Female,2003-12-27,AB-,9134508908,arjun395@cit.edu.in,"36 Gandhi Road",Pune,West Bengal,681213,"Priya Rao",9886293659,2025,D,1,"Chennai Institute of Technology",Active
396,"Aditya Nair",AIDS,2,Female,2002-09-19,A-,9847952236,aditya396@cit.edu.in,"23 Gandhi Road",Kolkata,Karnataka,690106,"Pooja Nair",9109315202,2024,A,3,"Chennai Institute of Technology",Active
397,"Vikram Joshi",ECE,3,Male,2002-08-03,B-,9223326604,vikram397@cit.edu.in,"52 Gandhi Road",Bengaluru,Maharashtra,688151,"Aditya Joshi",9276814877,2023,A,6,"Chennai Institute of Technology",Active
398,"Kavya Reddy",IT,3,Male,2004-07-03,B+,9740827978,kavya398@cit.edu.in,"84 Gandhi Road",Kolkata,Delhi,612436,"Diya Reddy",9903847132,2023,D,5,"Chennai Institute of Technology",Active
399,"Arjun Joshi",MECH,1,Male,2004-05-28,AB+,9331826702,arjun399@cit.edu.in,"25 Gandhi Road",Delhi,Delhi,647929,"Rohan Joshi",9681854046,2025,B,2,"Chennai Institute of Technology",Active
400,"Aarav Sharma",AIDS,4,Male,2003-06-28,AB-,9237134187,aarav400@cit.edu.in,"42 Gandhi Road",Mumbai,Maharashtra,655111,"Rahul Sharma",9336731022,2022,D,8,"Chennai Institute of Technology",Active
401,"Sanya Joshi",EEE,1,Female,2002-06-08,O+,9328778012,sanya401@cit.edu.in,"56 Gandhi Road",Hyderabad,Telangana,676889,"Neha Joshi",9634240447,2025,D,2,"Chennai Institute of Technology",Active
402,"Rahul Nair",EEE,3,Female,2003-04-07,AB+,9719643846,rahul402@cit.edu.in,"43 Gandhi Road",Mumbai,Maharashtra,697062,"Priya Nair",9550258058,2023,D,5,"Chennai Institute of Technology",Active
403,"Kavya Chopra",ECE,4,Female,2003-01-11,B+,9568190836,kavya403@cit.edu.in,"39 Gandhi Road",Bengaluru,Karnataka,693707,"Ananya Chopra",9794088998,2022,A,7,"Chennai Institute of Technology",Active
404,"Vikram Joshi",AIML,3,Male,2004-03-10,O-,9229479648,vikram404@cit.edu.in,"92 Gandhi Road",Bengaluru,West Bengal,688870,"Meera Joshi",9793376736,2023,D,5,"Chennai Institute of Technology",Active
405,"Vikram Gupta",AIML,2,Male,2003-02-16,B+,9853334458,vikram405@cit.edu.in,"69 Gandhi Road",Chennai,Delhi,628290,"Aditya Gupta",9838921413,2024,C,4,"Chennai Institute of Technology",Active
406,"Vikram Patel",CSE,3,Female,2005-11-27,AB+,9835235907,vikram406@cit.edu.in,"32 Gandhi Road",Hyderabad,Delhi,633870,"Diya Patel",9300950973,2023,C,5,"Chennai Institute of Technology",Active
407,"Rohan Sharma",AIDS,2,Male,2004-03-23,B+,9901328186,rohan407@cit.edu.in,"96 Gandhi Road",Kolkata,Telangana,648896,"Sanya Sharma",9301807185,2024,C,4,"Chennai Institute of Technology",Active
408,"Kavya Singh",AIDS,4,Male,2006-06-04,O-,9384540020,kavya408@cit.edu.in,"66 Gandhi Road",Bengaluru,Delhi,639263,"Diya Singh",9917163732,2022,A,8,"Chennai Institute of Technology",Active
409,"Varun Nair",MECH,2,Male,2004-11-16,A+,9861472322,varun409@cit.edu.in,"39 Gandhi Road",Kolkata,Delhi,698754,"Aditya Nair",9385260430,2024,D,4,"Chennai Institute of Technology",Active
410,"Pooja Singh",IT,3,Male,2003-02-05,AB+,9057274369,pooja410@cit.edu.in,"64 Gandhi Road",Kolkata,Telangana,690549,"Meera Singh",9745894963,2023,C,6,"Chennai Institute of Technology",Active
411,"Sanya Verma",IT,3,Female,2004-11-09,O-,9172589065,sanya411@cit.edu.in,"87 Gandhi Road",Hyderabad,Delhi,664925,"Kavya Verma",9208448139,2023,C,5,"Chennai Institute of Technology",Active
412,"Priya Reddy",MECH,3,Male,2004-09-13,AB+,9569011628,priya412@cit.edu.in,"56 Gandhi Road",Kolkata,Karnataka,685972,"Kavya Reddy",9884419798,2023,A,6,"Chennai Institute of Technology",Active
413,"Aarav Kumar",EEE,2,Male,2003-07-10,AB+,9278243698,aarav413@cit.edu.in,"92 Gandhi Road",Bengaluru,Tamil Nadu,682006,"Arjun Kumar",9337637254,2024,B,3,"Chennai Institute of Technology",Active
414,"Priya Joshi",CSE,4,Female,2002-11-16,O-,9927763490,priya414@cit.edu.in,"84 Gandhi Road",Hyderabad,Tamil Nadu,604022,"Meera Joshi",9112884845,2022,C,7,"Chennai Institute of Technology",Active
415,"Diya Mehta",CSE,3,Female,2006-08-26,A+,9028129310,diya415@cit.edu.in,"50 Gandhi Road",Mumbai,Delhi,639348,"Aarav Mehta",9647233083,2023,C,5,"Chennai Institute of Technology",Active
416,"Priya Singh",AIDS,2,Male,2002-01-24,B+,9022627034,priya416@cit.edu.in,"40 Gandhi Road",Kolkata,Delhi,655440,"Pooja Singh",9868687373,2024,B,3,"Chennai Institute of Technology",Active
417,"Kavya Joshi",IT,2,Male,2006-04-17,A-,9436187698,kavya417@cit.edu.in,"48 Gandhi Road",Chennai,Telangana,653664,"Meera Joshi",9556517442,2024,B,4,"Chennai Institute of Technology",Active
418,"Diya Joshi",MECH,4,Female,2005-12-05,O+,9709949592,diya418@cit.edu.in,"70 Gandhi Road",Delhi,Tamil Nadu,616706,"Meera Joshi",9560319620,2022,A,8,"Chennai Institute of Technology",Active
419,"Sanya Joshi",AIML,2,Male,2006-10-08,O+,9568339759,sanya419@cit.edu.in,"18 Gandhi Road",Delhi,Telangana,655098,"Vikram Joshi",9935367802,2024,A,4,"Chennai Institute of Technology",Active
420,"Meera Nair",IT,2,Male,2004-10-04,AB-,9602799114,meera420@cit.edu.in,"64 Gandhi Road",Hyderabad,West Bengal,603157,"Kavya Nair",9119223641,2024,C,4,"Chennai Institute of Technology",Active
421,"Kavya Singh",AIML,4,Female,2006-08-23,AB-,9264582876,kavya421@cit.edu.in,"80 Gandhi Road",Pune,West Bengal,605760,"Rohan Singh",9674548239,2022,D,8,"Chennai Institute of Technology",Active
422,"Neha Kumar",IT,3,Male,2005-07-11,A+,9707328912,neha422@cit.edu.in,"83 Gandhi Road",Delhi,Delhi,608679,"Meera Kumar",9406002275,2023,C,6,"Chennai Institute of Technology",Active
423,"Sanya Gupta",EEE,1,Male,2005-10-17,A+,9236703016,sanya423@cit.edu.in,"11 Gandhi Road",Hyderabad,Telangana,647884,"Vikram Gupta",9300596180,2025,D,1,"Chennai Institute of Technology",Active
424,"Varun Singh",MECH,2,Female,2004-07-05,O-,9510240772,varun424@cit.edu.in,"41 Gandhi Road",Delhi,West Bengal,630932,"Vikram Singh",9429624012,2024,B,3,"Chennai Institute of Technology",Active
425,"Ananya Patel",IT,3,Male,2004-10-23,O-,9605072644,ananya425@cit.edu.in,"89 Gandhi Road",Delhi,Maharashtra,632783,"Rohan Patel",9450616078,2023,C,5,"Chennai Institute of Technology",Active
426,"Arjun Nair",AIDS,2,Female,2002-05-05,AB+,9193371567,arjun426@cit.edu.in,"73 Gandhi Road",Pune,Telangana,657851,"Kavya Nair",9691555601,2024,A,3,"Chennai Institute of Technology",Active
427,"Neha Chopra",MECH,4,Female,2004-10-25,O+,9702692395,neha427@cit.edu.in,"26 Gandhi Road",Delhi,Delhi,613923,"Sanya Chopra",9570120452,2022,B,8,"Chennai Institute of Technology",Active
428,"Priya Joshi",CSE,2,Female,2006-11-27,B-,9899936580,priya428@cit.edu.in,"67 Gandhi Road",Bengaluru,West Bengal,674982,"Pooja Joshi",9980457972,2024,A,4,"Chennai Institute of Technology",Active
429,"Aditya Reddy",EEE,4,Male,2006-07-01,AB+,9702817987,aditya429@cit.edu.in,"94 Gandhi Road",Hyderabad,Karnataka,644806,"Kavya Reddy",9419652325,2022,C,7,"Chennai Institute of Technology",Active
430,"Arjun Rao",AIDS,1,Female,2003-08-12,O-,9272014664,arjun430@cit.edu.in,"56 Gandhi Road",Mumbai,West Bengal,673970,"Kavya Rao",9991478104,2025,B,2,"Chennai Institute of Technology",Active
431,"Karan Sharma",MECH,2,Male,2005-05-10,B+,9385616217,karan431@cit.edu.in,"19 Gandhi Road",Delhi,Telangana,652026,"Meera Sharma",9989303618,2024,D,3,"Chennai Institute of Technology",Active
432,"Varun Singh",EEE,3,Male,2005-05-12,B-,9141925809,varun432@cit.edu.in,"44 Gandhi Road",Bengaluru,Tamil Nadu,636936,"Ananya Singh",9638979286,2023,C,6,"Chennai Institute of Technology",Active
433,"Varun Joshi",MECH,4,Female,2006-02-18,A-,9809107505,varun433@cit.edu.in,"61 Gandhi Road",Kolkata,Delhi,637718,"Karan Joshi",9359480653,2022,B,7,"Chennai Institute of Technology",Active
434,"Meera Singh",AIDS,1,Female,2006-09-23,AB-,9856182192,meera434@cit.edu.in,"21 Gandhi Road",Chennai,Delhi,685565,"Aditya Singh",9471635460,2025,C,1,"Chennai Institute of Technology",Active
435,"Pooja Patel",MECH,4,Male,2004-02-06,B-,9569630818,pooja435@cit.edu.in,"19 Gandhi Road",Bengaluru,Maharashtra,654653,"Meera Patel",9973803616,2022,A,8,"Chennai Institute of Technology",Active
436,"Karan Nair",CSE,3,Female,2004-09-24,A-,9990833986,karan436@cit.edu.in,"43 Gandhi Road",Bengaluru,Telangana,662303,"Aarav Nair",9907823375,2023,A,5,"Chennai Institute of Technology",Active
437,"Varun Mehta",MECH,3,Male,2002-08-15,AB-,9551732857,varun437@cit.edu.in,"97 Gandhi Road",Pune,Karnataka,614826,"Rohan Mehta",9077487198,2023,C,6,"Chennai Institute of Technology",Active
438,"Kavya Singh",EEE,2,Female,2004-04-17,B-,9940149617,kavya438@cit.edu.in,"52 Gandhi Road",Chennai,Tamil Nadu,650728,"Kavya Singh",9742641515,2024,D,3,"Chennai Institute of Technology",Active
439,"Sanya Reddy",MECH,1,Female,2002-08-10,A-,9140041418,sanya439@cit.edu.in,"32 Gandhi Road",Pune,Tamil Nadu,652621,"Neha Reddy",9073802038,2025,C,1,"Chennai Institute of Technology",Active
440,"Aditya Mehta",MECH,4,Female,2006-01-26,A+,9793595691,aditya440@cit.edu.in,"63 Gandhi Road",Delhi,West Bengal,678865,"Rohan Mehta",9925381792,2022,D,8,"Chennai Institute of Technology",Active
441,"Vikram Mehta",AIML,3,Female,2002-05-10,B-,9914368341,vikram441@cit.edu.in,"39 Gandhi Road",Kolkata,West Bengal,636605,"Sanya Mehta",9217219879,2023,C,5,"Chennai Institute of Technology",Active
442,"Neha Reddy",CSE,3,Female,2004-05-06,A-,9031032133,neha442@cit.edu.in,"27 Gandhi Road",Hyderabad,Maharashtra,648054,"Arjun Reddy",9402151693,2023,A,6,"Chennai Institute of Technology",Active
443,"Diya Nair",AIML,2,Male,2004-04-25,AB-,9506997841,diya443@cit.edu.in,"20 Gandhi Road",Bengaluru,Karnataka,698427,"Karan Nair",9518696920,2024,D,4,"Chennai Institute of Technology",Active
444,"Pooja Sharma",CSE,3,Female,2006-08-08,O-,9744197131,pooja444@cit.edu.in,"88 Gandhi Road",Chennai,Maharashtra,613814,"Priya Sharma",9043528415,2023,D,6,"Chennai Institute of Technology",Active
445,"Sanya Mehta",CSE,3,Male,2006-09-17,B+,9028334074,sanya445@cit.edu.in,"53 Gandhi Road",Chennai,Delhi,635342,"Kavya Mehta",9907302122,2023,C,5,"Chennai Institute of Technology",Active
446,"Kavya Rao",MECH,1,Male,2002-06-16,AB-,9538639600,kavya446@cit.edu.in,"14 Gandhi Road",Chennai,Karnataka,600577,"Ananya Rao",9418526801,2025,B,1,"Chennai Institute of Technology",Active
447,"Karan Singh",ECE,2,Male,2002-02-26,A+,9054710317,karan447@cit.edu.in,"72 Gandhi Road",Bengaluru,West Bengal,665612,"Rahul Singh",9315739871,2024,C,3,"Chennai Institute of Technology",Active
448,"Meera Sharma",CSE,1,Male,2002-02-15,O-,9736858259,meera448@cit.edu.in,"14 Gandhi Road",Chennai,Telangana,632901,"Pooja Sharma",9485804565,2025,C,1,"Chennai Institute of Technology",Active
449,"Meera Reddy",IT,1,Male,2003-05-03,AB-,9159413008,meera449@cit.edu.in,"88 Gandhi Road",Chennai,Delhi,683755,"Sanya Reddy",9499138775,2025,D,2,"Chennai Institute of Technology",Active
450,"Ananya Rao",IT,2,Male,2005-06-02,O-,9737676198,ananya450@cit.edu.in,"48 Gandhi Road",Bengaluru,Tamil Nadu,652095,"Sanya Rao",9250360665,2024,B,4,"Chennai Institute of Technology",Active
451,"Ananya Kumar",ECE,3,Female,2004-05-22,AB-,9491444396,ananya451@cit.edu.in,"18 Gandhi Road",Hyderabad,Delhi,626800,"Sanya Kumar",9959850005,2023,B,5,"Chennai Institute of Technology",Active
452,"Diya Rao",CSE,2,Male,2004-11-16,AB+,9423229673,diya452@cit.edu.in,"10 Gandhi Road",Pune,Delhi,630114,"Priya Rao",9657766119,2024,B,4,"Chennai Institute of Technology",Active
453,"Neha Sharma",MECH,2,Female,2005-04-06,AB+,9524372691,neha453@cit.edu.in,"44 Gandhi Road",Hyderabad,West Bengal,616119,"Varun Sharma",9988177150,2024,A,4,"Chennai Institute of Technology",Active
454,"Aarav Kumar",AIDS,2,Male,2003-12-14,AB+,9891519374,aarav454@cit.edu.in,"41 Gandhi Road",Chennai,Delhi,676266,"Priya Kumar",9472984574,2024,C,4,"Chennai Institute of Technology",Active
455,"Rahul Gupta",EEE,4,Female,2004-08-05,B+,9925468293,rahul455@cit.edu.in,"68 Gandhi Road",Kolkata,Telangana,674694,"Rahul Gupta",9609661220,2022,B,7,"Chennai Institute of Technology",Active
456,"Vikram Singh",CSE,1,Female,2006-10-19,O+,9096343688,vikram456@cit.edu.in,"20 Gandhi Road",Delhi,Telangana,654536,"Neha Singh",9437147075,2025,D,2,"Chennai Institute of Technology",Active
457,"Diya Singh",AIDS,4,Female,2003-05-13,A+,9433101601,diya457@cit.edu.in,"13 Gandhi Road",Bengaluru,West Bengal,676474,"Varun Singh",9594873686,2022,B,8,"Chennai Institute of Technology",Active
458,"Varun Singh",AIML,2,Female,2005-05-13,B-,9108642367,varun458@cit.edu.in,"70 Gandhi Road",Chennai,Telangana,698808,"Arjun Singh",9053116965,2024,D,4,"Chennai Institute of Technology",Active
459,"Aarav Singh",AIDS,4,Male,2002-02-22,O+,9437193345,aarav459@cit.edu.in,"42 Gandhi Road",Kolkata,Karnataka,662451,"Meera Singh",9737885590,2022,D,7,"Chennai Institute of Technology",Active
460,"Pooja Verma",AIML,1,Male,2004-01-06,AB+,9051443149,pooja460@cit.edu.in,"92 Gandhi Road",Bengaluru,West Bengal,634664,"Varun Verma",9692861891,2025,A,2,"Chennai Institute of Technology",Active
461,"Rahul Kumar",MECH,1,Female,2004-02-25,B-,9132905492,rahul461@cit.edu.in,"41 Gandhi Road",Hyderabad,Delhi,683990,"Varun Kumar",9813498258,2025,C,1,"Chennai Institute of Technology",Active
462,"Aditya Verma",IT,2,Male,2004-05-03,A-,9322798372,aditya462@cit.edu.in,"91 Gandhi Road",Kolkata,West Bengal,611822,"Priya Verma",9576530761,2024,A,3,"Chennai Institute of Technology",Active
463,"Vikram Chopra",MECH,3,Female,2005-10-04,A+,9875739825,vikram463@cit.edu.in,"46 Gandhi Road",Chennai,Karnataka,601350,"Rohan Chopra",9170422539,2023,D,5,"Chennai Institute of Technology",Active
464,"Karan Reddy",ECE,4,Male,2006-07-02,O-,9031033526,karan464@cit.edu.in,"34 Gandhi Road",Delhi,Maharashtra,620791,"Rohan Reddy",9355577196,2022,D,7,"Chennai Institute of Technology",Active
465,"Vikram Sharma",MECH,2,Male,2003-07-20,B+,9349582988,vikram465@cit.edu.in,"36 Gandhi Road",Hyderabad,Tamil Nadu,638023,"Varun Sharma",9822953445,2024,B,4,"Chennai Institute of Technology",Active
466,"Aarav Singh",AIDS,1,Male,2003-01-23,B-,9894158385,aarav466@cit.edu.in,"43 Gandhi Road",Chennai,Delhi,670790,"Rahul Singh",9593944448,2025,C,2,"Chennai Institute of Technology",Active
467,"Neha Nair",AIDS,4,Male,2004-01-03,B+,9552432075,neha467@cit.edu.in,"50 Gandhi Road",Mumbai,West Bengal,671947,"Varun Nair",9827907153,2022,D,8,"Chennai Institute of Technology",Active
468,"Neha Kumar",CSE,4,Male,2004-10-20,O+,9469167794,neha468@cit.edu.in,"61 Gandhi Road",Delhi,Maharashtra,642912,"Rohan Kumar",9264984112,2022,B,8,"Chennai Institute of Technology",Active
469,"Arjun Rao",AIDS,4,Female,2005-01-24,B+,9166660989,arjun469@cit.edu.in,"84 Gandhi Road",Chennai,Delhi,654747,"Arjun Rao",9664820625,2022,D,7,"Chennai Institute of Technology",Active
470,"Rahul Chopra",MECH,4,Female,2004-09-16,B+,9731863526,rahul470@cit.edu.in,"30 Gandhi Road",Delhi,West Bengal,656449,"Diya Chopra",9538371493,2022,D,8,"Chennai Institute of Technology",Active
471,"Vikram Joshi",EEE,4,Female,2005-02-03,AB+,9234496953,vikram471@cit.edu.in,"72 Gandhi Road",Kolkata,Delhi,676184,"Priya Joshi",9420920298,2022,A,8,"Chennai Institute of Technology",Active
472,"Priya Singh",CSE,3,Female,2006-01-24,B-,9250777135,priya472@cit.edu.in,"44 Gandhi Road",Chennai,West Bengal,672162,"Neha Singh",9443092962,2023,A,5,"Chennai Institute of Technology",Active
473,"Rohan Reddy",MECH,1,Male,2002-10-11,B+,9258692035,rohan473@cit.edu.in,"41 Gandhi Road",Pune,Tamil Nadu,630787,"Diya Reddy",9109085682,2025,A,1,"Chennai Institute of Technology",Active
474,"Aditya Rao",ECE,2,Female,2005-06-23,A+,9516628453,aditya474@cit.edu.in,"66 Gandhi Road",Chennai,Delhi,621944,"Karan Rao",9658211667,2024,B,3,"Chennai Institute of Technology",Active
475,"Arjun Reddy",AIML,4,Female,2003-02-14,AB-,9293231517,arjun475@cit.edu.in,"82 Gandhi Road",Chennai,Maharashtra,622952,"Varun Reddy",9697143836,2022,C,7,"Chennai Institute of Technology",Active
476,"Aditya Kumar",ECE,4,Male,2003-04-07,O-,9690851055,aditya476@cit.edu.in,"64 Gandhi Road",Bengaluru,Delhi,631984,"Priya Kumar",9159603105,2022,A,8,"Chennai Institute of Technology",Active
477,"Neha Rao",MECH,2,Male,2003-02-15,AB-,9575581489,neha477@cit.edu.in,"47 Gandhi Road",Chennai,Maharashtra,669555,"Karan Rao",9522326936,2024,C,4,"Chennai Institute of Technology",Active
478,"Diya Nair",ECE,4,Female,2002-11-23,AB+,9213986508,diya478@cit.edu.in,"30 Gandhi Road",Hyderabad,Delhi,651433,"Aarav Nair",9058613258,2022,B,7,"Chennai Institute of Technology",Active
479,"Neha Sharma",ECE,1,Male,2005-08-28,O-,9589439256,neha479@cit.edu.in,"99 Gandhi Road",Delhi,Delhi,650538,"Karan Sharma",9394695430,2025,D,1,"Chennai Institute of Technology",Active
480,"Neha Rao",CSE,4,Male,2002-01-18,AB-,9715565177,neha480@cit.edu.in,"58 Gandhi Road",Delhi,Tamil Nadu,687065,"Karan Rao",9980385722,2022,D,8,"Chennai Institute of Technology",Active
481,"Kavya Sharma",MECH,1,Female,2003-08-26,A+,9889378969,kavya481@cit.edu.in,"95 Gandhi Road",Pune,Delhi,683368,"Aditya Sharma",9975952047,2025,B,2,"Chennai Institute of Technology",Active
482,"Diya Singh",CSE,1,Male,2003-11-04,A-,9708220238,diya482@cit.edu.in,"56 Gandhi Road",Hyderabad,Delhi,612672,"Ananya Singh",9509753049,2025,D,2,"Chennai Institute of Technology",Active
483,"Rohan Reddy",CIVIL,4,Female,2003-05-28,AB+,9819967688,rohan483@cit.edu.in,"30 Gandhi Road",Chennai,Delhi,636810,"Aarav Reddy",9433267799,2022,D,7,"Chennai Institute of Technology",Active
484,"Pooja Rao",EEE,4,Male,2003-11-21,A-,9568175763,pooja484@cit.edu.in,"48 Gandhi Road",Delhi,Delhi,670778,"Diya Rao",9499048534,2022,B,7,"Chennai Institute of Technology",Active
485,"Varun Chopra",CSE,4,Female,2002-10-28,AB-,9873890162,varun485@cit.edu.in,"33 Gandhi Road",Chennai,Maharashtra,632146,"Rohan Chopra",9359348825,2022,A,7,"Chennai Institute of Technology",Active
486,"Aditya Singh",EEE,4,Female,2004-02-08,A+,9278062850,aditya486@cit.edu.in,"59 Gandhi Road",Kolkata,West Bengal,672035,"Karan Singh",9250088849,2022,D,8,"Chennai Institute of Technology",Active
487,"Aarav Sharma",MECH,2,Male,2003-09-19,A+,9970659070,aarav487@cit.edu.in,"54 Gandhi Road",Chennai,Karnataka,607524,"Ananya Sharma",9579066334,2024,D,3,"Chennai Institute of Technology",Active
488,"Aditya Rao",IT,4,Male,2003-03-22,AB-,9441047198,aditya488@cit.edu.in,"49 Gandhi Road",Pune,Delhi,655939,"Vikram Rao",9839168137,2022,B,8,"Chennai Institute of Technology",Active
489,"Aarav Nair",IT,1,Female,2005-03-27,A+,9715465279,aarav489@cit.edu.in,"32 Gandhi Road",Delhi,West Bengal,648114,"Aditya Nair",9718982503,2025,D,1,"Chennai Institute of Technology",Active
490,"Sanya Reddy",MECH,4,Male,2004-01-28,A-,9363653127,sanya490@cit.edu.in,"67 Gandhi Road",Kolkata,Maharashtra,696267,"Sanya Reddy",9140768945,2022,D,8,"Chennai Institute of Technology",Active
491,"Arjun Reddy",AIDS,4,Male,2006-10-20,A+,9593742056,arjun491@cit.edu.in,"93 Gandhi Road",Mumbai,Tamil Nadu,695643,"Pooja Reddy",9560535571,2022,A,8,"Chennai Institute of Technology",Active
492,"Meera Patel",MECH,4,Female,2006-08-10,AB+,9749287077,meera492@cit.edu.in,"68 Gandhi Road",Kolkata,Karnataka,606266,"Sanya Patel",9789453716,2022,D,8,"Chennai Institute of Technology",Active
493,"Vikram Kumar",AIML,3,Female,2004-01-08,A-,9544901255,vikram493@cit.edu.in,"98 Gandhi Road",Pune,Tamil Nadu,624563,"Vikram Kumar",9439014182,2023,C,5,"Chennai Institute of Technology",Active
494,"Aditya Gupta",CSE,2,Female,2006-06-05,B-,9261452185,aditya494@cit.edu.in,"25 Gandhi Road",Hyderabad,West Bengal,639878,"Aarav Gupta",9090077297,2024,D,3,"Chennai Institute of Technology",Active
495,"Pooja Mehta",MECH,3,Female,2004-10-28,A+,9523187635,pooja495@cit.edu.in,"12 Gandhi Road",Delhi,Telangana,621819,"Meera Mehta",9070461004,2023,B,6,"Chennai Institute of Technology",Active
496,"Ananya Sharma",CSE,3,Female,2003-08-18,B-,9510991989,ananya496@cit.edu.in,"41 Gandhi Road",Mumbai,West Bengal,663630,"Pooja Sharma",9630491379,2023,D,6,"Chennai Institute of Technology",Active
497,"Pooja Chopra",AIDS,1,Female,2003-08-09,B-,9943778733,pooja497@cit.edu.in,"60 Gandhi Road",Bengaluru,Tamil Nadu,670544,"Arjun Chopra",9770420143,2025,B,2,"Chennai Institute of Technology",Active
498,"Pooja Patel",CSE,2,Female,2002-12-28,A-,9799231977,pooja498@cit.edu.in,"76 Gandhi Road",Mumbai,Telangana,689792,"Aarav Patel",9208385897,2024,D,4,"Chennai Institute of Technology",Active
499,"Pooja Reddy",MECH,4,Male,2003-08-19,O+,9118477178,pooja499@cit.edu.in,"34 Gandhi Road",Mumbai,Maharashtra,692536,"Arjun Reddy",9410817490,2022,C,8,"Chennai Institute of Technology",Active
500,"Priya Singh",ECE,3,Male,2005-02-19,O+,9927081470,priya500@cit.edu.in,"21 Gandhi Road",Delhi,Delhi,641459,"Aditya Singh",9650443509,2023,A,5,"Chennai Institute of Technology",Active
501,"Arjun Singh",ECE,4,Male,2002-04-18,O-,9838956805,arjun501@cit.edu.in,"37 Gandhi Road",Kolkata,Karnataka,651897,"Aarav Singh",9109672726,2022,C,8,"Chennai Institute of Technology",Active
502,"Sanya Reddy",AIDS,4,Male,2002-11-21,O-,9606291636,sanya502@cit.edu.in,"70 Gandhi Road",Chennai,Karnataka,681143,"Rohan Reddy",9719945956,2022,C,7,"Chennai Institute of Technology",Active
503,"Neha Chopra",AIDS,3,Male,2005-09-15,O+,9054828243,neha503@cit.edu.in,"73 Gandhi Road",Mumbai,Tamil Nadu,669288,"Karan Chopra",9381629546,2023,D,6,"Chennai Institute of Technology",Active
504,"Meera Kumar",MECH,4,Female,2006-07-13,B-,9501539484,meera504@cit.edu.in,"98 Gandhi Road",Bengaluru,Maharashtra,684341,"Neha Kumar",9592571065,2022,D,8,"Chennai Institute of Technology",Active
505,"Aarav Verma",MECH,4,Female,2003-04-16,O+,9674168012,aarav505@cit.edu.in,"59 Gandhi Road",Bengaluru,Maharashtra,609411,"Neha Verma",9083688596,2022,B,8,"Chennai Institute of Technology",Active
506,"Karan Mehta",CIVIL,2,Male,2003-07-03,A-,9477013686,karan506@cit.edu.in,"84 Gandhi Road",Chennai,Tamil Nadu,656178,"Rohan Mehta",9078142734,2024,A,4,"Chennai Institute of Technology",Active
507,"Vikram Nair",IT,1,Female,2006-02-17,AB+,9921245386,vikram507@cit.edu.in,"80 Gandhi Road",Pune,West Bengal,645470,"Aditya Nair",9540589238,2025,A,1,"Chennai Institute of Technology",Active
508,"Aarav Verma",CIVIL,3,Male,2006-12-04,AB+,9835238371,aarav508@cit.edu.in,"76 Gandhi Road",Hyderabad,Telangana,606874,"Karan Verma",9689782220,2023,C,6,"Chennai Institute of Technology",Active
509,"Aditya Singh",CSE,3,Male,2003-07-23,A-,9390637003,aditya509@cit.edu.in,"48 Gandhi Road",Chennai,Karnataka,677376,"Meera Singh",9448690885,2023,B,6,"Chennai Institute of Technology",Active
510,"Vikram Sharma",MECH,3,Female,2003-01-10,O+,9313100859,vikram510@cit.edu.in,"37 Gandhi Road",Chennai,Telangana,660183,"Arjun Sharma",9145824823,2023,A,6,"Chennai Institute of Technology",Active
511,"Aarav Mehta",EEE,3,Female,2004-12-22,A-,9418309015,aarav511@cit.edu.in,"71 Gandhi Road",Kolkata,West Bengal,635934,"Karan Mehta",9429274967,2023,A,6,"Chennai Institute of Technology",Active
512,"Meera Gupta",AIDS,3,Female,2003-12-15,O+,9061319285,meera512@cit.edu.in,"25 Gandhi Road",Kolkata,Telangana,697070,"Meera Gupta",9192463258,2023,A,6,"Chennai Institute of Technology",Active
513,"Ananya Kumar",CIVIL,4,Female,2003-04-19,O+,9702595022,ananya513@cit.edu.in,"38 Gandhi Road",Chennai,Maharashtra,649967,"Kavya Kumar",9838937523,2022,C,7,"Chennai Institute of Technology",Active
514,"Aditya Rao",ECE,2,Male,2002-04-02,O-,9595498859,aditya514@cit.edu.in,"29 Gandhi Road",Kolkata,Delhi,664845,"Neha Rao",9547945734,2024,C,4,"Chennai Institute of Technology",Active
515,"Diya Chopra",ECE,2,Female,2003-04-05,A-,9619122338,diya515@cit.edu.in,"70 Gandhi Road",Kolkata,Maharashtra,606591,"Vikram Chopra",9565319420,2024,D,4,"Chennai Institute of Technology",Active
516,"Rahul Sharma",CSE,3,Female,2002-03-14,B+,9632437546,rahul516@cit.edu.in,"87 Gandhi Road",Bengaluru,Maharashtra,666501,"Priya Sharma",9320987795,2023,B,5,"Chennai Institute of Technology",Active
517,"Kavya Kumar",AIDS,3,Male,2002-04-22,O-,9688990328,kavya517@cit.edu.in,"50 Gandhi Road",Delhi,Delhi,640065,"Vikram Kumar",9373660879,2023,D,5,"Chennai Institute of Technology",Active
518,"Aditya Rao",EEE,4,Female,2002-07-25,AB+,9058934678,aditya518@cit.edu.in,"89 Gandhi Road",Mumbai,Telangana,638586,"Sanya Rao",9635735490,2022,C,7,"Chennai Institute of Technology",Active
519,"Ananya Singh",MECH,3,Female,2002-12-16,B-,9921585698,ananya519@cit.edu.in,"98 Gandhi Road",Bengaluru,Maharashtra,610456,"Pooja Singh",9303579628,2023,B,6,"Chennai Institute of Technology",Active
520,"Meera Mehta",CIVIL,1,Male,2006-05-24,B+,9233012921,meera520@cit.edu.in,"75 Gandhi Road",Delhi,Tamil Nadu,681577,"Aditya Mehta",9338906368,2025,B,2,"Chennai Institute of Technology",Active
521,"Karan Kumar",IT,1,Female,2005-01-22,A-,9570162610,karan521@cit.edu.in,"41 Gandhi Road",Delhi,Telangana,639499,"Diya Kumar",9443024651,2025,A,1,"Chennai Institute of Technology",Active
522,"Ananya Verma",CSE,4,Male,2005-01-16,B-,9292695719,ananya522@cit.edu.in,"29 Gandhi Road",Pune,Maharashtra,613440,"Pooja Verma",9251058757,2022,B,7,"Chennai Institute of Technology",Active
523,"Kavya Patel",AIML,2,Male,2006-07-04,AB+,9097038843,kavya523@cit.edu.in,"22 Gandhi Road",Kolkata,Maharashtra,657816,"Aditya Patel",9457566671,2024,B,3,"Chennai Institute of Technology",Active
524,"Kavya Sharma",IT,4,Female,2002-08-19,AB-,9525928721,kavya524@cit.edu.in,"94 Gandhi Road",Pune,West Bengal,661911,"Pooja Sharma",9671343836,2022,B,8,"Chennai Institute of Technology",Active
525,"Rohan Verma",AIML,3,Female,2005-12-18,AB+,9732172970,rohan525@cit.edu.in,"39 Gandhi Road",Chennai,Delhi,658717,"Arjun Verma",9991392216,2023,C,5,"Chennai Institute of Technology",Active
526,"Priya Mehta",AIML,2,Male,2002-11-22,AB-,9747449955,priya526@cit.edu.in,"22 Gandhi Road",Pune,Karnataka,671051,"Pooja Mehta",9103693373,2024,D,4,"Chennai Institute of Technology",Active
527,"Kavya Nair",CSE,2,Male,2005-10-21,A+,9900116219,kavya527@cit.edu.in,"36 Gandhi Road",Delhi,Telangana,698046,"Neha Nair",9329550834,2024,A,3,"Chennai Institute of Technology",Active
528,"Priya Reddy",AIDS,4,Female,2003-10-02,O+,9295773851,priya528@cit.edu.in,"55 Gandhi Road",Mumbai,Delhi,610559,"Diya Reddy",9019409942,2022,A,8,"Chennai Institute of Technology",Active
529,"Meera Joshi",AIML,4,Male,2002-06-01,A+,9543409435,meera529@cit.edu.in,"12 Gandhi Road",Hyderabad,Delhi,699090,"Diya Joshi",9418260842,2022,C,7,"Chennai Institute of Technology",Active
530,"Aditya Singh",AIDS,2,Male,2005-01-14,A-,9755448745,aditya530@cit.edu.in,"84 Gandhi Road",Kolkata,Telangana,618485,"Diya Singh",9214914920,2024,B,3,"Chennai Institute of Technology",Active
531,"Diya Singh",AIDS,2,Female,2003-10-27,B-,9466011673,diya531@cit.edu.in,"48 Gandhi Road",Hyderabad,Tamil Nadu,611785,"Pooja Singh",9151857024,2024,C,4,"Chennai Institute of Technology",Active
532,"Rahul Verma",AIML,1,Female,2005-07-15,O-,9352289661,rahul532@cit.edu.in,"17 Gandhi Road",Kolkata,West Bengal,662654,"Aarav Verma",9799879373,2025,D,2,"Chennai Institute of Technology",Active
533,"Ananya Nair",CSE,4,Female,2003-09-22,AB-,9005872265,ananya533@cit.edu.in,"43 Gandhi Road",Kolkata,Delhi,680097,"Priya Nair",9413530871,2022,B,7,"Chennai Institute of Technology",Active
534,"Karan Sharma",AIDS,2,Male,2002-10-04,AB+,9406162865,karan534@cit.edu.in,"21 Gandhi Road",Delhi,Delhi,684439,"Vikram Sharma",9880769494,2024,C,3,"Chennai Institute of Technology",Active
535,"Pooja Chopra",CIVIL,4,Female,2004-10-01,O-,9012918710,pooja535@cit.edu.in,"52 Gandhi Road",Delhi,Telangana,698646,"Pooja Chopra",9177346504,2022,D,7,"Chennai Institute of Technology",Active
536,"Arjun Chopra",ECE,3,Male,2004-02-06,A-,9784976595,arjun536@cit.edu.in,"57 Gandhi Road",Kolkata,West Bengal,648051,"Varun Chopra",9574470546,2023,B,6,"Chennai Institute of Technology",Active
537,"Karan Chopra",IT,2,Male,2003-06-21,AB-,9255954307,karan537@cit.edu.in,"58 Gandhi Road",Mumbai,West Bengal,663488,"Meera Chopra",9894557943,2024,C,3,"Chennai Institute of Technology",Active
538,"Karan Verma",AIDS,2,Male,2006-10-17,A+,9304297807,karan538@cit.edu.in,"68 Gandhi Road",Delhi,Tamil Nadu,655850,"Kavya Verma",9932787755,2024,B,3,"Chennai Institute of Technology",Active
539,"Rohan Kumar",ECE,2,Female,2004-03-10,A+,9643207390,rohan539@cit.edu.in,"30 Gandhi Road",Mumbai,West Bengal,669318,"Varun Kumar",9479698557,2024,C,3,"Chennai Institute of Technology",Active
540,"Aarav Verma",IT,3,Female,2006-12-21,B+,9386826154,aarav540@cit.edu.in,"40 Gandhi Road",Kolkata,Maharashtra,665353,"Aditya Verma",9782559508,2023,A,6,"Chennai Institute of Technology",Active
541,"Pooja Joshi",IT,2,Female,2003-08-26,B-,9115818340,pooja541@cit.edu.in,"76 Gandhi Road",Bengaluru,Karnataka,654936,"Aarav Joshi",9420552875,2024,C,3,"Chennai Institute of Technology",Active
542,"Meera Kumar",AIDS,1,Female,2004-01-24,AB+,9300873403,meera542@cit.edu.in,"39 Gandhi Road",Mumbai,Telangana,691271,"Varun Kumar",9904415442,2025,C,2,"Chennai Institute of Technology",Active
543,"Rahul Mehta",MECH,1,Female,2004-06-28,AB+,9091824371,rahul543@cit.edu.in,"25 Gandhi Road",Chennai,Karnataka,663860,"Aarav Mehta",9626024990,2025,A,2,"Chennai Institute of Technology",Active
544,"Arjun Gupta",MECH,3,Male,2002-12-24,A-,9213506743,arjun544@cit.edu.in,"46 Gandhi Road",Bengaluru,Delhi,653967,"Vikram Gupta",9249300492,2023,D,5,"Chennai Institute of Technology",Active
545,"Aarav Joshi",CSE,2,Female,2006-08-24,AB-,9139191822,aarav545@cit.edu.in,"90 Gandhi Road",Kolkata,Delhi,639150,"Ananya Joshi",9975751891,2024,C,3,"Chennai Institute of Technology",Active
546,"Karan Rao",CSE,4,Male,2002-11-27,A+,9124579022,karan546@cit.edu.in,"39 Gandhi Road",Kolkata,Karnataka,652154,"Meera Rao",9357683304,2022,A,7,"Chennai Institute of Technology",Active
547,"Karan Chopra",CSE,1,Female,2005-06-20,A-,9913730754,karan547@cit.edu.in,"54 Gandhi Road",Chennai,Maharashtra,660442,"Varun Chopra",9456124786,2025,C,1,"Chennai Institute of Technology",Active
548,"Rohan Nair",IT,3,Female,2002-12-14,A+,9339945516,rohan548@cit.edu.in,"25 Gandhi Road",Delhi,Karnataka,663849,"Aditya Nair",9196149619,2023,C,5,"Chennai Institute of Technology",Active
549,"Rahul Joshi",ECE,2,Male,2003-03-23,A-,9806603176,rahul549@cit.edu.in,"79 Gandhi Road",Kolkata,Telangana,607328,"Ananya Joshi",9482484459,2024,B,4,"Chennai Institute of Technology",Active
550,"Karan Verma",IT,4,Male,2002-10-07,A+,9123725087,karan550@cit.edu.in,"62 Gandhi Road",Pune,Delhi,640990,"Sanya Verma",9728683063,2022,A,8,"Chennai Institute of Technology",Active
551,"Meera Patel",AIML,3,Female,2003-06-12,AB-,9804023540,meera551@cit.edu.in,"94 Gandhi Road",Hyderabad,Tamil Nadu,696184,"Kavya Patel",9065851183,2023,D,5,"Chennai Institute of Technology",Active
552,"Vikram Patel",MECH,2,Female,2005-12-12,B+,9943614323,vikram552@cit.edu.in,"80 Gandhi Road",Mumbai,Karnataka,647207,"Meera Patel",9433617805,2024,A,4,"Chennai Institute of Technology",Active
553,"Rohan Reddy",ECE,2,Female,2002-09-13,O+,9326520800,rohan553@cit.edu.in,"59 Gandhi Road",Pune,West Bengal,645270,"Aditya Reddy",9930535254,2024,B,3,"Chennai Institute of Technology",Active
554,"Sanya Chopra",CSE,3,Female,2002-05-27,B-,9958355307,sanya554@cit.edu.in,"75 Gandhi Road",Pune,Tamil Nadu,641913,"Pooja Chopra",9842877075,2023,B,6,"Chennai Institute of Technology",Active
555,"Meera Reddy",ECE,3,Female,2004-09-13,O-,9341682614,meera555@cit.edu.in,"49 Gandhi Road",Mumbai,Delhi,697816,"Rahul Reddy",9560240860,2023,C,6,"Chennai Institute of Technology",Active
556,"Arjun Sharma",CIVIL,4,Female,2006-05-23,A+,9997078362,arjun556@cit.edu.in,"13 Gandhi Road",Kolkata,West Bengal,648484,"Meera Sharma",9854957368,2022,C,8,"Chennai Institute of Technology",Active
557,"Karan Singh",EEE,3,Female,2005-03-03,O-,9958607991,karan557@cit.edu.in,"30 Gandhi Road",Hyderabad,Delhi,655674,"Kavya Singh",9887437323,2023,A,5,"Chennai Institute of Technology",Active
558,"Meera Mehta",MECH,3,Male,2005-10-23,AB-,9803895773,meera558@cit.edu.in,"10 Gandhi Road",Hyderabad,Delhi,643670,"Rohan Mehta",9284383987,2023,D,5,"Chennai Institute of Technology",Active
559,"Ananya Reddy",CSE,1,Female,2003-09-15,B-,9119083820,ananya559@cit.edu.in,"68 Gandhi Road",Bengaluru,Telangana,675207,"Aarav Reddy",9623984499,2025,B,1,"Chennai Institute of Technology",Active
560,"Diya Rao",IT,3,Female,2003-09-15,A+,9444625591,diya560@cit.edu.in,"82 Gandhi Road",Bengaluru,Tamil Nadu,647873,"Meera Rao",9486851987,2023,C,6,"Chennai Institute of Technology",Active
561,"Priya Joshi",IT,2,Female,2006-12-18,O-,9247729607,priya561@cit.edu.in,"31 Gandhi Road",Bengaluru,Telangana,695050,"Varun Joshi",9483798165,2024,C,4,"Chennai Institute of Technology",Active
562,"Kavya Sharma",EEE,2,Male,2006-11-19,O-,9603082824,kavya562@cit.edu.in,"67 Gandhi Road",Bengaluru,Karnataka,635699,"Ananya Sharma",9336413744,2024,B,3,"Chennai Institute of Technology",Active
563,"Karan Rao",MECH,2,Male,2002-02-27,A-,9026347190,karan563@cit.edu.in,"82 Gandhi Road",Kolkata,Delhi,618759,"Kavya Rao",9490663328,2024,A,3,"Chennai Institute of Technology",Active
564,"Rohan Reddy",AIML,2,Male,2005-07-13,A+,9262187434,rohan564@cit.edu.in,"98 Gandhi Road",Bengaluru,Tamil Nadu,653305,"Diya Reddy",9564244544,2024,C,3,"Chennai Institute of Technology",Active
565,"Sanya Singh",CSE,4,Male,2004-08-26,B+,9868713478,sanya565@cit.edu.in,"68 Gandhi Road",Chennai,Tamil Nadu,679517,"Vikram Singh",9761708626,2022,A,8,"Chennai Institute of Technology",Active
566,"Varun Verma",CSE,2,Female,2004-10-16,A-,9873347945,varun566@cit.edu.in,"67 Gandhi Road",Chennai,Maharashtra,670473,"Priya Verma",9075353797,2024,C,3,"Chennai Institute of Technology",Active
567,"Diya Gupta",MECH,2,Female,2005-10-05,B+,9890177072,diya567@cit.edu.in,"94 Gandhi Road",Bengaluru,West Bengal,677937,"Ananya Gupta",9073948671,2024,C,3,"Chennai Institute of Technology",Active
568,"Rohan Mehta",CIVIL,4,Female,2004-03-15,AB-,9144397534,rohan568@cit.edu.in,"44 Gandhi Road",Chennai,Karnataka,634564,"Vikram Mehta",9648058276,2022,D,7,"Chennai Institute of Technology",Active
569,"Pooja Verma",AIDS,2,Female,2003-07-10,B+,9319608450,pooja569@cit.edu.in,"59 Gandhi Road",Kolkata,Tamil Nadu,690220,"Kavya Verma",9558940846,2024,D,3,"Chennai Institute of Technology",Active
570,"Rohan Verma",AIDS,2,Male,2003-10-21,O-,9332694056,rohan570@cit.edu.in,"74 Gandhi Road",Kolkata,Karnataka,635569,"Kavya Verma",9334311696,2024,A,3,"Chennai Institute of Technology",Active
571,"Ananya Singh",AIML,4,Female,2002-05-14,AB-,9745283883,ananya571@cit.edu.in,"79 Gandhi Road",Bengaluru,Maharashtra,661126,"Sanya Singh",9694757728,2022,D,7,"Chennai Institute of Technology",Active
572,"Sanya Gupta",AIDS,2,Male,2003-04-06,B-,9399392454,sanya572@cit.edu.in,"31 Gandhi Road",Chennai,Maharashtra,655573,"Sanya Gupta",9524319524,2024,B,3,"Chennai Institute of Technology",Active
573,"Kavya Mehta",AIDS,1,Female,2005-05-17,AB+,9204441316,kavya573@cit.edu.in,"99 Gandhi Road",Mumbai,Delhi,622830,"Vikram Mehta",9918014828,2025,D,2,"Chennai Institute of Technology",Active
574,"Priya Reddy",EEE,4,Female,2003-01-10,B-,9936735445,priya574@cit.edu.in,"30 Gandhi Road",Hyderabad,West Bengal,604212,"Pooja Reddy",9216946064,2022,B,7,"Chennai Institute of Technology",Active
575,"Rohan Reddy",CIVIL,3,Male,2005-07-23,AB+,9341430022,rohan575@cit.edu.in,"16 Gandhi Road",Mumbai,Karnataka,646996,"Rohan Reddy",9536069351,2023,D,5,"Chennai Institute of Technology",Active
576,"Karan Mehta",CIVIL,3,Male,2003-03-14,O-,9102461802,karan576@cit.edu.in,"67 Gandhi Road",Bengaluru,Telangana,642713,"Varun Mehta",9398857163,2023,A,5,"Chennai Institute of Technology",Active
577,"Meera Verma",CIVIL,4,Female,2003-03-07,B+,9893869789,meera577@cit.edu.in,"12 Gandhi Road",Hyderabad,West Bengal,602960,"Pooja Verma",9999965811,2022,B,7,"Chennai Institute of Technology",Active
578,"Sanya Sharma",EEE,4,Male,2003-08-13,O-,9027510564,sanya578@cit.edu.in,"13 Gandhi Road",Pune,Delhi,627999,"Rahul Sharma",9753383584,2022,C,8,"Chennai Institute of Technology",Active
579,"Arjun Rao",CIVIL,1,Male,2005-05-25,B+,9267872995,arjun579@cit.edu.in,"53 Gandhi Road",Pune,Tamil Nadu,626702,"Diya Rao",9585129015,2025,D,2,"Chennai Institute of Technology",Active
580,"Karan Gupta",ECE,4,Female,2003-01-15,O+,9601652117,karan580@cit.edu.in,"48 Gandhi Road",Delhi,Delhi,651499,"Varun Gupta",9527275448,2022,C,8,"Chennai Institute of Technology",Active
581,"Karan Joshi",ECE,1,Male,2006-06-12,O-,9029591719,karan581@cit.edu.in,"65 Gandhi Road",Delhi,Karnataka,613993,"Aarav Joshi",9470359219,2025,D,1,"Chennai Institute of Technology",Active
582,"Rahul Patel",AIML,4,Female,2005-01-02,AB-,9651039402,rahul582@cit.edu.in,"30 Gandhi Road",Kolkata,Telangana,613323,"Pooja Patel",9663364538,2022,B,7,"Chennai Institute of Technology",Active
583,"Diya Sharma",ECE,3,Female,2004-01-08,O+,9206499809,diya583@cit.edu.in,"70 Gandhi Road",Mumbai,Maharashtra,645269,"Aditya Sharma",9827803621,2023,D,6,"Chennai Institute of Technology",Active
584,"Aarav Singh",AIDS,1,Female,2006-04-03,A-,9939252189,aarav584@cit.edu.in,"67 Gandhi Road",Kolkata,West Bengal,674297,"Kavya Singh",9768381146,2025,A,1,"Chennai Institute of Technology",Active
585,"Rohan Joshi",IT,4,Male,2003-11-17,B+,9414684898,rohan585@cit.edu.in,"33 Gandhi Road",Pune,West Bengal,663130,"Vikram Joshi",9113372290,2022,A,7,"Chennai Institute of Technology",Active
586,"Karan Chopra",CSE,1,Female,2002-05-21,AB+,9513843634,karan586@cit.edu.in,"81 Gandhi Road",Bengaluru,Karnataka,679579,"Varun Chopra",9231760876,2025,B,2,"Chennai Institute of Technology",Active
587,"Rohan Chopra",IT,2,Male,2006-06-07,AB+,9988381510,rohan587@cit.edu.in,"91 Gandhi Road",Hyderabad,Maharashtra,696476,"Meera Chopra",9986645227,2024,C,4,"Chennai Institute of Technology",Active
588,"Rahul Mehta",EEE,1,Female,2004-11-22,AB-,9078752096,rahul588@cit.edu.in,"62 Gandhi Road",Bengaluru,Tamil Nadu,643284,"Neha Mehta",9083423013,2025,A,2,"Chennai Institute of Technology",Active
589,"Diya Kumar",ECE,3,Female,2006-07-12,O-,9100365154,diya589@cit.edu.in,"83 Gandhi Road",Chennai,Tamil Nadu,614908,"Varun Kumar",9062493317,2023,B,5,"Chennai Institute of Technology",Active
590,"Arjun Gupta",AIML,1,Female,2002-03-03,A-,9510658697,arjun590@cit.edu.in,"54 Gandhi Road",Kolkata,Maharashtra,673968,"Rahul Gupta",9473268474,2025,B,2,"Chennai Institute of Technology",Active
591,"Neha Joshi",AIML,4,Female,2004-05-24,O+,9448685019,neha591@cit.edu.in,"89 Gandhi Road",Hyderabad,Delhi,681656,"Rahul Joshi",9740257411,2022,B,7,"Chennai Institute of Technology",Active
592,"Diya Kumar",IT,3,Male,2002-09-09,B-,9656122816,diya592@cit.edu.in,"95 Gandhi Road",Chennai,Maharashtra,614039,"Arjun Kumar",9113022540,2023,A,6,"Chennai Institute of Technology",Active
593,"Aarav Patel",CIVIL,2,Female,2003-03-07,A-,9216251178,aarav593@cit.edu.in,"95 Gandhi Road",Kolkata,West Bengal,686348,"Priya Patel",9820187949,2024,A,4,"Chennai Institute of Technology",Active
594,"Rahul Gupta",IT,4,Female,2002-04-16,B-,9421249762,rahul594@cit.edu.in,"20 Gandhi Road",Mumbai,Delhi,628042,"Karan Gupta",9897716275,2022,D,8,"Chennai Institute of Technology",Active
595,"Rohan Mehta",ECE,1,Male,2002-01-23,A+,9189283680,rohan595@cit.edu.in,"11 Gandhi Road",Pune,Maharashtra,647980,"Rohan Mehta",9025864083,2025,A,2,"Chennai Institute of Technology",Active
596,"Ananya Patel",ECE,2,Female,2006-12-13,O+,9034198371,ananya596@cit.edu.in,"24 Gandhi Road",Delhi,Telangana,683507,"Diya Patel",9487721669,2024,A,4,"Chennai Institute of Technology",Active
597,"Meera Reddy",AIDS,4,Male,2005-06-04,AB+,9868515616,meera597@cit.edu.in,"24 Gandhi Road",Delhi,Telangana,611414,"Rohan Reddy",9243114461,2022,D,8,"Chennai Institute of Technology",Active
598,"Neha Kumar",MECH,4,Male,2002-04-09,AB-,9998883511,neha598@cit.edu.in,"79 Gandhi Road",Mumbai,Tamil Nadu,639345,"Arjun Kumar",9064661863,2022,A,7,"Chennai Institute of Technology",Active
599,"Ananya Reddy",AIDS,1,Male,2004-04-25,O+,9610941229,ananya599@cit.edu.in,"23 Gandhi Road",Kolkata,Telangana,698470,"Pooja Reddy",9276834309,2025,B,2,"Chennai Institute of Technology",Active
600,"Diya Verma",AIDS,3,Female,2005-09-15,AB-,9907820853,diya600@cit.edu.in,"68 Gandhi Road",Kolkata,West Bengal,634207,"Priya Verma",9646570117,2023,A,5,"Chennai Institute of Technology",Active
601,"Karan Reddy",CIVIL,2,Female,2005-09-07,B+,9953876045,karan601@cit.edu.in,"77 Gandhi Road",Bengaluru,Delhi,682911,"Kavya Reddy",9329832399,2024,C,4,"Chennai Institute of Technology",Active
602,"Aditya Joshi",IT,2,Male,2006-11-14,B-,9266489000,aditya602@cit.edu.in,"27 Gandhi Road",Hyderabad,Delhi,658661,"Vikram Joshi",9159271871,2024,A,3,"Chennai Institute of Technology",Active
603,"Sanya Nair",IT,3,Male,2002-10-07,A-,9930666419,sanya603@cit.edu.in,"61 Gandhi Road",Mumbai,Telangana,699765,"Pooja Nair",9499694207,2023,B,5,"Chennai Institute of Technology",Active
604,"Rohan Joshi",CIVIL,3,Male,2005-04-04,B-,9813549822,rohan604@cit.edu.in,"69 Gandhi Road",Delhi,Tamil Nadu,661243,"Meera Joshi",9352466862,2023,C,6,"Chennai Institute of Technology",Active
605,"Priya Kumar",AIDS,2,Male,2004-09-23,A-,9673048698,priya605@cit.edu.in,"55 Gandhi Road",Chennai,Telangana,662024,"Vikram Kumar",9860646098,2024,D,4,"Chennai Institute of Technology",Active
606,"Aditya Mehta",CSE,3,Female,2004-03-07,B-,9717355318,aditya606@cit.edu.in,"74 Gandhi Road",Chennai,Karnataka,690181,"Pooja Mehta",9822365363,2023,A,5,"Chennai Institute of Technology",Active
607,"Sanya Singh",CSE,2,Female,2005-10-20,A-,9478672531,sanya607@cit.edu.in,"17 Gandhi Road",Delhi,Telangana,627805,"Aarav Singh",9859558336,2024,B,3,"Chennai Institute of Technology",Active
608,"Arjun Patel",EEE,2,Female,2004-02-10,O+,9304413549,arjun608@cit.edu.in,"97 Gandhi Road",Chennai,Delhi,626099,"Pooja Patel",9160094731,2024,D,3,"Chennai Institute of Technology",Active
609,"Rahul Singh",IT,3,Female,2003-07-16,AB+,9844777190,rahul609@cit.edu.in,"95 Gandhi Road",Delhi,Tamil Nadu,675345,"Rohan Singh",9713411580,2023,B,6,"Chennai Institute of Technology",Active
610,"Ananya Mehta",MECH,2,Male,2003-09-19,B+,9993531616,ananya610@cit.edu.in,"27 Gandhi Road",Hyderabad,Telangana,665149,"Vikram Mehta",9554783101,2024,A,4,"Chennai Institute of Technology",Active
611,"Diya Mehta",CSE,1,Male,2005-03-25,O-,9789863297,diya611@cit.edu.in,"67 Gandhi Road",Bengaluru,Delhi,644494,"Aarav Mehta",9416012150,2025,C,1,"Chennai Institute of Technology",Active
612,"Rohan Verma",CSE,1,Female,2005-04-10,A+,9592408766,rohan612@cit.edu.in,"48 Gandhi Road",Chennai,Tamil Nadu,650764,"Kavya Verma",9565972901,2025,C,1,"Chennai Institute of Technology",Active
613,"Ananya Chopra",MECH,2,Female,2003-04-15,AB-,9414468167,ananya613@cit.edu.in,"47 Gandhi Road",Delhi,Maharashtra,683582,"Sanya Chopra",9635407885,2024,C,3,"Chennai Institute of Technology",Active
614,"Diya Nair",CSE,4,Female,2004-12-09,O+,9916371866,diya614@cit.edu.in,"28 Gandhi Road",Pune,Tamil Nadu,642737,"Ananya Nair",9822321137,2022,B,7,"Chennai Institute of Technology",Active
615,"Rahul Nair",AIDS,4,Female,2003-10-24,O+,9336445038,rahul615@cit.edu.in,"26 Gandhi Road",Hyderabad,West Bengal,658260,"Karan Nair",9555892704,2022,B,7,"Chennai Institute of Technology",Active
616,"Arjun Sharma",AIDS,3,Male,2003-08-27,AB+,9345169806,arjun616@cit.edu.in,"46 Gandhi Road",Delhi,Karnataka,629144,"Vikram Sharma",9882443501,2023,D,5,"Chennai Institute of Technology",Active
617,"Arjun Gupta",CSE,4,Female,2003-06-05,A+,9880538740,arjun617@cit.edu.in,"14 Gandhi Road",Hyderabad,Delhi,668757,"Priya Gupta",9698966122,2022,A,8,"Chennai Institute of Technology",Active
618,"Rohan Chopra",CSE,1,Female,2006-06-28,A-,9172047875,rohan618@cit.edu.in,"61 Gandhi Road",Chennai,Tamil Nadu,634199,"Vikram Chopra",9559756307,2025,A,2,"Chennai Institute of Technology",Active
619,"Pooja Kumar",MECH,3,Male,2002-10-05,AB+,9762281145,pooja619@cit.edu.in,"20 Gandhi Road",Chennai,Tamil Nadu,675664,"Sanya Kumar",9329073038,2023,C,5,"Chennai Institute of Technology",Active
620,"Sanya Joshi",CSE,4,Male,2003-07-22,B+,9265137443,sanya620@cit.edu.in,"45 Gandhi Road",Kolkata,Maharashtra,602197,"Rohan Joshi",9252837971,2022,A,8,"Chennai Institute of Technology",Active
621,"Rohan Chopra",EEE,3,Female,2006-10-02,B-,9846889260,rohan621@cit.edu.in,"45 Gandhi Road",Mumbai,Delhi,626864,"Varun Chopra",9251004989,2023,A,5,"Chennai Institute of Technology",Active
622,"Rohan Joshi",AIDS,1,Female,2003-06-04,A+,9276652379,rohan622@cit.edu.in,"17 Gandhi Road",Hyderabad,West Bengal,635766,"Meera Joshi",9060615431,2025,B,1,"Chennai Institute of Technology",Active
623,"Kavya Singh",AIML,1,Female,2002-05-28,AB+,9459655891,kavya623@cit.edu.in,"53 Gandhi Road",Hyderabad,Tamil Nadu,605440,"Kavya Singh",9113633849,2025,D,1,"Chennai Institute of Technology",Active
624,"Karan Mehta",MECH,2,Female,2004-06-12,B+,9348819309,karan624@cit.edu.in,"74 Gandhi Road",Chennai,West Bengal,631519,"Sanya Mehta",9752699144,2024,C,4,"Chennai Institute of Technology",Active
625,"Aditya Chopra",CSE,4,Female,2004-11-07,A-,9913785589,aditya625@cit.edu.in,"28 Gandhi Road",Kolkata,Maharashtra,645159,"Sanya Chopra",9034073842,2022,D,7,"Chennai Institute of Technology",Active
626,"Vikram Kumar",IT,1,Male,2004-08-21,B+,9371694896,vikram626@cit.edu.in,"67 Gandhi Road",Bengaluru,Karnataka,602222,"Rohan Kumar",9213020121,2025,C,1,"Chennai Institute of Technology",Active
627,"Pooja Sharma",AIDS,2,Female,2003-06-02,O-,9173865958,pooja627@cit.edu.in,"55 Gandhi Road",Chennai,Delhi,666716,"Diya Sharma",9294867855,2024,D,4,"Chennai Institute of Technology",Active
628,"Rahul Patel",CSE,1,Male,2005-09-19,B+,9639513318,rahul628@cit.edu.in,"48 Gandhi Road",Delhi,Telangana,685365,"Kavya Patel",9408471295,2025,B,2,"Chennai Institute of Technology",Active
629,"Diya Reddy",CIVIL,1,Male,2003-05-12,AB-,9773120878,diya629@cit.edu.in,"12 Gandhi Road",Hyderabad,Tamil Nadu,627829,"Diya Reddy",9595529036,2025,A,2,"Chennai Institute of Technology",Active
630,"Varun Rao",AIDS,2,Female,2003-02-23,AB-,9721261940,varun630@cit.edu.in,"58 Gandhi Road",Pune,Maharashtra,639251,"Rohan Rao",9698544839,2024,B,3,"Chennai Institute of Technology",Active
631,"Priya Patel",AIDS,4,Male,2004-03-22,A+,9332563312,priya631@cit.edu.in,"37 Gandhi Road",Delhi,Maharashtra,646105,"Arjun Patel",9291193503,2022,A,8,"Chennai Institute of Technology",Active
632,"Aditya Mehta",EEE,4,Female,2002-11-11,O-,9405020464,aditya632@cit.edu.in,"93 Gandhi Road",Hyderabad,Telangana,649517,"Rohan Mehta",9841414766,2022,C,8,"Chennai Institute of Technology",Active
633,"Pooja Joshi",CIVIL,2,Female,2004-06-23,A+,9818264912,pooja633@cit.edu.in,"56 Gandhi Road",Hyderabad,Maharashtra,647461,"Aditya Joshi",9089805558,2024,B,3,"Chennai Institute of Technology",Active
634,"Ananya Nair",AIML,3,Female,2003-09-02,O-,9239551719,ananya634@cit.edu.in,"59 Gandhi Road",Hyderabad,Maharashtra,608677,"Aditya Nair",9536633944,2023,D,6,"Chennai Institute of Technology",Active
635,"Pooja Sharma",AIML,4,Male,2002-05-10,O+,9440841262,pooja635@cit.edu.in,"84 Gandhi Road",Chennai,Karnataka,671613,"Vikram Sharma",9066279719,2022,D,7,"Chennai Institute of Technology",Active
636,"Karan Gupta",EEE,2,Female,2005-05-23,B-,9693661650,karan636@cit.edu.in,"64 Gandhi Road",Delhi,Delhi,602521,"Aarav Gupta",9949391362,2024,C,4,"Chennai Institute of Technology",Active
637,"Sanya Mehta",ECE,2,Male,2005-12-14,AB-,9218266924,sanya637@cit.edu.in,"59 Gandhi Road",Kolkata,Tamil Nadu,685018,"Varun Mehta",9929417137,2024,B,4,"Chennai Institute of Technology",Active
638,"Rahul Reddy",MECH,3,Male,2005-09-10,A-,9421820837,rahul638@cit.edu.in,"27 Gandhi Road",Mumbai,Delhi,690114,"Vikram Reddy",9511398826,2023,B,6,"Chennai Institute of Technology",Active
639,"Aarav Rao",CSE,2,Female,2006-11-19,O+,9401451212,aarav639@cit.edu.in,"89 Gandhi Road",Kolkata,Tamil Nadu,601245,"Varun Rao",9715223376,2024,C,4,"Chennai Institute of Technology",Active
640,"Ananya Rao",CIVIL,3,Male,2006-10-28,O+,9087126688,ananya640@cit.edu.in,"89 Gandhi Road",Chennai,Tamil Nadu,623919,"Aditya Rao",9931773940,2023,D,6,"Chennai Institute of Technology",Active
641,"Rahul Nair",ECE,4,Female,2002-08-05,O-,9279961296,rahul641@cit.edu.in,"82 Gandhi Road",Chennai,Karnataka,655445,"Pooja Nair",9136536125,2022,A,8,"Chennai Institute of Technology",Active
642,"Priya Reddy",EEE,1,Male,2002-06-15,B-,9572995008,priya642@cit.edu.in,"63 Gandhi Road",Delhi,Karnataka,647306,"Ananya Reddy",9305405755,2025,A,1,"Chennai Institute of Technology",Active
643,"Aditya Sharma",AIDS,2,Female,2004-10-23,B-,9689397055,aditya643@cit.edu.in,"14 Gandhi Road",Delhi,West Bengal,614694,"Ananya Sharma",9467587591,2024,B,3,"Chennai Institute of Technology",Active
644,"Neha Verma",CSE,4,Female,2006-04-28,O+,9189867284,neha644@cit.edu.in,"63 Gandhi Road",Chennai,West Bengal,698599,"Rahul Verma",9921832054,2022,A,7,"Chennai Institute of Technology",Active
645,"Ananya Reddy",CIVIL,3,Female,2005-07-27,A-,9061271684,ananya645@cit.edu.in,"73 Gandhi Road",Hyderabad,Telangana,604172,"Aditya Reddy",9291132424,2023,C,5,"Chennai Institute of Technology",Active
646,"Rahul Sharma",CIVIL,2,Male,2004-04-11,A-,9133931053,rahul646@cit.edu.in,"74 Gandhi Road",Pune,Telangana,629060,"Arjun Sharma",9873611716,2024,B,4,"Chennai Institute of Technology",Active
647,"Arjun Reddy",IT,2,Male,2005-03-27,A+,9110352517,arjun647@cit.edu.in,"93 Gandhi Road",Kolkata,West Bengal,685199,"Sanya Reddy",9599284198,2024,B,3,"Chennai Institute of Technology",Active
648,"Varun Rao",CSE,3,Male,2003-01-25,A+,9785729329,varun648@cit.edu.in,"42 Gandhi Road",Hyderabad,Maharashtra,642511,"Pooja Rao",9348268327,2023,B,6,"Chennai Institute of Technology",Active
649,"Diya Nair",ECE,2,Male,2002-02-21,B+,9881389357,diya649@cit.edu.in,"76 Gandhi Road",Bengaluru,Telangana,638289,"Karan Nair",9080836317,2024,B,3,"Chennai Institute of Technology",Active
650,"Ananya Patel",AIDS,2,Male,2002-09-23,A+,9132172261,ananya650@cit.edu.in,"21 Gandhi Road",Hyderabad,West Bengal,660142,"Rahul Patel",9152929465,2024,A,3,"Chennai Institute of Technology",Active
651,"Arjun Reddy",ECE,4,Male,2005-05-05,O+,9239432894,arjun651@cit.edu.in,"57 Gandhi Road",Bengaluru,Karnataka,670897,"Rahul Reddy",9210463759,2022,C,8,"Chennai Institute of Technology",Active
652,"Pooja Patel",ECE,3,Female,2003-04-01,O+,9990326175,pooja652@cit.edu.in,"98 Gandhi Road",Pune,Telangana,620423,"Sanya Patel",9658132109,2023,A,6,"Chennai Institute of Technology",Active
653,"Kavya Joshi",CSE,4,Female,2005-10-10,AB+,9295621698,kavya653@cit.edu.in,"94 Gandhi Road",Mumbai,West Bengal,671653,"Ananya Joshi",9630310608,2022,C,8,"Chennai Institute of Technology",Active
654,"Arjun Patel",AIML,3,Male,2003-06-13,B+,9033003773,arjun654@cit.edu.in,"51 Gandhi Road",Pune,Maharashtra,662598,"Kavya Patel",9937050965,2023,A,5,"Chennai Institute of Technology",Active
655,"Neha Chopra",AIDS,4,Female,2003-10-10,O+,9407906329,neha655@cit.edu.in,"74 Gandhi Road",Bengaluru,West Bengal,698317,"Ananya Chopra",9893321038,2022,C,7,"Chennai Institute of Technology",Active
656,"Neha Singh",CSE,2,Female,2003-09-11,A-,9134872131,neha656@cit.edu.in,"62 Gandhi Road",Mumbai,Tamil Nadu,618982,"Sanya Singh",9141845258,2024,B,3,"Chennai Institute of Technology",Active
657,"Pooja Patel",ECE,1,Female,2002-11-12,A+,9269501077,pooja657@cit.edu.in,"38 Gandhi Road",Pune,Maharashtra,641406,"Sanya Patel",9995861967,2025,A,1,"Chennai Institute of Technology",Active
658,"Karan Joshi",CSE,3,Female,2006-05-15,A+,9136019672,karan658@cit.edu.in,"20 Gandhi Road",Pune,Karnataka,619291,"Aditya Joshi",9838631840,2023,A,5,"Chennai Institute of Technology",Active
659,"Meera Patel",CIVIL,3,Female,2003-06-16,A-,9224696444,meera659@cit.edu.in,"66 Gandhi Road",Chennai,Telangana,660492,"Kavya Patel",9018665478,2023,A,5,"Chennai Institute of Technology",Active
660,"Diya Patel",CIVIL,1,Female,2006-07-22,AB+,9813557865,diya660@cit.edu.in,"74 Gandhi Road",Delhi,West Bengal,667190,"Rohan Patel",9158561583,2025,D,1,"Chennai Institute of Technology",Active
661,"Rahul Kumar",CIVIL,4,Male,2006-08-05,AB-,9070180195,rahul661@cit.edu.in,"88 Gandhi Road",Bengaluru,West Bengal,682294,"Meera Kumar",9305705934,2022,D,7,"Chennai Institute of Technology",Active
662,"Pooja Chopra",EEE,2,Male,2006-10-17,B-,9021705589,pooja662@cit.edu.in,"15 Gandhi Road",Hyderabad,Delhi,602021,"Ananya Chopra",9409746531,2024,D,4,"Chennai Institute of Technology",Active
663,"Priya Singh",AIDS,4,Male,2003-08-27,O-,9360256089,priya663@cit.edu.in,"47 Gandhi Road",Bengaluru,Karnataka,607196,"Rahul Singh",9876771721,2022,A,8,"Chennai Institute of Technology",Active
664,"Kavya Rao",EEE,3,Female,2004-01-15,AB+,9694532398,kavya664@cit.edu.in,"88 Gandhi Road",Delhi,Maharashtra,617736,"Arjun Rao",9645568570,2023,A,5,"Chennai Institute of Technology",Active
665,"Meera Nair",CSE,1,Male,2003-02-22,AB+,9962503589,meera665@cit.edu.in,"15 Gandhi Road",Pune,Karnataka,650925,"Karan Nair",9276360686,2025,D,1,"Chennai Institute of Technology",Active
666,"Karan Patel",ECE,4,Female,2005-07-25,AB+,9389731741,karan666@cit.edu.in,"48 Gandhi Road",Delhi,Telangana,605845,"Rohan Patel",9427323694,2022,D,7,"Chennai Institute of Technology",Active
667,"Diya Joshi",MECH,4,Male,2004-01-12,O+,9643733311,diya667@cit.edu.in,"28 Gandhi Road",Delhi,Karnataka,630553,"Karan Joshi",9872649776,2022,A,7,"Chennai Institute of Technology",Active
668,"Kavya Patel",CSE,4,Male,2006-11-28,B+,9398179522,kavya668@cit.edu.in,"81 Gandhi Road",Mumbai,Delhi,611765,"Pooja Patel",9728242910,2022,C,7,"Chennai Institute of Technology",Active
669,"Rohan Singh",ECE,4,Male,2005-05-25,AB-,9140077404,rohan669@cit.edu.in,"27 Gandhi Road",Kolkata,Delhi,642037,"Ananya Singh",9152713129,2022,A,8,"Chennai Institute of Technology",Active
670,"Rahul Verma",CSE,4,Male,2002-09-01,A+,9689142927,rahul670@cit.edu.in,"18 Gandhi Road",Kolkata,West Bengal,687311,"Neha Verma",9842111656,2022,D,7,"Chennai Institute of Technology",Active
671,"Sanya Mehta",EEE,1,Male,2002-09-09,O-,9096577565,sanya671@cit.edu.in,"59 Gandhi Road",Kolkata,West Bengal,649950,"Arjun Mehta",9950000998,2025,D,2,"Chennai Institute of Technology",Active
672,"Arjun Patel",AIML,1,Female,2004-03-22,AB-,9723499827,arjun672@cit.edu.in,"46 Gandhi Road",Delhi,Tamil Nadu,684987,"Priya Patel",9102932943,2025,D,2,"Chennai Institute of Technology",Active
673,"Neha Patel",IT,3,Male,2006-09-14,O-,9711149017,neha673@cit.edu.in,"39 Gandhi Road",Mumbai,Telangana,603122,"Ananya Patel",9444866190,2023,C,6,"Chennai Institute of Technology",Active
674,"Diya Sharma",EEE,3,Female,2005-01-11,AB-,9565712251,diya674@cit.edu.in,"56 Gandhi Road",Pune,Maharashtra,634364,"Aditya Sharma",9477829161,2023,B,5,"Chennai Institute of Technology",Active
675,"Vikram Kumar",ECE,2,Female,2006-06-05,A-,9764682806,vikram675@cit.edu.in,"32 Gandhi Road",Pune,Delhi,640906,"Ananya Kumar",9952920240,2024,A,3,"Chennai Institute of Technology",Active
676,"Rohan Sharma",CSE,3,Female,2005-11-06,B-,9866739184,rohan676@cit.edu.in,"53 Gandhi Road",Delhi,Delhi,618128,"Aarav Sharma",9499472221,2023,B,5,"Chennai Institute of Technology",Active
677,"Neha Rao",MECH,4,Female,2005-12-28,B+,9678615275,neha677@cit.edu.in,"86 Gandhi Road",Chennai,West Bengal,682567,"Karan Rao",9785875268,2022,A,8,"Chennai Institute of Technology",Active
678,"Aarav Rao",CSE,1,Female,2006-09-11,A+,9990085776,aarav678@cit.edu.in,"90 Gandhi Road",Hyderabad,Maharashtra,617590,"Vikram Rao",9818982301,2025,A,1,"Chennai Institute of Technology",Active
679,"Aarav Mehta",IT,3,Female,2004-03-01,O+,9789250872,aarav679@cit.edu.in,"81 Gandhi Road",Mumbai,West Bengal,635713,"Arjun Mehta",9341082628,2023,D,6,"Chennai Institute of Technology",Active
680,"Aarav Kumar",ECE,2,Female,2003-02-11,B+,9556922095,aarav680@cit.edu.in,"91 Gandhi Road",Pune,Telangana,634539,"Vikram Kumar",9858657150,2024,C,3,"Chennai Institute of Technology",Active
681,"Karan Joshi",ECE,3,Female,2004-07-27,AB+,9269739843,karan681@cit.edu.in,"52 Gandhi Road",Pune,West Bengal,643528,"Ananya Joshi",9042153176,2023,D,6,"Chennai Institute of Technology",Active
682,"Diya Singh",AIML,3,Male,2004-05-11,O+,9252798805,diya682@cit.edu.in,"65 Gandhi Road",Bengaluru,Tamil Nadu,690839,"Aarav Singh",9170168182,2023,D,5,"Chennai Institute of Technology",Active
683,"Kavya Kumar",ECE,3,Male,2004-01-09,AB-,9829013376,kavya683@cit.edu.in,"21 Gandhi Road",Kolkata,Maharashtra,624050,"Meera Kumar",9935213409,2023,B,6,"Chennai Institute of Technology",Active
684,"Aarav Verma",EEE,1,Male,2003-08-23,O+,9511827201,aarav684@cit.edu.in,"76 Gandhi Road",Mumbai,Karnataka,613917,"Ananya Verma",9125516274,2025,A,1,"Chennai Institute of Technology",Active
685,"Aditya Joshi",AIML,2,Male,2002-10-05,AB+,9963722824,aditya685@cit.edu.in,"86 Gandhi Road",Hyderabad,Maharashtra,670219,"Rohan Joshi",9219329056,2024,D,3,"Chennai Institute of Technology",Active
686,"Aarav Mehta",IT,1,Female,2002-08-14,AB-,9573029771,aarav686@cit.edu.in,"18 Gandhi Road",Delhi,Tamil Nadu,694724,"Neha Mehta",9514105363,2025,A,2,"Chennai Institute of Technology",Active
687,"Rohan Kumar",AIML,3,Male,2002-11-22,A+,9381466507,rohan687@cit.edu.in,"52 Gandhi Road",Bengaluru,Maharashtra,625003,"Kavya Kumar",9634891074,2023,D,6,"Chennai Institute of Technology",Active
688,"Karan Gupta",EEE,2,Male,2003-01-06,AB+,9928380263,karan688@cit.edu.in,"13 Gandhi Road",Delhi,Maharashtra,640845,"Karan Gupta",9083009796,2024,A,4,"Chennai Institute of Technology",Active
689,"Sanya Rao",CIVIL,3,Female,2003-11-15,A-,9659407010,sanya689@cit.edu.in,"16 Gandhi Road",Bengaluru,Telangana,662511,"Varun Rao",9334641418,2023,A,5,"Chennai Institute of Technology",Active
690,"Varun Kumar",MECH,4,Female,2003-12-19,O+,9616699897,varun690@cit.edu.in,"87 Gandhi Road",Kolkata,Maharashtra,689896,"Pooja Kumar",9067629861,2022,C,7,"Chennai Institute of Technology",Active
691,"Aditya Mehta",AIML,4,Male,2003-10-01,AB-,9125236842,aditya691@cit.edu.in,"61 Gandhi Road",Delhi,Delhi,626010,"Diya Mehta",9168837238,2022,D,7,"Chennai Institute of Technology",Active
692,"Karan Sharma",CIVIL,2,Female,2004-09-21,O-,9891610594,karan692@cit.edu.in,"67 Gandhi Road",Hyderabad,West Bengal,678738,"Meera Sharma",9946656700,2024,C,4,"Chennai Institute of Technology",Active
693,"Pooja Patel",AIDS,1,Female,2003-07-03,O-,9972478368,pooja693@cit.edu.in,"44 Gandhi Road",Chennai,Karnataka,600826,"Arjun Patel",9752206494,2025,A,1,"Chennai Institute of Technology",Active
694,"Sanya Mehta",AIDS,3,Female,2005-08-18,B+,9298941879,sanya694@cit.edu.in,"92 Gandhi Road",Pune,Delhi,675741,"Kavya Mehta",9101021035,2023,C,5,"Chennai Institute of Technology",Active
695,"Pooja Mehta",AIML,3,Male,2002-08-01,B+,9053083236,pooja695@cit.edu.in,"62 Gandhi Road",Hyderabad,Karnataka,679743,"Ananya Mehta",9109311679,2023,C,5,"Chennai Institute of Technology",Active
696,"Neha Singh",CSE,2,Female,2002-09-04,A-,9944025253,neha696@cit.edu.in,"37 Gandhi Road",Delhi,Delhi,650901,"Neha Singh",9249609257,2024,C,3,"Chennai Institute of Technology",Active
697,"Vikram Kumar",ECE,1,Male,2006-11-03,A-,9454665802,vikram697@cit.edu.in,"99 Gandhi Road",Kolkata,Karnataka,689423,"Rahul Kumar",9778481119,2025,B,2,"Chennai Institute of Technology",Active
698,"Diya Verma",AIML,2,Male,2005-10-09,A+,9731425186,diya698@cit.edu.in,"66 Gandhi Road",Hyderabad,Maharashtra,638588,"Kavya Verma",9077933901,2024,B,3,"Chennai Institute of Technology",Active
699,"Rahul Mehta",CSE,3,Male,2004-04-07,AB-,9187988070,rahul699@cit.edu.in,"13 Gandhi Road",Mumbai,Telangana,696559,"Kavya Mehta",9350116071,2023,C,5,"Chennai Institute of Technology",Active
700,"Varun Kumar",AIML,1,Male,2005-12-18,O+,9079873847,varun700@cit.edu.in,"81 Gandhi Road",Pune,West Bengal,603595,"Arjun Kumar",9812905936,2025,C,1,"Chennai Institute of Technology",Active
701,"Diya Kumar",CIVIL,3,Female,2002-04-14,B-,9388471768,diya701@cit.edu.in,"54 Gandhi Road",Chennai,West Bengal,620923,"Neha Kumar",9238357940,2023,C,5,"Chennai Institute of Technology",Active
702,"Diya Joshi",IT,4,Female,2005-11-04,AB-,9988624026,diya702@cit.edu.in,"48 Gandhi Road",Delhi,Telangana,672608,"Karan Joshi",9374098180,2022,D,7,"Chennai Institute of Technology",Active
703,"Pooja Reddy",CSE,2,Male,2003-08-07,O-,9144976812,pooja703@cit.edu.in,"41 Gandhi Road",Hyderabad,Tamil Nadu,632772,"Neha Reddy",9727865666,2024,C,4,"Chennai Institute of Technology",Active
704,"Rahul Verma",EEE,1,Female,2006-12-28,AB-,9460255079,rahul704@cit.edu.in,"63 Gandhi Road",Pune,Karnataka,661188,"Rohan Verma",9249584827,2025,D,1,"Chennai Institute of Technology",Active
705,"Rahul Sharma",AIML,3,Male,2002-05-06,B+,9219997382,rahul705@cit.edu.in,"87 Gandhi Road",Bengaluru,Karnataka,646917,"Meera Sharma",9205260521,2023,C,5,"Chennai Institute of Technology",Active
706,"Rahul Chopra",ECE,3,Female,2002-07-25,O-,9130964312,rahul706@cit.edu.in,"71 Gandhi Road",Pune,Tamil Nadu,642770,"Sanya Chopra",9801512172,2023,A,6,"Chennai Institute of Technology",Active
707,"Neha Nair",IT,3,Female,2006-06-06,O+,9610413078,neha707@cit.edu.in,"65 Gandhi Road",Kolkata,West Bengal,607699,"Kavya Nair",9815174607,2023,C,5,"Chennai Institute of Technology",Active
708,"Aarav Gupta",EEE,4,Male,2002-09-18,O+,9485051415,aarav708@cit.edu.in,"84 Gandhi Road",Kolkata,Telangana,683804,"Ananya Gupta",9182733104,2022,D,8,"Chennai Institute of Technology",Active
709,"Aditya Sharma",AIDS,3,Female,2006-03-01,AB+,9952896205,aditya709@cit.edu.in,"78 Gandhi Road",Kolkata,Tamil Nadu,632693,"Neha Sharma",9647845176,2023,B,6,"Chennai Institute of Technology",Active
710,"Rohan Kumar",IT,1,Male,2003-11-13,O-,9546358026,rohan710@cit.edu.in,"87 Gandhi Road",Pune,Maharashtra,616426,"Kavya Kumar",9021822915,2025,D,1,"Chennai Institute of Technology",Active
711,"Rahul Rao",AIML,4,Female,2002-11-26,AB+,9175706296,rahul711@cit.edu.in,"99 Gandhi Road",Mumbai,Telangana,677772,"Aditya Rao",9316360921,2022,C,7,"Chennai Institute of Technology",Active
712,"Ananya Kumar",AIML,2,Male,2004-09-23,O-,9973618877,ananya712@cit.edu.in,"61 Gandhi Road",Kolkata,Maharashtra,699660,"Priya Kumar",9137708937,2024,A,4,"Chennai Institute of Technology",Active
713,"Pooja Mehta",CSE,2,Female,2003-02-01,O+,9367449415,pooja713@cit.edu.in,"60 Gandhi Road",Delhi,Maharashtra,669778,"Varun Mehta",9251289541,2024,A,4,"Chennai Institute of Technology",Active
714,"Karan Mehta",MECH,3,Male,2004-06-04,AB-,9033068512,karan714@cit.edu.in,"18 Gandhi Road",Delhi,Tamil Nadu,699063,"Vikram Mehta",9211042038,2023,A,5,"Chennai Institute of Technology",Active
715,"Meera Gupta",MECH,2,Male,2003-08-22,AB-,9545643998,meera715@cit.edu.in,"13 Gandhi Road",Kolkata,Delhi,619006,"Vikram Gupta",9617090927,2024,B,3,"Chennai Institute of Technology",Active
716,"Arjun Nair",AIML,2,Female,2003-04-26,B+,9100280465,arjun716@cit.edu.in,"61 Gandhi Road",Pune,Karnataka,624100,"Aditya Nair",9154305329,2024,A,4,"Chennai Institute of Technology",Active
717,"Pooja Verma",IT,2,Female,2004-04-22,A+,9756051456,pooja717@cit.edu.in,"29 Gandhi Road",Delhi,Delhi,614646,"Neha Verma",9387896787,2024,A,3,"Chennai Institute of Technology",Active
718,"Karan Sharma",MECH,4,Male,2002-11-08,AB+,9018912925,karan718@cit.edu.in,"38 Gandhi Road",Pune,Maharashtra,636320,"Priya Sharma",9282930299,2022,D,7,"Chennai Institute of Technology",Active
719,"Varun Chopra",EEE,4,Female,2005-02-04,O-,9694858348,varun719@cit.edu.in,"66 Gandhi Road",Chennai,Karnataka,601373,"Diya Chopra",9104181367,2022,B,8,"Chennai Institute of Technology",Active
720,"Sanya Chopra",EEE,3,Female,2004-09-12,AB+,9141336670,sanya720@cit.edu.in,"38 Gandhi Road",Pune,Telangana,680696,"Rahul Chopra",9758389420,2023,B,5,"Chennai Institute of Technology",Active
721,"Diya Kumar",AIML,3,Female,2006-11-22,AB+,9807599824,diya721@cit.edu.in,"14 Gandhi Road",Hyderabad,West Bengal,640301,"Arjun Kumar",9695858248,2023,B,5,"Chennai Institute of Technology",Active
722,"Neha Sharma",EEE,3,Male,2003-12-21,AB-,9823236476,neha722@cit.edu.in,"63 Gandhi Road",Kolkata,Karnataka,693337,"Priya Sharma",9869619028,2023,C,6,"Chennai Institute of Technology",Active
723,"Aarav Rao",AIML,2,Female,2002-04-07,B-,9363594998,aarav723@cit.edu.in,"81 Gandhi Road",Bengaluru,West Bengal,624914,"Karan Rao",9434189017,2024,B,4,"Chennai Institute of Technology",Active
724,"Neha Gupta",AIML,3,Male,2004-06-14,O-,9863339083,neha724@cit.edu.in,"64 Gandhi Road",Mumbai,Maharashtra,602954,"Sanya Gupta",9243101286,2023,A,6,"Chennai Institute of Technology",Active
725,"Arjun Kumar",EEE,4,Male,2003-06-06,B+,9416641802,arjun725@cit.edu.in,"34 Gandhi Road",Bengaluru,Tamil Nadu,647995,"Kavya Kumar",9206158541,2022,A,8,"Chennai Institute of Technology",Active
726,"Rahul Kumar",AIDS,2,Female,2002-02-08,A-,9765779217,rahul726@cit.edu.in,"56 Gandhi Road",Bengaluru,Tamil Nadu,694607,"Rahul Kumar",9606291529,2024,C,4,"Chennai Institute of Technology",Active
727,"Vikram Patel",CSE,2,Female,2003-07-03,O-,9306117648,vikram727@cit.edu.in,"90 Gandhi Road",Chennai,Maharashtra,600425,"Kavya Patel",9539163442,2024,B,3,"Chennai Institute of Technology",Active
728,"Ananya Sharma",MECH,4,Female,2003-04-13,B-,9101005481,ananya728@cit.edu.in,"78 Gandhi Road",Pune,Maharashtra,660135,"Arjun Sharma",9047940491,2022,A,8,"Chennai Institute of Technology",Active
729,"Karan Rao",AIDS,4,Male,2005-08-08,AB+,9339618912,karan729@cit.edu.in,"61 Gandhi Road",Delhi,Maharashtra,626509,"Rohan Rao",9251664292,2022,A,8,"Chennai Institute of Technology",Active
730,"Rohan Joshi",AIDS,2,Male,2002-06-08,O-,9411549124,rohan730@cit.edu.in,"53 Gandhi Road",Delhi,Tamil Nadu,678898,"Priya Joshi",9519705023,2024,B,3,"Chennai Institute of Technology",Active
731,"Kavya Singh",CIVIL,3,Female,2006-09-07,A+,9083392873,kavya731@cit.edu.in,"59 Gandhi Road",Pune,West Bengal,671482,"Kavya Singh",9595253962,2023,C,6,"Chennai Institute of Technology",Active
732,"Karan Singh",AIML,3,Male,2002-02-20,A-,9794786656,karan732@cit.edu.in,"43 Gandhi Road",Bengaluru,Maharashtra,632892,"Rahul Singh",9065242760,2023,A,5,"Chennai Institute of Technology",Active
733,"Vikram Reddy",EEE,2,Female,2005-11-05,A+,9173121325,vikram733@cit.edu.in,"99 Gandhi Road",Delhi,Delhi,641686,"Ananya Reddy",9134786064,2024,B,4,"Chennai Institute of Technology",Active
734,"Rahul Patel",IT,4,Female,2002-05-22,A-,9719231553,rahul734@cit.edu.in,"27 Gandhi Road",Kolkata,Delhi,639753,"Priya Patel",9877267730,2022,B,7,"Chennai Institute of Technology",Active
735,"Karan Verma",IT,2,Female,2003-12-26,AB-,9937321025,karan735@cit.edu.in,"42 Gandhi Road",Chennai,Tamil Nadu,667828,"Sanya Verma",9377083680,2024,A,4,"Chennai Institute of Technology",Active
736,"Diya Verma",AIML,1,Male,2004-03-25,O-,9571819096,diya736@cit.edu.in,"71 Gandhi Road",Chennai,West Bengal,679173,"Rahul Verma",9186943909,2025,D,1,"Chennai Institute of Technology",Active
737,"Diya Sharma",ECE,4,Female,2004-05-19,AB+,9041767955,diya737@cit.edu.in,"90 Gandhi Road",Kolkata,Telangana,669850,"Diya Sharma",9266449920,2022,C,7,"Chennai Institute of Technology",Active
738,"Arjun Patel",IT,4,Male,2003-11-26,O-,9557477982,arjun738@cit.edu.in,"75 Gandhi Road",Bengaluru,Delhi,669178,"Varun Patel",9562240710,2022,B,8,"Chennai Institute of Technology",Active
739,"Pooja Gupta",CIVIL,1,Male,2002-06-18,B-,9624531018,pooja739@cit.edu.in,"27 Gandhi Road",Delhi,Telangana,657694,"Sanya Gupta",9650416068,2025,C,1,"Chennai Institute of Technology",Active
740,"Rahul Nair",CIVIL,3,Female,2002-11-07,A-,9674484608,rahul740@cit.edu.in,"22 Gandhi Road",Chennai,Telangana,608503,"Aarav Nair",9486184808,2023,B,6,"Chennai Institute of Technology",Active
741,"Arjun Nair",ECE,4,Female,2004-03-15,B+,9768755875,arjun741@cit.edu.in,"34 Gandhi Road",Mumbai,Maharashtra,691746,"Pooja Nair",9381375340,2022,D,8,"Chennai Institute of Technology",Active
742,"Sanya Kumar",MECH,1,Male,2004-04-27,O-,9260312915,sanya742@cit.edu.in,"41 Gandhi Road",Delhi,West Bengal,648809,"Aarav Kumar",9557394490,2025,C,1,"Chennai Institute of Technology",Active
743,"Diya Sharma",CIVIL,2,Male,2003-11-18,O+,9912173607,diya743@cit.edu.in,"48 Gandhi Road",Hyderabad,Maharashtra,686626,"Pooja Sharma",9745201134,2024,C,4,"Chennai Institute of Technology",Active
744,"Diya Sharma",AIML,3,Male,2004-03-18,A-,9122648282,diya744@cit.edu.in,"38 Gandhi Road",Kolkata,Maharashtra,663392,"Sanya Sharma",9834101137,2023,C,5,"Chennai Institute of Technology",Active
745,"Ananya Mehta",AIML,2,Female,2002-11-22,B-,9704308262,ananya745@cit.edu.in,"64 Gandhi Road",Kolkata,Karnataka,664589,"Aditya Mehta",9876914109,2024,B,4,"Chennai Institute of Technology",Active
746,"Diya Chopra",EEE,1,Male,2006-02-08,A+,9739144626,diya746@cit.edu.in,"87 Gandhi Road",Chennai,Maharashtra,640949,"Aditya Chopra",9549683183,2025,C,1,"Chennai Institute of Technology",Active
747,"Aarav Sharma",CSE,1,Male,2003-04-03,A+,9957394148,aarav747@cit.edu.in,"64 Gandhi Road",Bengaluru,Tamil Nadu,620985,"Ananya Sharma",9472343711,2025,B,2,"Chennai Institute of Technology",Active
748,"Vikram Verma",AIDS,3,Male,2003-06-17,O+,9158343385,vikram748@cit.edu.in,"74 Gandhi Road",Kolkata,Tamil Nadu,619265,"Aditya Verma",9338926845,2023,A,6,"Chennai Institute of Technology",Active
749,"Karan Patel",AIDS,4,Female,2005-01-20,B+,9631501813,karan749@cit.edu.in,"32 Gandhi Road",Pune,West Bengal,680077,"Aditya Patel",9757042802,2022,C,8,"Chennai Institute of Technology",Active
750,"Diya Patel",EEE,4,Male,2002-07-22,A-,9512985099,diya750@cit.edu.in,"38 Gandhi Road",Chennai,Karnataka,635886,"Diya Patel",9831936310,2022,C,8,"Chennai Institute of Technology",Active
751,"Varun Nair",EEE,1,Female,2004-03-05,B-,9411827416,varun751@cit.edu.in,"39 Gandhi Road",Pune,Karnataka,683353,"Aarav Nair",9269533804,2025,B,2,"Chennai Institute of Technology",Active
752,"Rahul Gupta",AIDS,3,Male,2002-09-26,AB-,9426571079,rahul752@cit.edu.in,"31 Gandhi Road",Pune,Tamil Nadu,631738,"Kavya Gupta",9180399707,2023,D,5,"Chennai Institute of Technology",Active
753,"Rohan Patel",ECE,2,Female,2006-09-03,O+,9363644274,rohan753@cit.edu.in,"59 Gandhi Road",Mumbai,Delhi,625375,"Meera Patel",9340841082,2024,A,3,"Chennai Institute of Technology",Active
754,"Sanya Gupta",IT,1,Male,2003-12-08,A+,9357868550,sanya754@cit.edu.in,"28 Gandhi Road",Kolkata,West Bengal,639011,"Aarav Gupta",9664450336,2025,D,2,"Chennai Institute of Technology",Active
755,"Varun Patel",CIVIL,2,Male,2003-11-20,A-,9322327900,varun755@cit.edu.in,"19 Gandhi Road",Kolkata,West Bengal,679118,"Meera Patel",9628105670,2024,D,3,"Chennai Institute of Technology",Active
756,"Karan Kumar",ECE,1,Female,2006-12-15,B+,9454980373,karan756@cit.edu.in,"46 Gandhi Road",Kolkata,West Bengal,641649,"Varun Kumar",9618142979,2025,B,2,"Chennai Institute of Technology",Active
757,"Aditya Kumar",IT,2,Female,2006-02-24,O+,9481470551,aditya757@cit.edu.in,"38 Gandhi Road",Mumbai,West Bengal,606613,"Diya Kumar",9267813534,2024,A,3,"Chennai Institute of Technology",Active
758,"Rahul Verma",CIVIL,4,Female,2006-06-01,B+,9324399164,rahul758@cit.edu.in,"39 Gandhi Road",Kolkata,West Bengal,670882,"Diya Verma",9666776106,2022,B,7,"Chennai Institute of Technology",Active
759,"Rohan Chopra",ECE,2,Male,2003-05-14,B-,9952489938,rohan759@cit.edu.in,"90 Gandhi Road",Chennai,Karnataka,686834,"Rahul Chopra",9406104392,2024,A,4,"Chennai Institute of Technology",Active
760,"Pooja Rao",AIML,4,Female,2003-10-16,AB-,9298014205,pooja760@cit.edu.in,"27 Gandhi Road",Mumbai,Delhi,604049,"Arjun Rao",9631623933,2022,B,7,"Chennai Institute of Technology",Active
761,"Ananya Reddy",AIDS,3,Female,2006-09-26,AB-,9137116440,ananya761@cit.edu.in,"66 Gandhi Road",Mumbai,Maharashtra,642004,"Aarav Reddy",9461753064,2023,C,5,"Chennai Institute of Technology",Active
762,"Sanya Rao",MECH,2,Female,2005-09-06,AB-,9040424294,sanya762@cit.edu.in,"62 Gandhi Road",Bengaluru,Telangana,651220,"Aarav Rao",9913871293,2024,A,4,"Chennai Institute of Technology",Active
763,"Kavya Verma",CIVIL,4,Female,2004-03-14,A-,9291808879,kavya763@cit.edu.in,"45 Gandhi Road",Mumbai,Delhi,659559,"Aditya Verma",9717734159,2022,C,7,"Chennai Institute of Technology",Active
764,"Arjun Singh",MECH,1,Female,2003-05-27,O+,9154068303,arjun764@cit.edu.in,"71 Gandhi Road",Bengaluru,Tamil Nadu,699321,"Vikram Singh",9271746851,2025,D,1,"Chennai Institute of Technology",Active
765,"Vikram Sharma",CSE,1,Female,2003-03-26,AB+,9395362518,vikram765@cit.edu.in,"39 Gandhi Road",Chennai,Telangana,654868,"Ananya Sharma",9978525075,2025,C,2,"Chennai Institute of Technology",Active
766,"Neha Reddy",CSE,1,Male,2004-05-09,A-,9889214582,neha766@cit.edu.in,"54 Gandhi Road",Bengaluru,West Bengal,682972,"Karan Reddy",9352666403,2025,A,2,"Chennai Institute of Technology",Active
767,"Rahul Gupta",MECH,1,Male,2005-10-02,B-,9416916933,rahul767@cit.edu.in,"48 Gandhi Road",Chennai,West Bengal,681410,"Sanya Gupta",9291457735,2025,B,1,"Chennai Institute of Technology",Active
768,"Karan Nair",EEE,1,Female,2005-07-24,AB-,9157896002,karan768@cit.edu.in,"24 Gandhi Road",Chennai,Karnataka,668041,"Aarav Nair",9118565484,2025,B,2,"Chennai Institute of Technology",Active
769,"Diya Gupta",AIML,1,Female,2006-10-08,A-,9232448085,diya769@cit.edu.in,"37 Gandhi Road",Hyderabad,Delhi,657668,"Aditya Gupta",9430487769,2025,C,1,"Chennai Institute of Technology",Active
770,"Aditya Kumar",EEE,1,Female,2004-01-17,O-,9582311668,aditya770@cit.edu.in,"84 Gandhi Road",Delhi,West Bengal,669310,"Neha Kumar",9610971956,2025,B,2,"Chennai Institute of Technology",Active
771,"Varun Rao",IT,2,Male,2002-02-16,A+,9540217823,varun771@cit.edu.in,"67 Gandhi Road",Hyderabad,West Bengal,651476,"Rohan Rao",9633864602,2024,C,3,"Chennai Institute of Technology",Active
772,"Varun Kumar",CIVIL,3,Male,2005-11-01,B-,9649618173,varun772@cit.edu.in,"24 Gandhi Road",Hyderabad,Maharashtra,623351,"Sanya Kumar",9850076881,2023,A,5,"Chennai Institute of Technology",Active
773,"Priya Gupta",AIML,4,Female,2004-06-25,AB-,9135900841,priya773@cit.edu.in,"69 Gandhi Road",Kolkata,West Bengal,676823,"Karan Gupta",9145852110,2022,C,8,"Chennai Institute of Technology",Active
774,"Rahul Joshi",MECH,2,Male,2006-04-21,AB+,9679047397,rahul774@cit.edu.in,"62 Gandhi Road",Chennai,Maharashtra,695176,"Diya Joshi",9962857679,2024,D,4,"Chennai Institute of Technology",Active
775,"Varun Rao",AIML,4,Female,2006-05-25,AB-,9472164324,varun775@cit.edu.in,"31 Gandhi Road",Bengaluru,Telangana,664413,"Arjun Rao",9119097603,2022,B,8,"Chennai Institute of Technology",Active
776,"Rahul Kumar",CIVIL,1,Female,2006-05-19,O+,9219749625,rahul776@cit.edu.in,"19 Gandhi Road",Hyderabad,Delhi,665939,"Sanya Kumar",9294824473,2025,B,1,"Chennai Institute of Technology",Active
777,"Kavya Verma",AIDS,3,Female,2005-09-13,A-,9130152867,kavya777@cit.edu.in,"80 Gandhi Road",Chennai,Maharashtra,635611,"Sanya Verma",9960409202,2023,A,6,"Chennai Institute of Technology",Active
778,"Pooja Mehta",AIDS,2,Male,2004-03-24,O+,9557636988,pooja778@cit.edu.in,"84 Gandhi Road",Mumbai,Telangana,655242,"Kavya Mehta",9440322047,2024,A,3,"Chennai Institute of Technology",Active
779,"Aarav Nair",CSE,2,Female,2003-07-10,B+,9393266477,aarav779@cit.edu.in,"59 Gandhi Road",Pune,Maharashtra,648542,"Karan Nair",9018903720,2024,D,4,"Chennai Institute of Technology",Active
780,"Kavya Chopra",EEE,1,Male,2002-10-03,AB-,9302143451,kavya780@cit.edu.in,"39 Gandhi Road",Kolkata,Karnataka,663911,"Vikram Chopra",9727484521,2025,B,1,"Chennai Institute of Technology",Active
781,"Rohan Rao",MECH,4,Female,2004-11-22,B+,9543744557,rohan781@cit.edu.in,"97 Gandhi Road",Hyderabad,West Bengal,684031,"Ananya Rao",9217037077,2022,B,8,"Chennai Institute of Technology",Active
782,"Varun Mehta",IT,2,Female,2006-11-09,A+,9940849218,varun782@cit.edu.in,"79 Gandhi Road",Delhi,Delhi,646878,"Varun Mehta",9533649885,2024,B,4,"Chennai Institute of Technology",Active
783,"Kavya Chopra",EEE,1,Female,2005-08-15,O+,9452142527,kavya783@cit.edu.in,"98 Gandhi Road",Hyderabad,Maharashtra,658670,"Neha Chopra",9026740969,2025,D,2,"Chennai Institute of Technology",Active
784,"Aarav Sharma",CIVIL,3,Female,2005-06-12,B-,9182625031,aarav784@cit.edu.in,"98 Gandhi Road",Kolkata,Delhi,608968,"Sanya Sharma",9961560445,2023,D,5,"Chennai Institute of Technology",Active
785,"Kavya Sharma",MECH,2,Female,2006-07-19,O+,9133828163,kavya785@cit.edu.in,"20 Gandhi Road",Hyderabad,West Bengal,688672,"Sanya Sharma",9575295273,2024,A,4,"Chennai Institute of Technology",Active
786,"Vikram Verma",MECH,2,Male,2005-05-18,AB+,9293008232,vikram786@cit.edu.in,"51 Gandhi Road",Hyderabad,Tamil Nadu,644093,"Meera Verma",9357714229,2024,D,3,"Chennai Institute of Technology",Active
787,"Karan Mehta",MECH,1,Male,2004-05-25,O+,9189756568,karan787@cit.edu.in,"63 Gandhi Road",Mumbai,Tamil Nadu,622454,"Meera Mehta",9048747781,2025,C,2,"Chennai Institute of Technology",Active
788,"Ananya Sharma",MECH,3,Male,2004-12-20,AB+,9905517381,ananya788@cit.edu.in,"27 Gandhi Road",Bengaluru,Tamil Nadu,624392,"Pooja Sharma",9951777499,2023,C,5,"Chennai Institute of Technology",Active
789,"Pooja Singh",EEE,3,Female,2003-07-14,B-,9296867506,pooja789@cit.edu.in,"20 Gandhi Road",Chennai,Delhi,631799,"Vikram Singh",9032253437,2023,D,6,"Chennai Institute of Technology",Active
790,"Karan Nair",AIDS,1,Female,2002-01-18,A+,9517712266,karan790@cit.edu.in,"40 Gandhi Road",Kolkata,West Bengal,665888,"Aditya Nair",9882896356,2025,B,2,"Chennai Institute of Technology",Active
791,"Sanya Mehta",ECE,2,Male,2004-03-18,O-,9840508493,sanya791@cit.edu.in,"23 Gandhi Road",Chennai,Tamil Nadu,603263,"Rohan Mehta",9993271559,2024,D,3,"Chennai Institute of Technology",Active
792,"Priya Rao",AIDS,3,Male,2005-03-02,O+,9010286534,priya792@cit.edu.in,"28 Gandhi Road",Mumbai,Telangana,650780,"Sanya Rao",9706163286,2023,B,6,"Chennai Institute of Technology",Active
793,"Rahul Nair",IT,4,Female,2002-10-23,AB+,9263679290,rahul793@cit.edu.in,"33 Gandhi Road",Bengaluru,Karnataka,646982,"Arjun Nair",9361603709,2022,A,8,"Chennai Institute of Technology",Active
794,"Pooja Rao",CIVIL,4,Female,2005-12-28,B+,9627919594,pooja794@cit.edu.in,"18 Gandhi Road",Bengaluru,Maharashtra,617171,"Rahul Rao",9839425506,2022,B,8,"Chennai Institute of Technology",Active
795,"Priya Chopra",AIML,4,Female,2003-05-20,O+,9783557713,priya795@cit.edu.in,"61 Gandhi Road",Mumbai,Tamil Nadu,682373,"Sanya Chopra",9387475331,2022,C,7,"Chennai Institute of Technology",Active
796,"Priya Reddy",EEE,1,Female,2005-07-16,A-,9248053835,priya796@cit.edu.in,"77 Gandhi Road",Bengaluru,West Bengal,639788,"Pooja Reddy",9884508178,2025,B,2,"Chennai Institute of Technology",Active
797,"Meera Sharma",AIDS,2,Male,2003-12-24,A-,9154372575,meera797@cit.edu.in,"55 Gandhi Road",Chennai,Telangana,660638,"Aarav Sharma",9425089322,2024,B,3,"Chennai Institute of Technology",Active
798,"Diya Kumar",CSE,2,Male,2006-05-18,B-,9105885285,diya798@cit.edu.in,"53 Gandhi Road",Chennai,West Bengal,667322,"Vikram Kumar",9843992911,2024,A,3,"Chennai Institute of Technology",Active
799,"Aarav Verma",CSE,2,Female,2002-05-28,A+,9872275787,aarav799@cit.edu.in,"70 Gandhi Road",Kolkata,Karnataka,654228,"Ananya Verma",9590896868,2024,D,3,"Chennai Institute of Technology",Active
800,"Meera Joshi",CIVIL,2,Female,2005-02-01,O-,9190538033,meera800@cit.edu.in,"50 Gandhi Road",Mumbai,Tamil Nadu,644282,"Neha Joshi",9205998559,2024,A,4,"Chennai Institute of Technology",Active
801,"Vikram Patel",EEE,4,Male,2005-12-16,O-,9896560943,vikram801@cit.edu.in,"50 Gandhi Road",Kolkata,West Bengal,690776,"Neha Patel",9525506477,2022,D,8,"Chennai Institute of Technology",Active
802,"Arjun Nair",AIDS,4,Male,2006-07-17,B+,9846132024,arjun802@cit.edu.in,"32 Gandhi Road",Delhi,Tamil Nadu,693472,"Rohan Nair",9212314519,2022,B,8,"Chennai Institute of Technology",Active
803,"Arjun Patel",CSE,4,Female,2006-01-25,B+,9582406953,arjun803@cit.edu.in,"69 Gandhi Road",Pune,Delhi,696621,"Kavya Patel",9120632763,2022,B,8,"Chennai Institute of Technology",Active
804,"Aditya Patel",CIVIL,4,Female,2003-04-19,AB-,9391072888,aditya804@cit.edu.in,"10 Gandhi Road",Chennai,Delhi,673800,"Aarav Patel",9122491815,2022,B,8,"Chennai Institute of Technology",Active
805,"Vikram Reddy",AIDS,2,Male,2004-02-22,B+,9555682344,vikram805@cit.edu.in,"50 Gandhi Road",Delhi,Delhi,679457,"Rohan Reddy",9349094157,2024,D,3,"Chennai Institute of Technology",Active
806,"Vikram Patel",IT,1,Female,2006-01-23,A-,9328097156,vikram806@cit.edu.in,"26 Gandhi Road",Pune,Karnataka,651179,"Meera Patel",9348570447,2025,A,2,"Chennai Institute of Technology",Active
807,"Pooja Kumar",MECH,1,Male,2002-01-05,AB+,9597102955,pooja807@cit.edu.in,"72 Gandhi Road",Chennai,Telangana,661753,"Aarav Kumar",9769300478,2025,A,1,"Chennai Institute of Technology",Active
808,"Diya Nair",CIVIL,4,Female,2004-11-08,AB+,9331773163,diya808@cit.edu.in,"73 Gandhi Road",Bengaluru,Karnataka,673165,"Kavya Nair",9781138552,2022,B,8,"Chennai Institute of Technology",Active
809,"Arjun Rao",AIDS,4,Female,2005-10-20,AB+,9790488656,arjun809@cit.edu.in,"69 Gandhi Road",Kolkata,Telangana,667390,"Priya Rao",9952663284,2022,D,8,"Chennai Institute of Technology",Active
810,"Aarav Sharma",CIVIL,4,Male,2004-11-22,O-,9862954868,aarav810@cit.edu.in,"74 Gandhi Road",Pune,Maharashtra,627996,"Diya Sharma",9504586367,2022,A,8,"Chennai Institute of Technology",Active
811,"Priya Mehta",MECH,2,Male,2004-11-19,A-,9656351915,priya811@cit.edu.in,"49 Gandhi Road",Pune,Delhi,642341,"Diya Mehta",9007128943,2024,D,4,"Chennai Institute of Technology",Active
812,"Priya Joshi",AIDS,1,Female,2006-03-12,AB-,9406083402,priya812@cit.edu.in,"54 Gandhi Road",Hyderabad,Telangana,631313,"Meera Joshi",9859263246,2025,A,2,"Chennai Institute of Technology",Active
813,"Meera Rao",MECH,1,Male,2002-08-21,A+,9939404676,meera813@cit.edu.in,"75 Gandhi Road",Delhi,Maharashtra,689393,"Diya Rao",9746114367,2025,D,1,"Chennai Institute of Technology",Active
814,"Varun Sharma",ECE,2,Female,2005-10-17,A+,9515069634,varun814@cit.edu.in,"12 Gandhi Road",Pune,Karnataka,606519,"Meera Sharma",9989330114,2024,B,3,"Chennai Institute of Technology",Active
815,"Ananya Kumar",CSE,2,Female,2003-07-20,A+,9850704338,ananya815@cit.edu.in,"92 Gandhi Road",Chennai,Maharashtra,638943,"Aarav Kumar",9092101533,2024,D,3,"Chennai Institute of Technology",Active
816,"Meera Patel",MECH,2,Male,2003-12-02,O-,9772654392,meera816@cit.edu.in,"30 Gandhi Road",Hyderabad,Delhi,651300,"Varun Patel",9016737580,2024,D,3,"Chennai Institute of Technology",Active
817,"Pooja Rao",IT,1,Female,2002-05-11,A-,9411185037,pooja817@cit.edu.in,"51 Gandhi Road",Hyderabad,Delhi,618438,"Pooja Rao",9457248680,2025,B,1,"Chennai Institute of Technology",Active
818,"Varun Nair",CSE,4,Male,2003-01-22,AB-,9049269067,varun818@cit.edu.in,"51 Gandhi Road",Pune,Delhi,699531,"Varun Nair",9020673716,2022,C,7,"Chennai Institute of Technology",Active
819,"Pooja Mehta",CIVIL,4,Male,2002-04-21,A-,9908170994,pooja819@cit.edu.in,"50 Gandhi Road",Bengaluru,West Bengal,656395,"Neha Mehta",9114741410,2022,D,8,"Chennai Institute of Technology",Active
820,"Arjun Sharma",EEE,1,Female,2005-05-23,AB+,9135107324,arjun820@cit.edu.in,"83 Gandhi Road",Delhi,Telangana,695683,"Aarav Sharma",9762590556,2025,A,2,"Chennai Institute of Technology",Active
821,"Karan Verma",AIDS,3,Female,2003-02-15,O+,9269019760,karan821@cit.edu.in,"59 Gandhi Road",Chennai,Telangana,608470,"Diya Verma",9824906114,2023,C,6,"Chennai Institute of Technology",Active
822,"Varun Joshi",CSE,4,Female,2005-10-04,AB+,9796538942,varun822@cit.edu.in,"15 Gandhi Road",Kolkata,Delhi,678275,"Pooja Joshi",9363620509,2022,C,7,"Chennai Institute of Technology",Active
823,"Kavya Singh",IT,2,Male,2005-03-28,A-,9836243258,kavya823@cit.edu.in,"59 Gandhi Road",Mumbai,West Bengal,691759,"Vikram Singh",9010692826,2024,A,4,"Chennai Institute of Technology",Active
824,"Sanya Reddy",AIML,1,Female,2003-10-22,B-,9230090815,sanya824@cit.edu.in,"13 Gandhi Road",Chennai,Karnataka,643964,"Priya Reddy",9080626588,2025,C,1,"Chennai Institute of Technology",Active
825,"Varun Kumar",CSE,3,Female,2004-01-27,B+,9551030878,varun825@cit.edu.in,"33 Gandhi Road",Kolkata,West Bengal,631827,"Sanya Kumar",9931824295,2023,B,5,"Chennai Institute of Technology",Active
826,"Rohan Patel",CSE,4,Female,2004-07-15,B+,9502049705,rohan826@cit.edu.in,"60 Gandhi Road",Bengaluru,West Bengal,611274,"Aditya Patel",9881918186,2022,A,7,"Chennai Institute of Technology",Active
827,"Arjun Verma",EEE,1,Male,2004-05-18,B+,9695051847,arjun827@cit.edu.in,"93 Gandhi Road",Mumbai,Karnataka,606915,"Meera Verma",9231351960,2025,C,2,"Chennai Institute of Technology",Active
828,"Diya Nair",CIVIL,2,Male,2003-12-22,O+,9368504250,diya828@cit.edu.in,"15 Gandhi Road",Pune,Delhi,673638,"Priya Nair",9392125380,2024,A,4,"Chennai Institute of Technology",Active
829,"Meera Gupta",IT,4,Male,2004-02-02,A+,9581190453,meera829@cit.edu.in,"98 Gandhi Road",Chennai,Tamil Nadu,621952,"Ananya Gupta",9607246188,2022,C,8,"Chennai Institute of Technology",Active
830,"Priya Verma",CSE,3,Female,2006-07-23,B+,9424153213,priya830@cit.edu.in,"41 Gandhi Road",Pune,Delhi,642629,"Varun Verma",9124463816,2023,C,6,"Chennai Institute of Technology",Active
831,"Varun Reddy",ECE,1,Female,2003-12-10,AB-,9218252180,varun831@cit.edu.in,"23 Gandhi Road",Kolkata,Maharashtra,692143,"Sanya Reddy",9315373730,2025,A,1,"Chennai Institute of Technology",Active
832,"Priya Nair",CSE,2,Male,2006-01-15,B-,9236648289,priya832@cit.edu.in,"56 Gandhi Road",Mumbai,Telangana,651905,"Neha Nair",9636593084,2024,D,4,"Chennai Institute of Technology",Active
833,"Pooja Rao",AIDS,2,Female,2005-01-05,A+,9649034221,pooja833@cit.edu.in,"71 Gandhi Road",Bengaluru,Maharashtra,604545,"Aditya Rao",9919898856,2024,D,3,"Chennai Institute of Technology",Active
834,"Rahul Sharma",AIML,2,Male,2002-06-12,B+,9219302037,rahul834@cit.edu.in,"69 Gandhi Road",Delhi,Delhi,699973,"Aarav Sharma",9532833750,2024,A,4,"Chennai Institute of Technology",Active
835,"Vikram Patel",AIML,2,Female,2005-12-12,AB+,9273374768,vikram835@cit.edu.in,"31 Gandhi Road",Delhi,Telangana,664225,"Diya Patel",9014623599,2024,B,4,"Chennai Institute of Technology",Active
836,"Aditya Rao",ECE,4,Female,2004-07-10,O-,9019648779,aditya836@cit.edu.in,"53 Gandhi Road",Delhi,Delhi,635176,"Kavya Rao",9146319865,2022,B,8,"Chennai Institute of Technology",Active
837,"Rahul Kumar",EEE,4,Female,2003-10-17,AB-,9354349578,rahul837@cit.edu.in,"50 Gandhi Road",Hyderabad,Delhi,645501,"Karan Kumar",9280685118,2022,A,8,"Chennai Institute of Technology",Active
838,"Neha Singh",CSE,1,Male,2006-05-02,B+,9945962794,neha838@cit.edu.in,"74 Gandhi Road",Pune,Karnataka,694655,"Rahul Singh",9440325053,2025,D,1,"Chennai Institute of Technology",Active
839,"Karan Chopra",CIVIL,2,Female,2005-01-14,AB-,9479033791,karan839@cit.edu.in,"52 Gandhi Road",Hyderabad,Tamil Nadu,625260,"Arjun Chopra",9260349372,2024,C,3,"Chennai Institute of Technology",Active
840,"Aditya Mehta",MECH,2,Female,2003-04-01,B-,9168582099,aditya840@cit.edu.in,"66 Gandhi Road",Mumbai,Delhi,641800,"Diya Mehta",9622400409,2024,D,4,"Chennai Institute of Technology",Active
841,"Rohan Reddy",AIML,3,Male,2006-10-10,B-,9223727682,rohan841@cit.edu.in,"31 Gandhi Road",Chennai,Tamil Nadu,606561,"Kavya Reddy",9370929241,2023,A,5,"Chennai Institute of Technology",Active
842,"Pooja Verma",EEE,2,Male,2006-11-14,AB+,9089258572,pooja842@cit.edu.in,"13 Gandhi Road",Pune,Maharashtra,699886,"Ananya Verma",9474571297,2024,D,3,"Chennai Institute of Technology",Active
843,"Meera Nair",MECH,3,Male,2002-03-24,AB-,9877187939,meera843@cit.edu.in,"84 Gandhi Road",Hyderabad,Telangana,646160,"Karan Nair",9599213528,2023,A,5,"Chennai Institute of Technology",Active
844,"Neha Rao",ECE,2,Female,2002-06-10,AB-,9798133564,neha844@cit.edu.in,"52 Gandhi Road",Mumbai,Telangana,673028,"Karan Rao",9196809360,2024,B,3,"Chennai Institute of Technology",Active
845,"Neha Sharma",MECH,1,Male,2002-11-06,AB-,9343045178,neha845@cit.edu.in,"96 Gandhi Road",Bengaluru,Tamil Nadu,697103,"Priya Sharma",9431378951,2025,B,1,"Chennai Institute of Technology",Active
846,"Vikram Verma",CIVIL,1,Male,2004-07-05,B+,9528125583,vikram846@cit.edu.in,"75 Gandhi Road",Pune,West Bengal,685671,"Aditya Verma",9210543752,2025,D,1,"Chennai Institute of Technology",Active
847,"Rohan Kumar",MECH,3,Male,2005-07-21,A+,9382714995,rohan847@cit.edu.in,"83 Gandhi Road",Delhi,Maharashtra,677913,"Aarav Kumar",9493256229,2023,B,6,"Chennai Institute of Technology",Active
848,"Diya Rao",ECE,2,Female,2006-02-05,AB+,9605500906,diya848@cit.edu.in,"59 Gandhi Road",Delhi,Karnataka,675693,"Vikram Rao",9441226833,2024,D,3,"Chennai Institute of Technology",Active
849,"Meera Patel",EEE,3,Male,2002-08-17,AB-,9000912648,meera849@cit.edu.in,"52 Gandhi Road",Delhi,Tamil Nadu,669864,"Pooja Patel",9842908114,2023,C,5,"Chennai Institute of Technology",Active
850,"Meera Kumar",EEE,4,Female,2002-02-23,O+,9358604086,meera850@cit.edu.in,"96 Gandhi Road",Bengaluru,Telangana,684810,"Sanya Kumar",9159823491,2022,C,7,"Chennai Institute of Technology",Active
851,"Varun Verma",AIDS,3,Female,2006-08-08,B+,9209841890,varun851@cit.edu.in,"17 Gandhi Road",Kolkata,West Bengal,614778,"Diya Verma",9155110184,2023,D,6,"Chennai Institute of Technology",Active
852,"Diya Joshi",IT,2,Female,2002-04-01,A-,9404178038,diya852@cit.edu.in,"51 Gandhi Road",Delhi,West Bengal,662934,"Meera Joshi",9162388945,2024,B,3,"Chennai Institute of Technology",Active
853,"Ananya Chopra",MECH,1,Male,2003-06-21,B+,9183475664,ananya853@cit.edu.in,"96 Gandhi Road",Pune,Maharashtra,664352,"Karan Chopra",9699297777,2025,A,2,"Chennai Institute of Technology",Active
854,"Meera Chopra",CIVIL,1,Male,2004-07-11,A+,9706484625,meera854@cit.edu.in,"35 Gandhi Road",Hyderabad,Maharashtra,668683,"Karan Chopra",9467857144,2025,D,1,"Chennai Institute of Technology",Active
855,"Aditya Patel",CSE,3,Female,2006-08-02,AB+,9846631084,aditya855@cit.edu.in,"48 Gandhi Road",Chennai,Tamil Nadu,604878,"Meera Patel",9790011585,2023,B,5,"Chennai Institute of Technology",Active
856,"Sanya Singh",EEE,2,Female,2006-05-14,B+,9675903200,sanya856@cit.edu.in,"18 Gandhi Road",Kolkata,Maharashtra,658973,"Rohan Singh",9236596456,2024,A,4,"Chennai Institute of Technology",Active
857,"Arjun Sharma",EEE,4,Male,2003-03-07,A-,9462291894,arjun857@cit.edu.in,"18 Gandhi Road",Pune,Maharashtra,674622,"Ananya Sharma",9847844523,2022,B,8,"Chennai Institute of Technology",Active
858,"Pooja Verma",IT,4,Male,2004-03-05,A+,9808440806,pooja858@cit.edu.in,"82 Gandhi Road",Kolkata,Delhi,653153,"Sanya Verma",9029709963,2022,A,7,"Chennai Institute of Technology",Active
859,"Varun Nair",CIVIL,2,Male,2005-04-07,B+,9463909914,varun859@cit.edu.in,"74 Gandhi Road",Pune,Karnataka,680230,"Karan Nair",9733384610,2024,A,3,"Chennai Institute of Technology",Active
860,"Meera Joshi",ECE,1,Female,2004-09-23,A+,9051343407,meera860@cit.edu.in,"69 Gandhi Road",Hyderabad,Delhi,609760,"Priya Joshi",9499519644,2025,C,2,"Chennai Institute of Technology",Active
861,"Meera Patel",AIDS,3,Female,2004-07-19,O+,9887956335,meera861@cit.edu.in,"11 Gandhi Road",Kolkata,Maharashtra,617204,"Ananya Patel",9753352448,2023,D,6,"Chennai Institute of Technology",Active
862,"Meera Kumar",CSE,2,Female,2004-07-19,AB-,9531761302,meera862@cit.edu.in,"69 Gandhi Road",Delhi,Telangana,624592,"Rahul Kumar",9105022381,2024,B,3,"Chennai Institute of Technology",Active
863,"Vikram Joshi",AIML,2,Female,2005-12-18,AB+,9714992457,vikram863@cit.edu.in,"97 Gandhi Road",Mumbai,Maharashtra,617899,"Aarav Joshi",9640923985,2024,A,4,"Chennai Institute of Technology",Active
864,"Rahul Chopra",EEE,2,Female,2003-05-04,A+,9338935703,rahul864@cit.edu.in,"82 Gandhi Road",Pune,Maharashtra,660553,"Aarav Chopra",9679176165,2024,C,4,"Chennai Institute of Technology",Active
865,"Rahul Joshi",CSE,4,Male,2005-05-08,B+,9001173013,rahul865@cit.edu.in,"69 Gandhi Road",Chennai,Telangana,618041,"Diya Joshi",9035022522,2022,C,7,"Chennai Institute of Technology",Active
866,"Priya Sharma",EEE,3,Male,2005-12-28,AB-,9880528495,priya866@cit.edu.in,"90 Gandhi Road",Hyderabad,Telangana,663909,"Karan Sharma",9665091796,2023,B,6,"Chennai Institute of Technology",Active
867,"Rahul Gupta",AIDS,3,Male,2003-07-02,O-,9830243643,rahul867@cit.edu.in,"28 Gandhi Road",Delhi,Karnataka,693342,"Diya Gupta",9284086967,2023,C,6,"Chennai Institute of Technology",Active
868,"Rahul Singh",CIVIL,1,Female,2005-02-26,B-,9175850409,rahul868@cit.edu.in,"35 Gandhi Road",Mumbai,Maharashtra,664559,"Rohan Singh",9776628695,2025,D,2,"Chennai Institute of Technology",Active
869,"Sanya Nair",MECH,3,Male,2004-05-02,B+,9876246050,sanya869@cit.edu.in,"80 Gandhi Road",Bengaluru,Tamil Nadu,638747,"Pooja Nair",9134711792,2023,B,5,"Chennai Institute of Technology",Active
870,"Meera Joshi",EEE,2,Male,2002-11-10,O+,9676839591,meera870@cit.edu.in,"35 Gandhi Road",Kolkata,West Bengal,603813,"Varun Joshi",9900253147,2024,D,4,"Chennai Institute of Technology",Active
871,"Priya Chopra",MECH,4,Female,2002-01-27,A-,9506397257,priya871@cit.edu.in,"12 Gandhi Road",Bengaluru,Tamil Nadu,687247,"Kavya Chopra",9908262216,2022,C,7,"Chennai Institute of Technology",Active
872,"Diya Chopra",MECH,3,Female,2005-11-28,A-,9815656139,diya872@cit.edu.in,"98 Gandhi Road",Hyderabad,Tamil Nadu,616316,"Aditya Chopra",9684875838,2023,B,5,"Chennai Institute of Technology",Active
873,"Arjun Singh",EEE,1,Male,2006-06-03,O+,9690370562,arjun873@cit.edu.in,"81 Gandhi Road",Bengaluru,Delhi,616424,"Rahul Singh",9231926031,2025,C,2,"Chennai Institute of Technology",Active
874,"Aarav Reddy",ECE,3,Male,2002-07-14,AB+,9408729158,aarav874@cit.edu.in,"95 Gandhi Road",Mumbai,Delhi,689167,"Ananya Reddy",9803006672,2023,C,6,"Chennai Institute of Technology",Active
875,"Vikram Patel",EEE,4,Male,2006-07-11,A+,9005300685,vikram875@cit.edu.in,"98 Gandhi Road",Pune,Delhi,679822,"Meera Patel",9729791575,2022,D,8,"Chennai Institute of Technology",Active
876,"Arjun Kumar",CIVIL,2,Female,2003-05-21,O+,9795728508,arjun876@cit.edu.in,"71 Gandhi Road",Bengaluru,West Bengal,650389,"Priya Kumar",9247016696,2024,C,3,"Chennai Institute of Technology",Active
877,"Varun Joshi",EEE,3,Female,2003-12-12,O+,9358103118,varun877@cit.edu.in,"32 Gandhi Road",Mumbai,Tamil Nadu,644099,"Neha Joshi",9241596514,2023,B,6,"Chennai Institute of Technology",Active
878,"Varun Gupta",IT,3,Male,2002-05-09,O-,9593941522,varun878@cit.edu.in,"11 Gandhi Road",Hyderabad,Maharashtra,681594,"Sanya Gupta",9999110779,2023,D,6,"Chennai Institute of Technology",Active
879,"Kavya Sharma",AIDS,2,Female,2003-12-19,B-,9247843385,kavya879@cit.edu.in,"69 Gandhi Road",Mumbai,Tamil Nadu,608913,"Priya Sharma",9950325743,2024,C,4,"Chennai Institute of Technology",Active
880,"Arjun Sharma",IT,2,Female,2002-05-04,A+,9483090488,arjun880@cit.edu.in,"38 Gandhi Road",Bengaluru,Delhi,651137,"Ananya Sharma",9012453120,2024,B,4,"Chennai Institute of Technology",Active
881,"Arjun Verma",AIML,4,Female,2002-01-27,O+,9562044505,arjun881@cit.edu.in,"29 Gandhi Road",Bengaluru,Karnataka,696827,"Ananya Verma",9137340251,2022,A,7,"Chennai Institute of Technology",Active
882,"Aditya Gupta",MECH,4,Male,2006-10-08,AB+,9189576694,aditya882@cit.edu.in,"76 Gandhi Road",Mumbai,Telangana,623840,"Ananya Gupta",9147049726,2022,C,8,"Chennai Institute of Technology",Active
883,"Varun Singh",MECH,2,Male,2006-06-03,A-,9348641928,varun883@cit.edu.in,"95 Gandhi Road",Pune,Maharashtra,626717,"Pooja Singh",9159350533,2024,B,4,"Chennai Institute of Technology",Active
884,"Kavya Gupta",IT,1,Female,2002-09-09,A-,9925854446,kavya884@cit.edu.in,"55 Gandhi Road",Bengaluru,Tamil Nadu,645999,"Diya Gupta",9483917677,2025,B,2,"Chennai Institute of Technology",Active
885,"Ananya Singh",CIVIL,2,Female,2006-07-04,B-,9478814064,ananya885@cit.edu.in,"62 Gandhi Road",Bengaluru,Telangana,600565,"Neha Singh",9821122023,2024,C,3,"Chennai Institute of Technology",Active
886,"Aarav Chopra",CSE,4,Female,2005-09-06,O+,9766676830,aarav886@cit.edu.in,"18 Gandhi Road",Kolkata,Karnataka,619794,"Kavya Chopra",9592923569,2022,A,7,"Chennai Institute of Technology",Active
887,"Vikram Nair",ECE,1,Female,2002-12-10,O-,9141722300,vikram887@cit.edu.in,"36 Gandhi Road",Kolkata,Maharashtra,631001,"Kavya Nair",9366327713,2025,A,2,"Chennai Institute of Technology",Active
888,"Vikram Nair",CIVIL,2,Male,2004-04-10,AB-,9496492235,vikram888@cit.edu.in,"33 Gandhi Road",Pune,Delhi,691316,"Rohan Nair",9870609847,2024,B,3,"Chennai Institute of Technology",Active
889,"Aditya Sharma",CIVIL,2,Male,2006-05-07,O+,9366514558,aditya889@cit.edu.in,"79 Gandhi Road",Kolkata,Karnataka,627993,"Ananya Sharma",9934176954,2024,D,3,"Chennai Institute of Technology",Active
890,"Meera Reddy",CSE,2,Female,2003-09-01,B-,9234481486,meera890@cit.edu.in,"82 Gandhi Road",Kolkata,West Bengal,619720,"Rahul Reddy",9590865482,2024,C,4,"Chennai Institute of Technology",Active
891,"Meera Joshi",CIVIL,3,Male,2002-04-06,O+,9512906731,meera891@cit.edu.in,"77 Gandhi Road",Delhi,West Bengal,649527,"Sanya Joshi",9206238592,2023,A,5,"Chennai Institute of Technology",Active
892,"Karan Patel",ECE,1,Female,2002-08-03,B-,9756728873,karan892@cit.edu.in,"68 Gandhi Road",Delhi,Maharashtra,633909,"Arjun Patel",9056686582,2025,C,1,"Chennai Institute of Technology",Active
893,"Priya Reddy",IT,3,Female,2006-01-26,O-,9267888785,priya893@cit.edu.in,"84 Gandhi Road",Bengaluru,Karnataka,627259,"Neha Reddy",9110566785,2023,C,6,"Chennai Institute of Technology",Active
894,"Arjun Nair",CIVIL,3,Male,2004-12-10,B+,9022442541,arjun894@cit.edu.in,"84 Gandhi Road",Hyderabad,Delhi,608002,"Kavya Nair",9709138611,2023,A,6,"Chennai Institute of Technology",Active
895,"Priya Gupta",AIDS,3,Male,2006-12-09,O+,9977650758,priya895@cit.edu.in,"15 Gandhi Road",Kolkata,Karnataka,681800,"Kavya Gupta",9053869254,2023,C,6,"Chennai Institute of Technology",Active
896,"Rohan Rao",CIVIL,3,Male,2002-01-18,B+,9329653736,rohan896@cit.edu.in,"21 Gandhi Road",Delhi,Delhi,681098,"Diya Rao",9613405994,2023,B,5,"Chennai Institute of Technology",Active
897,"Sanya Sharma",CIVIL,3,Male,2004-05-01,A+,9664949022,sanya897@cit.edu.in,"70 Gandhi Road",Pune,West Bengal,681553,"Vikram Sharma",9861438379,2023,C,6,"Chennai Institute of Technology",Active
898,"Neha Nair",AIML,3,Female,2002-12-26,A+,9955947000,neha898@cit.edu.in,"48 Gandhi Road",Chennai,Karnataka,601083,"Aditya Nair",9641472417,2023,C,6,"Chennai Institute of Technology",Active
899,"Karan Singh",EEE,3,Female,2002-02-28,B+,9349468309,karan899@cit.edu.in,"57 Gandhi Road",Chennai,Karnataka,684907,"Pooja Singh",9020502364,2023,D,6,"Chennai Institute of Technology",Active
900,"Vikram Patel",CIVIL,2,Male,2005-03-27,AB-,9598649725,vikram900@cit.edu.in,"35 Gandhi Road",Bengaluru,West Bengal,640569,"Kavya Patel",9358121096,2024,A,4,"Chennai Institute of Technology",Active
901,"Karan Rao",AIDS,3,Male,2006-07-15,B+,9811120844,karan901@cit.edu.in,"85 Gandhi Road",Hyderabad,Karnataka,656925,"Neha Rao",9844082415,2023,B,6,"Chennai Institute of Technology",Active
902,"Pooja Singh",IT,3,Male,2004-09-19,B+,9397905580,pooja902@cit.edu.in,"28 Gandhi Road",Delhi,Tamil Nadu,674428,"Ananya Singh",9000062624,2023,C,5,"Chennai Institute of Technology",Active
903,"Sanya Patel",AIDS,4,Female,2003-02-03,A+,9466879727,sanya903@cit.edu.in,"31 Gandhi Road",Mumbai,Tamil Nadu,649724,"Vikram Patel",9214939418,2022,A,8,"Chennai Institute of Technology",Active
904,"Vikram Rao",EEE,3,Male,2003-02-11,O-,9758247295,vikram904@cit.edu.in,"16 Gandhi Road",Hyderabad,Delhi,632636,"Karan Rao",9676440260,2023,C,5,"Chennai Institute of Technology",Active
905,"Vikram Verma",MECH,3,Male,2002-12-08,AB-,9530494609,vikram905@cit.edu.in,"60 Gandhi Road",Bengaluru,Tamil Nadu,671245,"Kavya Verma",9940568980,2023,B,6,"Chennai Institute of Technology",Active
906,"Kavya Sharma",CSE,1,Male,2002-06-09,B+,9640065879,kavya906@cit.edu.in,"28 Gandhi Road",Pune,West Bengal,654948,"Karan Sharma",9697998450,2025,B,2,"Chennai Institute of Technology",Active
907,"Aarav Singh",CIVIL,1,Male,2005-03-18,O+,9160013566,aarav907@cit.edu.in,"86 Gandhi Road",Mumbai,Maharashtra,620247,"Kavya Singh",9155849936,2025,B,2,"Chennai Institute of Technology",Active
908,"Neha Verma",IT,2,Female,2005-08-20,A-,9606167881,neha908@cit.edu.in,"24 Gandhi Road",Bengaluru,Maharashtra,662865,"Rohan Verma",9556638882,2024,C,4,"Chennai Institute of Technology",Active
909,"Vikram Sharma",AIDS,1,Male,2002-02-09,O-,9165042836,vikram909@cit.edu.in,"15 Gandhi Road",Delhi,Maharashtra,631741,"Aditya Sharma",9955566446,2025,A,2,"Chennai Institute of Technology",Active
910,"Varun Kumar",MECH,3,Female,2003-09-16,O+,9144535639,varun910@cit.edu.in,"68 Gandhi Road",Mumbai,Telangana,608497,"Rahul Kumar",9430871763,2023,B,6,"Chennai Institute of Technology",Active
911,"Pooja Kumar",AIML,4,Female,2002-03-07,A-,9258917535,pooja911@cit.edu.in,"50 Gandhi Road",Pune,Karnataka,641282,"Ananya Kumar",9664336589,2022,B,8,"Chennai Institute of Technology",Active
912,"Rahul Mehta",CSE,1,Male,2002-01-13,B+,9750009499,rahul912@cit.edu.in,"32 Gandhi Road",Chennai,West Bengal,645752,"Aarav Mehta",9417152087,2025,A,2,"Chennai Institute of Technology",Active
913,"Rohan Gupta",ECE,3,Male,2006-12-05,A-,9698511751,rohan913@cit.edu.in,"13 Gandhi Road",Chennai,West Bengal,692176,"Arjun Gupta",9359911652,2023,B,5,"Chennai Institute of Technology",Active
914,"Karan Kumar",CSE,4,Female,2004-09-23,O-,9180311204,karan914@cit.edu.in,"39 Gandhi Road",Bengaluru,Delhi,609577,"Vikram Kumar",9432439981,2022,A,7,"Chennai Institute of Technology",Active
915,"Priya Mehta",ECE,4,Male,2005-02-14,AB-,9485938093,priya915@cit.edu.in,"66 Gandhi Road",Kolkata,Tamil Nadu,605712,"Priya Mehta",9346267544,2022,B,7,"Chennai Institute of Technology",Active
916,"Neha Chopra",MECH,3,Male,2004-11-25,O+,9455274283,neha916@cit.edu.in,"50 Gandhi Road",Hyderabad,Karnataka,665326,"Varun Chopra",9367492899,2023,C,5,"Chennai Institute of Technology",Active
917,"Vikram Singh",CSE,2,Female,2004-09-24,B-,9155028558,vikram917@cit.edu.in,"88 Gandhi Road",Chennai,Telangana,645336,"Priya Singh",9905037166,2024,D,3,"Chennai Institute of Technology",Active
918,"Aditya Joshi",AIML,4,Female,2003-01-01,A+,9765061199,aditya918@cit.edu.in,"90 Gandhi Road",Kolkata,West Bengal,605560,"Diya Joshi",9324687708,2022,D,8,"Chennai Institute of Technology",Active
919,"Sanya Chopra",AIDS,3,Female,2002-07-21,B+,9289804006,sanya919@cit.edu.in,"10 Gandhi Road",Bengaluru,Maharashtra,636146,"Rohan Chopra",9524465640,2023,D,6,"Chennai Institute of Technology",Active
920,"Arjun Patel",AIML,4,Male,2005-04-10,AB-,9186211292,arjun920@cit.edu.in,"67 Gandhi Road",Pune,Delhi,682877,"Pooja Patel",9471753760,2022,B,7,"Chennai Institute of Technology",Active
921,"Arjun Kumar",CSE,1,Male,2006-06-26,A+,9887257270,arjun921@cit.edu.in,"10 Gandhi Road",Mumbai,West Bengal,675634,"Rohan Kumar",9807418766,2025,B,1,"Chennai Institute of Technology",Active
922,"Rohan Sharma",ECE,4,Male,2006-07-28,B+,9239026707,rohan922@cit.edu.in,"67 Gandhi Road",Pune,Karnataka,680474,"Neha Sharma",9536969021,2022,C,8,"Chennai Institute of Technology",Active
923,"Ananya Kumar",CIVIL,4,Female,2006-03-22,B-,9678065575,ananya923@cit.edu.in,"41 Gandhi Road",Pune,Karnataka,608200,"Kavya Kumar",9927787204,2022,B,8,"Chennai Institute of Technology",Active
924,"Rohan Joshi",IT,3,Female,2004-06-05,B+,9244131506,rohan924@cit.edu.in,"50 Gandhi Road",Hyderabad,Delhi,628513,"Arjun Joshi",9645307209,2023,A,5,"Chennai Institute of Technology",Active
925,"Pooja Kumar",IT,3,Male,2005-03-14,A-,9723557796,pooja925@cit.edu.in,"71 Gandhi Road",Chennai,Tamil Nadu,641720,"Rohan Kumar",9258193207,2023,A,5,"Chennai Institute of Technology",Active
926,"Neha Joshi",CSE,1,Male,2003-08-26,B-,9222786264,neha926@cit.edu.in,"22 Gandhi Road",Bengaluru,Maharashtra,638792,"Arjun Joshi",9216939158,2025,A,2,"Chennai Institute of Technology",Active
927,"Meera Verma",AIML,2,Male,2003-03-20,AB+,9272559802,meera927@cit.edu.in,"70 Gandhi Road",Bengaluru,Telangana,605428,"Vikram Verma",9351336587,2024,D,4,"Chennai Institute of Technology",Active
928,"Neha Chopra",AIML,1,Female,2004-09-16,AB-,9782840431,neha928@cit.edu.in,"41 Gandhi Road",Chennai,Maharashtra,607960,"Vikram Chopra",9281266228,2025,A,1,"Chennai Institute of Technology",Active
929,"Pooja Nair",IT,4,Male,2002-09-23,B+,9209939133,pooja929@cit.edu.in,"33 Gandhi Road",Bengaluru,Tamil Nadu,662878,"Diya Nair",9104787993,2022,C,7,"Chennai Institute of Technology",Active
930,"Diya Kumar",IT,3,Female,2002-09-03,O-,9147514379,diya930@cit.edu.in,"75 Gandhi Road",Bengaluru,West Bengal,681197,"Kavya Kumar",9638973464,2023,A,6,"Chennai Institute of Technology",Active
931,"Aditya Sharma",CSE,2,Male,2006-11-25,AB-,9636549226,aditya931@cit.edu.in,"23 Gandhi Road",Delhi,Delhi,694532,"Pooja Sharma",9514773631,2024,C,3,"Chennai Institute of Technology",Active
932,"Aarav Gupta",ECE,3,Female,2002-03-15,O+,9102337096,aarav932@cit.edu.in,"29 Gandhi Road",Delhi,Delhi,613177,"Rahul Gupta",9486513488,2023,D,5,"Chennai Institute of Technology",Active
933,"Meera Sharma",CIVIL,3,Male,2006-04-01,B-,9692928349,meera933@cit.edu.in,"15 Gandhi Road",Hyderabad,Tamil Nadu,621921,"Aarav Sharma",9708760719,2023,C,5,"Chennai Institute of Technology",Active
934,"Rahul Chopra",IT,2,Female,2002-06-19,AB-,9502881072,rahul934@cit.edu.in,"99 Gandhi Road",Mumbai,Telangana,618590,"Arjun Chopra",9304526720,2024,B,3,"Chennai Institute of Technology",Active
935,"Aditya Gupta",CSE,3,Male,2002-08-22,B+,9394760447,aditya935@cit.edu.in,"43 Gandhi Road",Chennai,West Bengal,657417,"Aditya Gupta",9715086077,2023,A,5,"Chennai Institute of Technology",Active
936,"Kavya Mehta",CIVIL,1,Female,2002-12-14,O+,9800133282,kavya936@cit.edu.in,"19 Gandhi Road",Delhi,Delhi,687894,"Sanya Mehta",9554222592,2025,A,1,"Chennai Institute of Technology",Active
937,"Rohan Rao",MECH,2,Female,2006-03-26,O+,9072058495,rohan937@cit.edu.in,"78 Gandhi Road",Chennai,West Bengal,684493,"Diya Rao",9765180366,2024,D,3,"Chennai Institute of Technology",Active
938,"Pooja Patel",EEE,3,Male,2003-12-26,B-,9111410780,pooja938@cit.edu.in,"79 Gandhi Road",Mumbai,West Bengal,601306,"Pooja Patel",9805780512,2023,A,5,"Chennai Institute of Technology",Active
939,"Meera Joshi",AIML,4,Male,2005-07-26,B-,9359014892,meera939@cit.edu.in,"40 Gandhi Road",Delhi,West Bengal,699838,"Priya Joshi",9659757327,2022,D,8,"Chennai Institute of Technology",Active
940,"Aditya Patel",CSE,2,Female,2005-01-28,AB-,9590466694,aditya940@cit.edu.in,"28 Gandhi Road",Kolkata,Karnataka,652475,"Priya Patel",9405197472,2024,C,4,"Chennai Institute of Technology",Active
941,"Neha Chopra",ECE,4,Female,2006-09-05,A-,9435889366,neha941@cit.edu.in,"28 Gandhi Road",Hyderabad,Tamil Nadu,671022,"Meera Chopra",9847254396,2022,C,7,"Chennai Institute of Technology",Active
942,"Aarav Singh",CSE,1,Male,2003-08-10,A-,9660710839,aarav942@cit.edu.in,"21 Gandhi Road",Mumbai,Tamil Nadu,603961,"Meera Singh",9053663017,2025,B,1,"Chennai Institute of Technology",Active
943,"Rahul Chopra",IT,2,Female,2004-03-24,A-,9756096628,rahul943@cit.edu.in,"55 Gandhi Road",Pune,West Bengal,632407,"Aarav Chopra",9770756188,2024,D,4,"Chennai Institute of Technology",Active
944,"Diya Verma",AIML,3,Male,2006-07-26,AB-,9911279027,diya944@cit.edu.in,"40 Gandhi Road",Bengaluru,West Bengal,674071,"Arjun Verma",9296437260,2023,D,5,"Chennai Institute of Technology",Active
945,"Pooja Singh",CSE,4,Male,2005-02-14,B-,9394582791,pooja945@cit.edu.in,"29 Gandhi Road",Chennai,Telangana,653952,"Arjun Singh",9784837738,2022,B,7,"Chennai Institute of Technology",Active
946,"Priya Patel",CSE,2,Male,2006-09-13,B-,9371058668,priya946@cit.edu.in,"56 Gandhi Road",Mumbai,Tamil Nadu,686002,"Rohan Patel",9372387001,2024,C,4,"Chennai Institute of Technology",Active
947,"Aditya Rao",AIDS,4,Male,2004-06-25,AB+,9520974089,aditya947@cit.edu.in,"80 Gandhi Road",Hyderabad,Tamil Nadu,646823,"Pooja Rao",9021285532,2022,C,7,"Chennai Institute of Technology",Active
948,"Sanya Mehta",IT,4,Male,2003-04-19,B+,9363531335,sanya948@cit.edu.in,"27 Gandhi Road",Hyderabad,Tamil Nadu,668905,"Pooja Mehta",9328064911,2022,C,7,"Chennai Institute of Technology",Active
949,"Vikram Nair",IT,2,Female,2006-09-18,A+,9332080597,vikram949@cit.edu.in,"14 Gandhi Road",Pune,West Bengal,640566,"Neha Nair",9452624479,2024,C,4,"Chennai Institute of Technology",Active
950,"Karan Gupta",AIDS,1,Female,2005-02-23,A+,9439763946,karan950@cit.edu.in,"38 Gandhi Road",Hyderabad,Tamil Nadu,638215,"Sanya Gupta",9313349382,2025,B,2,"Chennai Institute of Technology",Active
951,"Sanya Chopra",AIML,1,Female,2004-05-23,AB-,9609223865,sanya951@cit.edu.in,"27 Gandhi Road",Pune,Karnataka,633687,"Sanya Chopra",9880449548,2025,B,1,"Chennai Institute of Technology",Active
952,"Meera Nair",CIVIL,1,Female,2004-11-23,AB-,9175360767,meera952@cit.edu.in,"95 Gandhi Road",Pune,Karnataka,639073,"Diya Nair",9999499209,2025,A,1,"Chennai Institute of Technology",Active
953,"Kavya Sharma",MECH,3,Female,2003-07-19,B+,9413195461,kavya953@cit.edu.in,"82 Gandhi Road",Kolkata,Delhi,610597,"Kavya Sharma",9871559950,2023,C,6,"Chennai Institute of Technology",Active
954,"Aarav Rao",AIML,2,Male,2005-10-02,O-,9100005675,aarav954@cit.edu.in,"12 Gandhi Road",Mumbai,Tamil Nadu,691924,"Diya Rao",9663056079,2024,D,3,"Chennai Institute of Technology",Active
955,"Karan Reddy",EEE,2,Female,2003-09-04,B-,9344145502,karan955@cit.edu.in,"24 Gandhi Road",Kolkata,Delhi,646186,"Varun Reddy",9853160867,2024,C,4,"Chennai Institute of Technology",Active
956,"Aditya Singh",MECH,4,Male,2003-07-15,AB+,9547854477,aditya956@cit.edu.in,"70 Gandhi Road",Mumbai,Tamil Nadu,685493,"Sanya Singh",9268436888,2022,C,7,"Chennai Institute of Technology",Active
957,"Aditya Reddy",CIVIL,3,Female,2006-03-11,A+,9465612957,aditya957@cit.edu.in,"47 Gandhi Road",Mumbai,Karnataka,672992,"Arjun Reddy",9965692408,2023,C,6,"Chennai Institute of Technology",Active
958,"Rohan Patel",MECH,2,Male,2003-06-16,O-,9903367271,rohan958@cit.edu.in,"88 Gandhi Road",Bengaluru,Telangana,645097,"Priya Patel",9197191021,2024,A,3,"Chennai Institute of Technology",Active
959,"Meera Chopra",AIDS,3,Female,2006-10-24,O-,9783087544,meera959@cit.edu.in,"76 Gandhi Road",Bengaluru,Telangana,612427,"Karan Chopra",9079044824,2023,A,5,"Chennai Institute of Technology",Active
960,"Rahul Reddy",MECH,1,Male,2003-04-18,B-,9329448129,rahul960@cit.edu.in,"79 Gandhi Road",Mumbai,Maharashtra,687770,"Varun Reddy",9973625941,2025,D,2,"Chennai Institute of Technology",Active
961,"Neha Patel",IT,2,Male,2002-04-23,AB+,9526170990,neha961@cit.edu.in,"95 Gandhi Road",Delhi,West Bengal,605400,"Rahul Patel",9080642551,2024,C,3,"Chennai Institute of Technology",Active
962,"Ananya Mehta",IT,2,Female,2002-07-25,O-,9623103638,ananya962@cit.edu.in,"69 Gandhi Road",Delhi,Tamil Nadu,649513,"Diya Mehta",9062390521,2024,A,4,"Chennai Institute of Technology",Active
963,"Aarav Sharma",AIDS,3,Female,2005-07-15,A+,9448381119,aarav963@cit.edu.in,"35 Gandhi Road",Kolkata,West Bengal,659358,"Arjun Sharma",9241618336,2023,C,6,"Chennai Institute of Technology",Active
964,"Aarav Joshi",AIDS,1,Female,2004-01-24,A-,9456174226,aarav964@cit.edu.in,"94 Gandhi Road",Mumbai,Tamil Nadu,628091,"Diya Joshi",9385101215,2025,B,1,"Chennai Institute of Technology",Active
965,"Aarav Chopra",IT,2,Female,2006-04-19,B-,9305498341,aarav965@cit.edu.in,"80 Gandhi Road",Delhi,Maharashtra,654977,"Karan Chopra",9324880588,2024,A,4,"Chennai Institute of Technology",Active
966,"Aditya Mehta",AIML,4,Female,2006-11-04,AB-,9521921301,aditya966@cit.edu.in,"56 Gandhi Road",Hyderabad,Karnataka,686430,"Priya Mehta",9861804176,2022,A,8,"Chennai Institute of Technology",Active
967,"Rahul Verma",IT,4,Male,2002-01-06,B+,9760717016,rahul967@cit.edu.in,"35 Gandhi Road",Bengaluru,Tamil Nadu,611503,"Sanya Verma",9544059761,2022,D,7,"Chennai Institute of Technology",Active
968,"Varun Kumar",CIVIL,1,Male,2006-02-11,A+,9322301329,varun968@cit.edu.in,"22 Gandhi Road",Kolkata,Tamil Nadu,672615,"Aarav Kumar",9208789712,2025,D,1,"Chennai Institute of Technology",Active
969,"Neha Rao",CSE,3,Male,2006-12-14,A-,9528154535,neha969@cit.edu.in,"50 Gandhi Road",Pune,Delhi,634990,"Priya Rao",9791550394,2023,C,6,"Chennai Institute of Technology",Active
970,"Ananya Mehta",ECE,3,Male,2005-07-09,B+,9182886493,ananya970@cit.edu.in,"61 Gandhi Road",Delhi,West Bengal,620893,"Aditya Mehta",9290599449,2023,B,5,"Chennai Institute of Technology",Active
971,"Neha Patel",CSE,4,Female,2002-10-14,A+,9392098135,neha971@cit.edu.in,"40 Gandhi Road",Delhi,Karnataka,623502,"Vikram Patel",9702230578,2022,C,8,"Chennai Institute of Technology",Active
972,"Priya Reddy",ECE,4,Male,2005-10-04,A+,9583682379,priya972@cit.edu.in,"63 Gandhi Road",Bengaluru,Karnataka,638381,"Meera Reddy",9174981105,2022,B,7,"Chennai Institute of Technology",Active
973,"Sanya Chopra",AIDS,2,Female,2004-08-06,A+,9960841725,sanya973@cit.edu.in,"62 Gandhi Road",Bengaluru,Telangana,687405,"Arjun Chopra",9846752132,2024,D,3,"Chennai Institute of Technology",Active
974,"Arjun Patel",AIML,3,Female,2005-01-04,A-,9107818553,arjun974@cit.edu.in,"60 Gandhi Road",Delhi,Delhi,611406,"Karan Patel",9128760613,2023,A,5,"Chennai Institute of Technology",Active
975,"Aditya Nair",MECH,1,Male,2002-11-26,B-,9930689192,aditya975@cit.edu.in,"82 Gandhi Road",Kolkata,Telangana,604240,"Diya Nair",9102775472,2025,A,1,"Chennai Institute of Technology",Active
976,"Ananya Chopra",AIDS,4,Female,2003-01-27,AB+,9536581342,ananya976@cit.edu.in,"96 Gandhi Road",Bengaluru,Karnataka,673123,"Diya Chopra",9958152470,2022,B,7,"Chennai Institute of Technology",Active
977,"Ananya Mehta",EEE,1,Female,2005-10-09,B-,9068427262,ananya977@cit.edu.in,"69 Gandhi Road",Bengaluru,West Bengal,635626,"Diya Mehta",9755980125,2025,C,2,"Chennai Institute of Technology",Active
978,"Priya Reddy",EEE,1,Female,2006-07-19,A-,9197893824,priya978@cit.edu.in,"46 Gandhi Road",Hyderabad,Delhi,613982,"Sanya Reddy",9797530723,2025,D,1,"Chennai Institute of Technology",Active
979,"Rohan Reddy",ECE,1,Female,2002-04-18,B-,9907977679,rohan979@cit.edu.in,"66 Gandhi Road",Pune,Karnataka,635288,"Neha Reddy",9654145875,2025,B,1,"Chennai Institute of Technology",Active
980,"Varun Verma",EEE,3,Female,2002-12-13,O-,9945884570,varun980@cit.edu.in,"63 Gandhi Road",Mumbai,Karnataka,644979,"Rahul Verma",9675042384,2023,D,6,"Chennai Institute of Technology",Active
981,"Rahul Patel",IT,3,Male,2005-01-22,A+,9995074488,rahul981@cit.edu.in,"33 Gandhi Road",Kolkata,West Bengal,602196,"Kavya Patel",9440132265,2023,D,5,"Chennai Institute of Technology",Active
982,"Ananya Chopra",EEE,4,Male,2005-11-17,O-,9434484806,ananya982@cit.edu.in,"62 Gandhi Road",Bengaluru,Delhi,671696,"Karan Chopra",9422444488,2022,A,8,"Chennai Institute of Technology",Active
983,"Aditya Reddy",AIDS,4,Male,2005-03-25,B-,9396201888,aditya983@cit.edu.in,"22 Gandhi Road",Mumbai,Delhi,678134,"Neha Reddy",9382364132,2022,A,7,"Chennai Institute of Technology",Active
984,"Rohan Kumar",EEE,2,Male,2004-04-01,AB-,9397724242,rohan984@cit.edu.in,"75 Gandhi Road",Bengaluru,Telangana,628649,"Pooja Kumar",9400765632,2024,A,3,"Chennai Institute of Technology",Active
985,"Aarav Mehta",EEE,3,Female,2004-05-15,AB+,9759454380,aarav985@cit.edu.in,"59 Gandhi Road",Mumbai,Telangana,638587,"Neha Mehta",9432626000,2023,D,6,"Chennai Institute of Technology",Active
986,"Arjun Kumar",IT,3,Female,2004-05-09,O-,9128852149,arjun986@cit.edu.in,"26 Gandhi Road",Mumbai,West Bengal,630316,"Pooja Kumar",9466840391,2023,D,6,"Chennai Institute of Technology",Active
987,"Ananya Reddy",AIDS,3,Female,2003-09-16,AB+,9226316440,ananya987@cit.edu.in,"18 Gandhi Road",Hyderabad,Delhi,660188,"Varun Reddy",9711765477,2023,B,5,"Chennai Institute of Technology",Active
988,"Kavya Kumar",ECE,3,Female,2006-12-24,AB+,9973587889,kavya988@cit.edu.in,"73 Gandhi Road",Kolkata,West Bengal,666840,"Rahul Kumar",9163772430,2023,B,6,"Chennai Institute of Technology",Active
989,"Meera Verma",ECE,4,Female,2004-09-05,AB-,9671278221,meera989@cit.edu.in,"59 Gandhi Road",Bengaluru,Tamil Nadu,665068,"Pooja Verma",9015487370,2022,D,7,"Chennai Institute of Technology",Active
990,"Ananya Singh",IT,3,Male,2004-02-28,B-,9499345750,ananya990@cit.edu.in,"83 Gandhi Road",Hyderabad,West Bengal,666380,"Ananya Singh",9955916726,2023,D,5,"Chennai Institute of Technology",Active
991,"Diya Joshi",MECH,1,Male,2006-02-18,O-,9767973939,diya991@cit.edu.in,"20 Gandhi Road",Kolkata,Tamil Nadu,603303,"Karan Joshi",9492278720,2025,B,2,"Chennai Institute of Technology",Active
992,"Karan Gupta",MECH,3,Male,2002-01-17,B+,9687158886,karan992@cit.edu.in,"97 Gandhi Road",Chennai,West Bengal,673547,"Diya Gupta",9385455369,2023,B,5,"Chennai Institute of Technology",Active
993,"Vikram Reddy",EEE,4,Female,2004-07-01,B+,9846249183,vikram993@cit.edu.in,"40 Gandhi Road",Delhi,Karnataka,673209,"Diya Reddy",9934417388,2022,D,7,"Chennai Institute of Technology",Active
994,"Diya Singh",IT,1,Male,2006-05-14,B+,9916244566,diya994@cit.edu.in,"53 Gandhi Road",Mumbai,West Bengal,675677,"Diya Singh",9200481753,2025,D,2,"Chennai Institute of Technology",Active
995,"Kavya Singh",AIDS,4,Female,2003-07-22,A+,9308456166,kavya995@cit.edu.in,"48 Gandhi Road",Mumbai,Telangana,661180,"Rohan Singh",9162207040,2022,C,7,"Chennai Institute of Technology",Active
996,"Sanya Reddy",CSE,1,Male,2006-02-17,B+,9134180464,sanya996@cit.edu.in,"32 Gandhi Road",Pune,Tamil Nadu,628771,"Kavya Reddy",9873108084,2025,B,1,"Chennai Institute of Technology",Active
997,"Neha Patel",ECE,1,Male,2005-09-25,B-,9141621318,neha997@cit.edu.in,"19 Gandhi Road",Chennai,Maharashtra,684610,"Arjun Patel",9682688825,2025,D,1,"Chennai Institute of Technology",Active
998,"Vikram Sharma",AIDS,4,Male,2005-09-18,A-,9459672514,vikram998@cit.edu.in,"37 Gandhi Road",Mumbai,Delhi,657907,"Meera Sharma",9903966528,2022,B,7,"Chennai Institute of Technology",Active
999,"Ananya Mehta",IT,4,Female,2002-05-24,A-,9754127370,ananya999@cit.edu.in,"23 Gandhi Road",Bengaluru,Maharashtra,660792,"Vikram Mehta",9702587984,2022,A,8,"Chennai Institute of Technology",Active
1000,"Neha Singh",IT,2,Male,2006-12-08,A+,9419762173,neha1000@cit.edu.in,"63 Gandhi Road",Mumbai,Maharashtra,624518,"Meera Singh",9819045777,2024,D,4,"Chennai Institute of Technology",Active
1001,"Kavya Reddy",IT,2,Male,2002-12-19,O-,9696835299,kavya1001@cit.edu.in,"26 Gandhi Road",Bengaluru,Maharashtra,612939,"Vikram Reddy",9672909491,2024,D,4,"Chennai Institute of Technology",Active
1002,"Rahul Sharma",AIDS,3,Male,2002-10-19,B-,9538416139,rahul1002@cit.edu.in,"92 Gandhi Road",Hyderabad,Karnataka,674724,"Kavya Sharma",9169350706,2023,D,6,"Chennai Institute of Technology",Active
1003,"Priya Patel",IT,1,Male,2002-03-09,A-,9555398877,priya1003@cit.edu.in,"62 Gandhi Road",Mumbai,Maharashtra,675546,"Priya Patel",9882412881,2025,B,1,"Chennai Institute of Technology",Active
1004,"Neha Mehta",ECE,2,Male,2002-03-15,A+,9310891899,neha1004@cit.edu.in,"51 Gandhi Road",Delhi,Telangana,628708,"Kavya Mehta",9626059568,2024,A,4,"Chennai Institute of Technology",Active
1005,"Ananya Rao",EEE,4,Female,2006-03-10,O+,9627662277,ananya1005@cit.edu.in,"40 Gandhi Road",Pune,West Bengal,603454,"Arjun Rao",9015747857,2022,D,7,"Chennai Institute of Technology",Active
1006,"Aditya Sharma",AIML,2,Female,2004-03-06,AB+,9746059482,aditya1006@cit.edu.in,"89 Gandhi Road",Delhi,West Bengal,676865,"Rohan Sharma",9979664211,2024,C,4,"Chennai Institute of Technology",Active
1007,"Neha Joshi",CSE,4,Male,2003-12-22,O-,9890249064,neha1007@cit.edu.in,"88 Gandhi Road",Hyderabad,West Bengal,696913,"Ananya Joshi",9939665523,2022,D,8,"Chennai Institute of Technology",Active
1008,"Aditya Singh",AIML,2,Male,2004-05-26,A-,9267745261,aditya1008@cit.edu.in,"83 Gandhi Road",Mumbai,Telangana,606440,"Sanya Singh",9157956117,2024,B,3,"Chennai Institute of Technology",Active
1009,"Aditya Mehta",CSE,1,Male,2005-12-28,O+,9466290682,aditya1009@cit.edu.in,"19 Gandhi Road",Mumbai,Tamil Nadu,660034,"Ananya Mehta",9755341431,2025,D,1,"Chennai Institute of Technology",Active
1010,"Aarav Verma",CIVIL,4,Female,2004-05-15,B+,9249830737,aarav1010@cit.edu.in,"79 Gandhi Road",Chennai,Telangana,678732,"Aditya Verma",9984652094,2022,D,8,"Chennai Institute of Technology",Active
1011,"Kavya Sharma",CSE,2,Female,2003-09-06,O+,9807641128,kavya1011@cit.edu.in,"29 Gandhi Road",Pune,Telangana,611223,"Rohan Sharma",9518877074,2024,D,4,"Chennai Institute of Technology",Active
1012,"Varun Sharma",EEE,3,Female,2004-01-10,O+,9854946369,varun1012@cit.edu.in,"20 Gandhi Road",Mumbai,Karnataka,677933,"Aarav Sharma",9973325402,2023,D,6,"Chennai Institute of Technology",Active
1013,"Rohan Singh",AIDS,3,Male,2006-03-01,O+,9857871316,rohan1013@cit.edu.in,"84 Gandhi Road",Hyderabad,Maharashtra,627169,"Neha Singh",9650576279,2023,B,5,"Chennai Institute of Technology",Active
1014,"Aditya Gupta",EEE,1,Female,2004-10-05,O-,9029372966,aditya1014@cit.edu.in,"65 Gandhi Road",Kolkata,Delhi,603321,"Neha Gupta",9808008332,2025,C,2,"Chennai Institute of Technology",Active
1015,"Pooja Singh",CIVIL,1,Female,2006-06-01,A-,9871154842,pooja1015@cit.edu.in,"61 Gandhi Road",Bengaluru,Tamil Nadu,642318,"Pooja Singh",9287006864,2025,A,1,"Chennai Institute of Technology",Active
1016,"Priya Singh",CIVIL,1,Female,2004-06-07,AB-,9734787678,priya1016@cit.edu.in,"36 Gandhi Road",Chennai,Tamil Nadu,619672,"Diya Singh",9514311538,2025,B,1,"Chennai Institute of Technology",Active
1017,"Kavya Singh",CSE,1,Female,2005-07-18,B+,9387442093,kavya1017@cit.edu.in,"54 Gandhi Road",Bengaluru,Telangana,647024,"Kavya Singh",9937716366,2025,B,1,"Chennai Institute of Technology",Active
1018,"Vikram Verma",EEE,1,Male,2004-11-02,B-,9407354148,vikram1018@cit.edu.in,"53 Gandhi Road",Kolkata,Telangana,650555,"Kavya Verma",9142748357,2025,C,1,"Chennai Institute of Technology",Active
1019,"Vikram Sharma",EEE,3,Male,2003-01-14,B-,9197784140,vikram1019@cit.edu.in,"32 Gandhi Road",Chennai,Telangana,680926,"Aarav Sharma",9033352094,2023,A,6,"Chennai Institute of Technology",Active
1020,"Meera Nair",CSE,1,Female,2003-03-19,B+,9982081563,meera1020@cit.edu.in,"95 Gandhi Road",Bengaluru,Telangana,635118,"Aditya Nair",9374555935,2025,B,1,"Chennai Institute of Technology",Active
1021,"Varun Nair",EEE,3,Female,2004-09-08,B+,9603166167,varun1021@cit.edu.in,"24 Gandhi Road",Chennai,Karnataka,637576,"Ananya Nair",9043093946,2023,B,6,"Chennai Institute of Technology",Active
1022,"Karan Mehta",CSE,4,Male,2002-11-09,B-,9717196617,karan1022@cit.edu.in,"96 Gandhi Road",Delhi,Tamil Nadu,658867,"Ananya Mehta",9617662715,2022,A,8,"Chennai Institute of Technology",Active
1023,"Rahul Mehta",ECE,1,Male,2006-05-15,AB-,9687902136,rahul1023@cit.edu.in,"12 Gandhi Road",Bengaluru,Delhi,656350,"Kavya Mehta",9421637039,2025,D,2,"Chennai Institute of Technology",Active
1024,"Diya Reddy",EEE,2,Male,2005-03-19,B+,9294576684,diya1024@cit.edu.in,"88 Gandhi Road",Bengaluru,Telangana,696991,"Rohan Reddy",9167227941,2024,A,3,"Chennai Institute of Technology",Active
1025,"Sanya Gupta",AIDS,2,Male,2006-03-19,B-,9205311421,sanya1025@cit.edu.in,"97 Gandhi Road",Pune,West Bengal,683177,"Priya Gupta",9002761023,2024,C,3,"Chennai Institute of Technology",Active
1026,"Meera Reddy",ECE,3,Male,2002-11-06,AB+,9025038630,meera1026@cit.edu.in,"23 Gandhi Road",Chennai,Maharashtra,675971,"Arjun Reddy",9089239851,2023,D,6,"Chennai Institute of Technology",Active
1027,"Aarav Nair",IT,4,Female,2005-11-25,O-,9902675297,aarav1027@cit.edu.in,"34 Gandhi Road",Pune,Tamil Nadu,676113,"Arjun Nair",9760628954,2022,A,7,"Chennai Institute of Technology",Active
1028,"Rahul Rao",ECE,4,Female,2006-10-13,A+,9631463604,rahul1028@cit.edu.in,"56 Gandhi Road",Pune,Telangana,651516,"Priya Rao",9107586216,2022,B,7,"Chennai Institute of Technology",Active
1029,"Vikram Singh",ECE,4,Female,2005-10-22,B-,9390144268,vikram1029@cit.edu.in,"97 Gandhi Road",Mumbai,Tamil Nadu,651798,"Aarav Singh",9045796607,2022,C,8,"Chennai Institute of Technology",Active
1030,"Rahul Gupta",MECH,1,Female,2005-08-23,O+,9046894452,rahul1030@cit.edu.in,"42 Gandhi Road",Mumbai,Telangana,633653,"Aarav Gupta",9434838967,2025,D,1,"Chennai Institute of Technology",Active
1031,"Sanya Gupta",IT,3,Male,2004-10-03,AB-,9170850242,sanya1031@cit.edu.in,"83 Gandhi Road",Delhi,Telangana,622078,"Vikram Gupta",9772354097,2023,B,5,"Chennai Institute of Technology",Active
1032,"Kavya Kumar",CIVIL,1,Female,2003-07-22,AB+,9824686723,kavya1032@cit.edu.in,"55 Gandhi Road",Bengaluru,Maharashtra,645053,"Ananya Kumar",9801237057,2025,D,1,"Chennai Institute of Technology",Active
1033,"Karan Patel",CIVIL,4,Male,2005-12-27,O+,9975991437,karan1033@cit.edu.in,"27 Gandhi Road",Delhi,Tamil Nadu,630557,"Rohan Patel",9526618515,2022,C,7,"Chennai Institute of Technology",Active
1034,"Kavya Kumar",AIDS,4,Female,2002-08-05,AB-,9327724404,kavya1034@cit.edu.in,"73 Gandhi Road",Kolkata,Telangana,673272,"Rohan Kumar",9581720926,2022,A,7,"Chennai Institute of Technology",Active
1035,"Priya Reddy",CSE,1,Female,2005-12-22,AB+,9482719235,priya1035@cit.edu.in,"24 Gandhi Road",Chennai,Maharashtra,683605,"Aarav Reddy",9543957922,2025,C,2,"Chennai Institute of Technology",Active
1036,"Priya Gupta",CSE,4,Male,2002-09-03,O-,9333792895,priya1036@cit.edu.in,"79 Gandhi Road",Bengaluru,Tamil Nadu,624649,"Vikram Gupta",9455198175,2022,C,7,"Chennai Institute of Technology",Active
1037,"Varun Singh",AIDS,4,Female,2003-07-03,B+,9262017050,varun1037@cit.edu.in,"59 Gandhi Road",Kolkata,Tamil Nadu,678169,"Vikram Singh",9428909647,2022,C,8,"Chennai Institute of Technology",Active
1038,"Diya Reddy",CIVIL,1,Female,2006-02-13,AB+,9964847168,diya1038@cit.edu.in,"32 Gandhi Road",Kolkata,Telangana,610480,"Rahul Reddy",9035616654,2025,A,2,"Chennai Institute of Technology",Active
1039,"Meera Sharma",ECE,3,Male,2006-01-19,B-,9997673350,meera1039@cit.edu.in,"69 Gandhi Road",Delhi,Telangana,618197,"Varun Sharma",9668352526,2023,D,6,"Chennai Institute of Technology",Active
1040,"Varun Patel",ECE,4,Female,2005-08-10,B-,9953118047,varun1040@cit.edu.in,"23 Gandhi Road",Delhi,West Bengal,611963,"Rohan Patel",9566622354,2022,D,7,"Chennai Institute of Technology",Active
1041,"Priya Joshi",AIDS,3,Male,2002-04-14,O-,9415949648,priya1041@cit.edu.in,"45 Gandhi Road",Pune,Karnataka,684645,"Meera Joshi",9155964177,2023,A,6,"Chennai Institute of Technology",Active
1042,"Varun Reddy",CIVIL,4,Male,2004-04-28,B+,9821080328,varun1042@cit.edu.in,"54 Gandhi Road",Kolkata,West Bengal,613203,"Sanya Reddy",9172660173,2022,A,8,"Chennai Institute of Technology",Active
1043,"Kavya Gupta",CIVIL,1,Female,2005-02-11,B+,9093471384,kavya1043@cit.edu.in,"32 Gandhi Road",Mumbai,Tamil Nadu,697482,"Aarav Gupta",9363306960,2025,B,1,"Chennai Institute of Technology",Active
1044,"Sanya Gupta",CIVIL,4,Female,2005-07-19,A-,9127674561,sanya1044@cit.edu.in,"24 Gandhi Road",Mumbai,West Bengal,680119,"Vikram Gupta",9153636770,2022,B,7,"Chennai Institute of Technology",Active
1045,"Pooja Gupta",CSE,2,Female,2002-11-13,AB-,9099604274,pooja1045@cit.edu.in,"76 Gandhi Road",Mumbai,Karnataka,645383,"Ananya Gupta",9916591428,2024,A,4,"Chennai Institute of Technology",Active
1046,"Ananya Joshi",AIML,3,Male,2003-09-17,AB+,9481417554,ananya1046@cit.edu.in,"74 Gandhi Road",Kolkata,Telangana,621629,"Vikram Joshi",9687869011,2023,A,6,"Chennai Institute of Technology",Active
1047,"Meera Joshi",ECE,2,Male,2004-12-12,AB+,9936347135,meera1047@cit.edu.in,"97 Gandhi Road",Kolkata,West Bengal,635054,"Varun Joshi",9152458531,2024,B,4,"Chennai Institute of Technology",Active
1048,"Meera Reddy",CSE,4,Female,2006-05-17,A+,9683014828,meera1048@cit.edu.in,"87 Gandhi Road",Pune,West Bengal,641495,"Diya Reddy",9957427578,2022,C,7,"Chennai Institute of Technology",Active
1049,"Aditya Nair",ECE,2,Female,2003-10-27,AB+,9571040553,aditya1049@cit.edu.in,"83 Gandhi Road",Kolkata,Maharashtra,649334,"Karan Nair",9934135058,2024,B,3,"Chennai Institute of Technology",Active
1050,"Varun Kumar",IT,1,Male,2003-09-14,AB-,9905978922,varun1050@cit.edu.in,"85 Gandhi Road",Kolkata,Karnataka,603347,"Aarav Kumar",9504522751,2025,D,2,"Chennai Institute of Technology",Active
1051,"Rohan Verma",ECE,2,Male,2003-08-27,A-,9010085220,rohan1051@cit.edu.in,"71 Gandhi Road",Pune,West Bengal,643123,"Kavya Verma",9485688588,2024,A,4,"Chennai Institute of Technology",Active
1052,"Meera Sharma",MECH,3,Female,2005-06-27,A-,9582464923,meera1052@cit.edu.in,"88 Gandhi Road",Kolkata,Delhi,664683,"Karan Sharma",9236063183,2023,D,6,"Chennai Institute of Technology",Active
1053,"Priya Sharma",MECH,4,Female,2003-12-04,O+,9286280466,priya1053@cit.edu.in,"90 Gandhi Road",Delhi,Tamil Nadu,680432,"Kavya Sharma",9639302635,2022,A,8,"Chennai Institute of Technology",Active
1054,"Karan Sharma",IT,2,Male,2003-07-21,O+,9627814671,karan1054@cit.edu.in,"84 Gandhi Road",Kolkata,West Bengal,663668,"Sanya Sharma",9760942491,2024,A,3,"Chennai Institute of Technology",Active
1055,"Sanya Sharma",AIDS,4,Male,2006-11-11,O+,9187030460,sanya1055@cit.edu.in,"67 Gandhi Road",Mumbai,Karnataka,654102,"Arjun Sharma",9521601946,2022,B,7,"Chennai Institute of Technology",Active
1056,"Sanya Sharma",AIML,3,Female,2002-05-04,O-,9673727774,sanya1056@cit.edu.in,"16 Gandhi Road",Mumbai,West Bengal,688969,"Pooja Sharma",9458899665,2023,C,6,"Chennai Institute of Technology",Active
1057,"Karan Gupta",MECH,3,Female,2004-12-13,O-,9306692100,karan1057@cit.edu.in,"94 Gandhi Road",Pune,West Bengal,620011,"Diya Gupta",9157590541,2023,A,5,"Chennai Institute of Technology",Active
1058,"Neha Rao",CSE,3,Male,2005-01-12,O+,9847517411,neha1058@cit.edu.in,"49 Gandhi Road",Chennai,Karnataka,688879,"Arjun Rao",9797001561,2023,C,6,"Chennai Institute of Technology",Active
1059,"Kavya Patel",IT,3,Male,2003-02-23,AB-,9104058005,kavya1059@cit.edu.in,"97 Gandhi Road",Bengaluru,Delhi,682191,"Sanya Patel",9450933472,2023,A,6,"Chennai Institute of Technology",Active
1060,"Ananya Patel",AIDS,3,Female,2005-04-10,B-,9004913463,ananya1060@cit.edu.in,"71 Gandhi Road",Chennai,Tamil Nadu,671787,"Diya Patel",9907720014,2023,B,5,"Chennai Institute of Technology",Active
1061,"Arjun Sharma",ECE,3,Male,2003-10-14,A-,9933675814,arjun1061@cit.edu.in,"83 Gandhi Road",Hyderabad,Delhi,624143,"Vikram Sharma",9182076396,2023,D,6,"Chennai Institute of Technology",Active
1062,"Varun Mehta",AIDS,4,Female,2003-09-16,B-,9784085271,varun1062@cit.edu.in,"39 Gandhi Road",Kolkata,Tamil Nadu,628876,"Ananya Mehta",9222606991,2022,C,7,"Chennai Institute of Technology",Active
1063,"Karan Sharma",AIDS,1,Male,2003-03-20,O+,9875686829,karan1063@cit.edu.in,"62 Gandhi Road",Kolkata,Tamil Nadu,691730,"Karan Sharma",9265847580,2025,D,2,"Chennai Institute of Technology",Active
1064,"Neha Singh",IT,1,Male,2005-08-18,B+,9969777938,neha1064@cit.edu.in,"18 Gandhi Road",Mumbai,Karnataka,676907,"Neha Singh",9653744377,2025,A,1,"Chennai Institute of Technology",Active
1065,"Meera Sharma",CSE,4,Male,2003-07-01,AB+,9635370559,meera1065@cit.edu.in,"25 Gandhi Road",Hyderabad,Karnataka,696707,"Aditya Sharma",9642423177,2022,D,7,"Chennai Institute of Technology",Active
1066,"Aditya Patel",AIML,1,Female,2006-10-13,O-,9908141855,aditya1066@cit.edu.in,"98 Gandhi Road",Delhi,Delhi,621959,"Rohan Patel",9889592183,2025,D,2,"Chennai Institute of Technology",Active
1067,"Meera Patel",AIDS,4,Male,2005-01-14,O-,9109213377,meera1067@cit.edu.in,"50 Gandhi Road",Delhi,Karnataka,630061,"Aarav Patel",9585515386,2022,C,8,"Chennai Institute of Technology",Active
1068,"Rohan Kumar",CIVIL,1,Female,2006-09-12,AB+,9771763390,rohan1068@cit.edu.in,"56 Gandhi Road",Delhi,Delhi,647681,"Arjun Kumar",9177863032,2025,C,2,"Chennai Institute of Technology",Active
1069,"Rahul Singh",EEE,4,Female,2002-05-12,AB-,9983442703,rahul1069@cit.edu.in,"73 Gandhi Road",Chennai,Tamil Nadu,622591,"Diya Singh",9008995221,2022,C,7,"Chennai Institute of Technology",Active
1070,"Arjun Verma",MECH,3,Male,2002-06-05,O+,9959273021,arjun1070@cit.edu.in,"52 Gandhi Road",Bengaluru,Karnataka,648080,"Sanya Verma",9840365702,2023,A,5,"Chennai Institute of Technology",Active
1071,"Meera Chopra",ECE,2,Female,2004-05-13,B-,9561506015,meera1071@cit.edu.in,"24 Gandhi Road",Mumbai,West Bengal,680746,"Diya Chopra",9268648595,2024,C,3,"Chennai Institute of Technology",Active
1072,"Kavya Chopra",CSE,4,Male,2002-10-25,A+,9908432243,kavya1072@cit.edu.in,"37 Gandhi Road",Bengaluru,Maharashtra,645512,"Vikram Chopra",9177675383,2022,A,8,"Chennai Institute of Technology",Active
1073,"Aditya Singh",AIML,3,Female,2002-10-18,A+,9030308843,aditya1073@cit.edu.in,"85 Gandhi Road",Chennai,Telangana,696515,"Kavya Singh",9050593338,2023,D,5,"Chennai Institute of Technology",Active
1074,"Aarav Reddy",IT,1,Male,2002-02-26,B-,9456310622,aarav1074@cit.edu.in,"56 Gandhi Road",Bengaluru,Tamil Nadu,699949,"Rahul Reddy",9136975023,2025,B,2,"Chennai Institute of Technology",Active
1075,"Meera Verma",CSE,2,Male,2002-09-03,AB-,9238437807,meera1075@cit.edu.in,"91 Gandhi Road",Chennai,West Bengal,634344,"Rahul Verma",9674270127,2024,D,3,"Chennai Institute of Technology",Active
1076,"Sanya Joshi",CSE,1,Male,2003-10-24,AB-,9155629796,sanya1076@cit.edu.in,"83 Gandhi Road",Bengaluru,West Bengal,638456,"Ananya Joshi",9642270580,2025,D,2,"Chennai Institute of Technology",Active
1077,"Rohan Patel",CIVIL,4,Male,2006-08-17,A+,9822858495,rohan1077@cit.edu.in,"30 Gandhi Road",Chennai,West Bengal,683588,"Pooja Patel",9294084973,2022,B,8,"Chennai Institute of Technology",Active
1078,"Priya Gupta",IT,3,Female,2004-03-22,O+,9282217221,priya1078@cit.edu.in,"69 Gandhi Road",Delhi,Delhi,674067,"Priya Gupta",9566428663,2023,D,6,"Chennai Institute of Technology",Active
1079,"Pooja Gupta",CSE,3,Female,2004-11-09,B+,9371209898,pooja1079@cit.edu.in,"86 Gandhi Road",Pune,Telangana,670528,"Arjun Gupta",9982661263,2023,D,6,"Chennai Institute of Technology",Active
1080,"Arjun Sharma",CSE,2,Male,2005-04-01,B-,9004162465,arjun1080@cit.edu.in,"56 Gandhi Road",Bengaluru,Delhi,672998,"Rohan Sharma",9983960380,2024,A,3,"Chennai Institute of Technology",Active
1081,"Arjun Singh",CIVIL,4,Female,2006-07-18,AB+,9464402990,arjun1081@cit.edu.in,"48 Gandhi Road",Kolkata,Telangana,614691,"Rahul Singh",9282168314,2022,A,8,"Chennai Institute of Technology",Active
1082,"Meera Joshi",IT,2,Male,2004-01-17,A+,9176254534,meera1082@cit.edu.in,"58 Gandhi Road",Bengaluru,Tamil Nadu,689271,"Varun Joshi",9197186586,2024,D,4,"Chennai Institute of Technology",Active
1083,"Pooja Joshi",IT,1,Female,2003-01-04,AB+,9250566938,pooja1083@cit.edu.in,"57 Gandhi Road",Mumbai,West Bengal,660854,"Neha Joshi",9425593782,2025,B,2,"Chennai Institute of Technology",Active
1084,"Priya Rao",CIVIL,1,Male,2006-12-18,AB-,9143885464,priya1084@cit.edu.in,"48 Gandhi Road",Bengaluru,West Bengal,665952,"Aditya Rao",9648847966,2025,A,1,"Chennai Institute of Technology",Active
1085,"Karan Rao",CIVIL,3,Male,2002-03-24,A-,9298434304,karan1085@cit.edu.in,"54 Gandhi Road",Pune,West Bengal,683926,"Vikram Rao",9742813789,2023,B,5,"Chennai Institute of Technology",Active
1086,"Rohan Chopra",IT,1,Male,2006-10-21,AB+,9988329559,rohan1086@cit.edu.in,"15 Gandhi Road",Mumbai,Tamil Nadu,612305,"Rohan Chopra",9035567369,2025,D,2,"Chennai Institute of Technology",Active
1087,"Meera Patel",AIML,2,Female,2003-12-08,O+,9983142571,meera1087@cit.edu.in,"83 Gandhi Road",Chennai,Maharashtra,618593,"Diya Patel",9119949288,2024,B,4,"Chennai Institute of Technology",Active
1088,"Rohan Nair",AIML,4,Male,2004-04-23,B+,9056074681,rohan1088@cit.edu.in,"10 Gandhi Road",Kolkata,Karnataka,619580,"Arjun Nair",9521067078,2022,A,8,"Chennai Institute of Technology",Active
1089,"Varun Sharma",IT,2,Female,2005-08-17,A-,9755574069,varun1089@cit.edu.in,"58 Gandhi Road",Bengaluru,Tamil Nadu,679990,"Meera Sharma",9456856027,2024,A,4,"Chennai Institute of Technology",Active
1090,"Rohan Joshi",ECE,1,Female,2005-09-04,A-,9091088165,rohan1090@cit.edu.in,"31 Gandhi Road",Delhi,Karnataka,638186,"Varun Joshi",9979608865,2025,B,2,"Chennai Institute of Technology",Active
1091,"Varun Verma",EEE,1,Female,2003-07-12,AB+,9849922614,varun1091@cit.edu.in,"39 Gandhi Road",Delhi,Telangana,642832,"Sanya Verma",9072825827,2025,C,2,"Chennai Institute of Technology",Active
1092,"Pooja Sharma",MECH,4,Female,2006-10-10,AB+,9674697921,pooja1092@cit.edu.in,"96 Gandhi Road",Bengaluru,Karnataka,645305,"Varun Sharma",9461855218,2022,D,7,"Chennai Institute of Technology",Active
1093,"Pooja Singh",CSE,2,Male,2004-05-09,B+,9518424452,pooja1093@cit.edu.in,"92 Gandhi Road",Bengaluru,Tamil Nadu,610019,"Karan Singh",9520524470,2024,B,3,"Chennai Institute of Technology",Active
1094,"Vikram Singh",ECE,3,Female,2006-10-05,AB-,9248044929,vikram1094@cit.edu.in,"36 Gandhi Road",Pune,Telangana,674495,"Meera Singh",9445867520,2023,A,5,"Chennai Institute of Technology",Active
1095,"Rahul Mehta",CSE,2,Female,2004-06-13,B+,9204929184,rahul1095@cit.edu.in,"50 Gandhi Road",Hyderabad,Tamil Nadu,601136,"Arjun Mehta",9655776789,2024,B,4,"Chennai Institute of Technology",Active
1096,"Priya Singh",ECE,1,Female,2006-04-15,B+,9558849466,priya1096@cit.edu.in,"95 Gandhi Road",Kolkata,Delhi,661894,"Neha Singh",9042620846,2025,B,1,"Chennai Institute of Technology",Active
1097,"Karan Mehta",ECE,3,Male,2004-08-12,O+,9774440172,karan1097@cit.edu.in,"30 Gandhi Road",Mumbai,Tamil Nadu,600705,"Priya Mehta",9926782995,2023,C,6,"Chennai Institute of Technology",Active
1098,"Aarav Joshi",CIVIL,2,Male,2002-05-05,O-,9351236644,aarav1098@cit.edu.in,"70 Gandhi Road",Mumbai,Telangana,682497,"Aditya Joshi",9297150547,2024,D,3,"Chennai Institute of Technology",Active
1099,"Arjun Nair",CSE,4,Female,2003-02-22,AB-,9684477431,arjun1099@cit.edu.in,"46 Gandhi Road",Bengaluru,Maharashtra,670090,"Ananya Nair",9647027202,2022,A,7,"Chennai Institute of Technology",Active
1100,"Kavya Rao",IT,4,Female,2004-01-22,B-,9257343995,kavya1100@cit.edu.in,"42 Gandhi Road",Kolkata,Karnataka,645080,"Varun Rao",9967240374,2022,D,7,"Chennai Institute of Technology",Active
1101,"Priya Reddy",ECE,1,Female,2006-12-28,A+,9331442675,priya1101@cit.edu.in,"25 Gandhi Road",Kolkata,Tamil Nadu,695603,"Priya Reddy",9353493755,2025,A,2,"Chennai Institute of Technology",Active
1102,"Varun Patel",CSE,1,Male,2003-06-16,A-,9810508324,varun1102@cit.edu.in,"63 Gandhi Road",Hyderabad,Maharashtra,662769,"Rahul Patel",9282091003,2025,A,2,"Chennai Institute of Technology",Active
1103,"Meera Chopra",MECH,4,Female,2003-11-19,O-,9490635783,meera1103@cit.edu.in,"71 Gandhi Road",Delhi,Telangana,673351,"Meera Chopra",9259299577,2022,A,8,"Chennai Institute of Technology",Active
1104,"Neha Nair",IT,1,Male,2003-07-20,A+,9272941616,neha1104@cit.edu.in,"66 Gandhi Road",Pune,Karnataka,655015,"Rahul Nair",9282899601,2025,D,2,"Chennai Institute of Technology",Active
1105,"Vikram Nair",AIDS,3,Male,2005-09-10,B-,9773886957,vikram1105@cit.edu.in,"73 Gandhi Road",Pune,Maharashtra,678353,"Meera Nair",9057517932,2023,B,5,"Chennai Institute of Technology",Active
1106,"Vikram Kumar",AIML,3,Female,2003-12-20,O+,9323926789,vikram1106@cit.edu.in,"48 Gandhi Road",Pune,Delhi,686407,"Aditya Kumar",9322775100,2023,D,6,"Chennai Institute of Technology",Active
1107,"Meera Patel",AIML,2,Male,2002-04-12,O+,9266586778,meera1107@cit.edu.in,"11 Gandhi Road",Chennai,West Bengal,664417,"Vikram Patel",9754225541,2024,B,4,"Chennai Institute of Technology",Active
1108,"Vikram Verma",CSE,3,Male,2002-01-23,B-,9830588532,vikram1108@cit.edu.in,"75 Gandhi Road",Bengaluru,Tamil Nadu,633213,"Sanya Verma",9411174739,2023,C,5,"Chennai Institute of Technology",Active
1109,"Rahul Rao",CIVIL,3,Male,2005-07-18,B-,9355258067,rahul1109@cit.edu.in,"62 Gandhi Road",Chennai,West Bengal,624070,"Sanya Rao",9154141658,2023,C,6,"Chennai Institute of Technology",Active
1110,"Rahul Reddy",MECH,2,Female,2003-11-02,B-,9732758561,rahul1110@cit.edu.in,"76 Gandhi Road",Delhi,Telangana,638095,"Rohan Reddy",9555677818,2024,D,3,"Chennai Institute of Technology",Active
1111,"Karan Gupta",ECE,1,Male,2003-04-24,A-,9463494657,karan1111@cit.edu.in,"35 Gandhi Road",Delhi,Karnataka,676820,"Neha Gupta",9430363008,2025,D,1,"Chennai Institute of Technology",Active
1112,"Varun Sharma",MECH,3,Male,2004-06-07,B-,9438780501,varun1112@cit.edu.in,"57 Gandhi Road",Pune,Karnataka,639355,"Diya Sharma",9582905464,2023,D,6,"Chennai Institute of Technology",Active
1113,"Pooja Sharma",ECE,2,Male,2003-01-14,A-,9465210167,pooja1113@cit.edu.in,"67 Gandhi Road",Mumbai,Delhi,650413,"Meera Sharma",9071076923,2024,B,3,"Chennai Institute of Technology",Active
1114,"Kavya Reddy",ECE,1,Female,2004-07-21,A+,9826570356,kavya1114@cit.edu.in,"78 Gandhi Road",Hyderabad,Maharashtra,618141,"Karan Reddy",9035818854,2025,D,2,"Chennai Institute of Technology",Active
1115,"Priya Gupta",CSE,4,Male,2002-03-16,A+,9138930677,priya1115@cit.edu.in,"90 Gandhi Road",Kolkata,Tamil Nadu,619707,"Meera Gupta",9571235299,2022,A,7,"Chennai Institute of Technology",Active
1116,"Vikram Gupta",CSE,1,Female,2006-08-16,O+,9958894518,vikram1116@cit.edu.in,"50 Gandhi Road",Pune,Karnataka,656413,"Rahul Gupta",9011896459,2025,C,2,"Chennai Institute of Technology",Active
1117,"Vikram Mehta",EEE,1,Female,2004-02-08,A+,9045830852,vikram1117@cit.edu.in,"42 Gandhi Road",Hyderabad,Delhi,643284,"Arjun Mehta",9623763787,2025,B,2,"Chennai Institute of Technology",Active
1118,"Rohan Gupta",ECE,4,Male,2003-03-15,AB-,9427656754,rohan1118@cit.edu.in,"19 Gandhi Road",Pune,Delhi,683822,"Neha Gupta",9088788397,2022,C,8,"Chennai Institute of Technology",Active
1119,"Priya Kumar",CSE,3,Female,2004-09-01,O-,9492899256,priya1119@cit.edu.in,"49 Gandhi Road",Kolkata,Karnataka,650638,"Aditya Kumar",9700151881,2023,A,5,"Chennai Institute of Technology",Active
1120,"Karan Nair",CIVIL,1,Male,2006-04-21,O-,9912254386,karan1120@cit.edu.in,"32 Gandhi Road",Hyderabad,West Bengal,669050,"Karan Nair",9900409586,2025,C,2,"Chennai Institute of Technology",Active
1121,"Diya Patel",AIML,2,Male,2006-07-02,O-,9110582397,diya1121@cit.edu.in,"50 Gandhi Road",Kolkata,Karnataka,689643,"Aarav Patel",9672403364,2024,B,4,"Chennai Institute of Technology",Active
1122,"Diya Rao",EEE,3,Female,2004-01-25,O+,9275013240,diya1122@cit.edu.in,"54 Gandhi Road",Pune,Maharashtra,690363,"Karan Rao",9933726071,2023,B,6,"Chennai Institute of Technology",Active
1123,"Vikram Nair",IT,3,Male,2006-12-14,B+,9299733407,vikram1123@cit.edu.in,"11 Gandhi Road",Hyderabad,Tamil Nadu,614572,"Karan Nair",9682990062,2023,A,6,"Chennai Institute of Technology",Active
1124,"Kavya Mehta",AIDS,1,Female,2002-08-15,A+,9277667744,kavya1124@cit.edu.in,"93 Gandhi Road",Bengaluru,Telangana,644040,"Varun Mehta",9347389472,2025,C,1,"Chennai Institute of Technology",Active
1125,"Neha Kumar",CIVIL,4,Female,2002-01-01,B-,9914095907,neha1125@cit.edu.in,"26 Gandhi Road",Pune,Tamil Nadu,651717,"Varun Kumar",9622480077,2022,A,7,"Chennai Institute of Technology",Active
1126,"Neha Chopra",CIVIL,3,Female,2004-03-10,AB+,9748689374,neha1126@cit.edu.in,"18 Gandhi Road",Hyderabad,Delhi,615748,"Priya Chopra",9125541744,2023,D,6,"Chennai Institute of Technology",Active
1127,"Rahul Sharma",AIML,1,Male,2002-11-26,A+,9002688985,rahul1127@cit.edu.in,"39 Gandhi Road",Pune,Telangana,641012,"Aarav Sharma",9522622048,2025,B,1,"Chennai Institute of Technology",Active
1128,"Priya Verma",AIML,4,Male,2004-03-22,A-,9166738017,priya1128@cit.edu.in,"92 Gandhi Road",Hyderabad,Tamil Nadu,622648,"Varun Verma",9072028212,2022,B,7,"Chennai Institute of Technology",Active
1129,"Aarav Sharma",MECH,1,Female,2005-10-16,B+,9254699940,aarav1129@cit.edu.in,"57 Gandhi Road",Hyderabad,Tamil Nadu,658440,"Pooja Sharma",9717323672,2025,A,1,"Chennai Institute of Technology",Active
1130,"Sanya Kumar",IT,3,Female,2004-05-27,A+,9389508315,sanya1130@cit.edu.in,"74 Gandhi Road",Mumbai,Maharashtra,652001,"Kavya Kumar",9895886842,2023,B,5,"Chennai Institute of Technology",Active
1131,"Aditya Singh",AIDS,4,Female,2005-11-28,B-,9727188489,aditya1131@cit.edu.in,"30 Gandhi Road",Hyderabad,Delhi,605052,"Diya Singh",9051075665,2022,D,8,"Chennai Institute of Technology",Active
1132,"Neha Reddy",ECE,4,Female,2004-12-24,A-,9935310782,neha1132@cit.edu.in,"17 Gandhi Road",Kolkata,Telangana,639230,"Varun Reddy",9170764938,2022,C,8,"Chennai Institute of Technology",Active
1133,"Meera Sharma",AIML,3,Female,2004-08-09,B-,9698912156,meera1133@cit.edu.in,"59 Gandhi Road",Hyderabad,Karnataka,699777,"Neha Sharma",9964320312,2023,D,5,"Chennai Institute of Technology",Active
1134,"Sanya Kumar",IT,4,Male,2006-08-12,O+,9753254537,sanya1134@cit.edu.in,"12 Gandhi Road",Pune,Maharashtra,652552,"Varun Kumar",9555311539,2022,D,8,"Chennai Institute of Technology",Active
1135,"Varun Nair",ECE,3,Female,2002-03-24,O+,9619156670,varun1135@cit.edu.in,"65 Gandhi Road",Delhi,Karnataka,642493,"Varun Nair",9106695546,2023,D,6,"Chennai Institute of Technology",Active
1136,"Karan Joshi",MECH,1,Male,2004-12-22,O+,9683725948,karan1136@cit.edu.in,"50 Gandhi Road",Hyderabad,Karnataka,690420,"Karan Joshi",9859554519,2025,C,2,"Chennai Institute of Technology",Active
1137,"Priya Reddy",ECE,1,Female,2004-07-02,AB+,9705295451,priya1137@cit.edu.in,"65 Gandhi Road",Bengaluru,Delhi,637349,"Aarav Reddy",9004915322,2025,C,2,"Chennai Institute of Technology",Active
1138,"Ananya Nair",IT,1,Female,2002-12-16,B+,9768046942,ananya1138@cit.edu.in,"80 Gandhi Road",Hyderabad,West Bengal,680785,"Aditya Nair",9778230773,2025,C,2,"Chennai Institute of Technology",Active
1139,"Arjun Chopra",AIML,4,Male,2002-01-23,B+,9564420337,arjun1139@cit.edu.in,"18 Gandhi Road",Chennai,West Bengal,641255,"Aarav Chopra",9741512344,2022,B,7,"Chennai Institute of Technology",Active
1140,"Diya Kumar",EEE,2,Male,2005-11-22,O+,9952209744,diya1140@cit.edu.in,"85 Gandhi Road",Hyderabad,Telangana,674306,"Sanya Kumar",9994858520,2024,C,3,"Chennai Institute of Technology",Active
1141,"Diya Joshi",CIVIL,1,Female,2005-04-15,O-,9389635915,diya1141@cit.edu.in,"11 Gandhi Road",Pune,Delhi,666485,"Neha Joshi",9991868132,2025,D,1,"Chennai Institute of Technology",Active
1142,"Neha Sharma",AIDS,1,Female,2005-04-13,AB+,9781367915,neha1142@cit.edu.in,"92 Gandhi Road",Hyderabad,Tamil Nadu,659707,"Meera Sharma",9385920943,2025,B,1,"Chennai Institute of Technology",Active
1143,"Kavya Kumar",EEE,2,Female,2006-11-22,O+,9292081091,kavya1143@cit.edu.in,"99 Gandhi Road",Bengaluru,Maharashtra,650762,"Arjun Kumar",9623503944,2024,D,3,"Chennai Institute of Technology",Active
1144,"Priya Patel",MECH,1,Female,2005-12-10,AB-,9369477041,priya1144@cit.edu.in,"21 Gandhi Road",Kolkata,Karnataka,623307,"Kavya Patel",9070296473,2025,B,2,"Chennai Institute of Technology",Active
1145,"Pooja Gupta",CSE,3,Male,2002-09-13,B-,9118126082,pooja1145@cit.edu.in,"89 Gandhi Road",Hyderabad,Tamil Nadu,692388,"Priya Gupta",9059269915,2023,B,6,"Chennai Institute of Technology",Active
1146,"Rohan Patel",ECE,4,Female,2003-09-11,AB+,9403686432,rohan1146@cit.edu.in,"56 Gandhi Road",Chennai,Telangana,680721,"Karan Patel",9445159888,2022,D,7,"Chennai Institute of Technology",Active
1147,"Meera Singh",IT,1,Male,2004-07-09,AB+,9318750178,meera1147@cit.edu.in,"65 Gandhi Road",Chennai,West Bengal,676145,"Meera Singh",9883803491,2025,C,1,"Chennai Institute of Technology",Active
1148,"Sanya Patel",IT,2,Female,2004-05-06,O-,9022938087,sanya1148@cit.edu.in,"14 Gandhi Road",Mumbai,Delhi,663615,"Varun Patel",9533745073,2024,A,3,"Chennai Institute of Technology",Active
1149,"Rohan Rao",AIDS,1,Female,2002-07-04,AB+,9038042479,rohan1149@cit.edu.in,"75 Gandhi Road",Chennai,Delhi,678111,"Rahul Rao",9738205606,2025,A,2,"Chennai Institute of Technology",Active
1150,"Diya Joshi",AIDS,3,Male,2005-09-06,A-,9191236019,diya1150@cit.edu.in,"39 Gandhi Road",Kolkata,West Bengal,687552,"Ananya Joshi",9753728997,2023,C,6,"Chennai Institute of Technology",Active
1151,"Aarav Patel",MECH,4,Female,2005-06-17,O-,9726806539,aarav1151@cit.edu.in,"70 Gandhi Road",Kolkata,Maharashtra,679109,"Pooja Patel",9865037932,2022,D,8,"Chennai Institute of Technology",Active
1152,"Ananya Singh",AIML,3,Male,2005-12-07,B-,9243237410,ananya1152@cit.edu.in,"27 Gandhi Road",Pune,Delhi,606689,"Neha Singh",9467320303,2023,C,5,"Chennai Institute of Technology",Active
1153,"Ananya Nair",IT,3,Female,2003-06-13,A-,9680956081,ananya1153@cit.edu.in,"60 Gandhi Road",Hyderabad,West Bengal,649883,"Neha Nair",9069238313,2023,A,6,"Chennai Institute of Technology",Active
1154,"Priya Mehta",ECE,3,Female,2006-01-17,O-,9964613969,priya1154@cit.edu.in,"50 Gandhi Road",Kolkata,Maharashtra,621402,"Arjun Mehta",9706430335,2023,D,5,"Chennai Institute of Technology",Active
1155,"Kavya Reddy",MECH,1,Female,2006-02-25,B+,9891254992,kavya1155@cit.edu.in,"84 Gandhi Road",Mumbai,Telangana,692432,"Rohan Reddy",9935201220,2025,B,1,"Chennai Institute of Technology",Active
1156,"Rahul Mehta",EEE,1,Male,2005-10-21,AB-,9504932956,rahul1156@cit.edu.in,"81 Gandhi Road",Bengaluru,West Bengal,673680,"Vikram Mehta",9570469167,2025,D,2,"Chennai Institute of Technology",Active
1157,"Kavya Chopra",EEE,3,Female,2004-08-16,AB-,9690929536,kavya1157@cit.edu.in,"88 Gandhi Road",Delhi,West Bengal,607709,"Arjun Chopra",9233295194,2023,A,5,"Chennai Institute of Technology",Active
1158,"Arjun Chopra",ECE,1,Male,2002-06-02,A+,9168742548,arjun1158@cit.edu.in,"69 Gandhi Road",Kolkata,West Bengal,671777,"Rahul Chopra",9089357937,2025,C,1,"Chennai Institute of Technology",Active
1159,"Rahul Joshi",CIVIL,3,Female,2003-10-04,AB+,9214844484,rahul1159@cit.edu.in,"64 Gandhi Road",Chennai,West Bengal,695545,"Rahul Joshi",9468499058,2023,B,6,"Chennai Institute of Technology",Active
1160,"Vikram Rao",AIML,4,Female,2006-04-05,A+,9418175513,vikram1160@cit.edu.in,"94 Gandhi Road",Chennai,Karnataka,654787,"Aditya Rao",9962372014,2022,D,7,"Chennai Institute of Technology",Active
1161,"Arjun Mehta",AIML,3,Female,2005-07-27,A-,9825388185,arjun1161@cit.edu.in,"36 Gandhi Road",Chennai,Maharashtra,637400,"Aarav Mehta",9093366927,2023,A,6,"Chennai Institute of Technology",Active
1162,"Neha Kumar",AIML,1,Female,2006-02-14,A+,9867037649,neha1162@cit.edu.in,"13 Gandhi Road",Chennai,Karnataka,620045,"Diya Kumar",9615765599,2025,D,2,"Chennai Institute of Technology",Active
1163,"Meera Kumar",ECE,2,Female,2004-04-02,A-,9304968279,meera1163@cit.edu.in,"23 Gandhi Road",Chennai,Maharashtra,616509,"Sanya Kumar",9160948042,2024,A,4,"Chennai Institute of Technology",Active
1164,"Arjun Reddy",IT,2,Female,2004-09-26,AB-,9057786518,arjun1164@cit.edu.in,"14 Gandhi Road",Delhi,Karnataka,680882,"Pooja Reddy",9198276400,2024,C,3,"Chennai Institute of Technology",Active
1165,"Rahul Verma",CSE,1,Male,2002-01-03,AB-,9687126008,rahul1165@cit.edu.in,"78 Gandhi Road",Pune,Maharashtra,643112,"Karan Verma",9811422852,2025,B,2,"Chennai Institute of Technology",Active
1166,"Priya Mehta",ECE,2,Female,2006-01-26,AB+,9265464765,priya1166@cit.edu.in,"57 Gandhi Road",Mumbai,West Bengal,610784,"Kavya Mehta",9019491603,2024,D,4,"Chennai Institute of Technology",Active
1167,"Meera Sharma",ECE,1,Male,2005-09-25,AB+,9636231226,meera1167@cit.edu.in,"34 Gandhi Road",Bengaluru,West Bengal,678906,"Meera Sharma",9241176818,2025,C,1,"Chennai Institute of Technology",Active
1168,"Priya Joshi",ECE,1,Male,2005-04-22,O-,9867433919,priya1168@cit.edu.in,"64 Gandhi Road",Mumbai,Telangana,693863,"Sanya Joshi",9614740528,2025,B,1,"Chennai Institute of Technology",Active
1169,"Pooja Joshi",AIDS,2,Male,2004-02-03,O-,9866237239,pooja1169@cit.edu.in,"81 Gandhi Road",Delhi,Telangana,655448,"Kavya Joshi",9764150543,2024,D,3,"Chennai Institute of Technology",Active
1170,"Vikram Verma",AIDS,2,Male,2005-08-17,A+,9572730837,vikram1170@cit.edu.in,"50 Gandhi Road",Delhi,Karnataka,610175,"Pooja Verma",9224147646,2024,B,3,"Chennai Institute of Technology",Active
1171,"Arjun Rao",CIVIL,4,Male,2002-08-25,O+,9216393653,arjun1171@cit.edu.in,"20 Gandhi Road",Kolkata,Delhi,673902,"Rohan Rao",9608840851,2022,B,8,"Chennai Institute of Technology",Active
1172,"Varun Sharma",MECH,2,Male,2004-04-03,O-,9062839530,varun1172@cit.edu.in,"55 Gandhi Road",Chennai,Tamil Nadu,626671,"Aarav Sharma",9105315514,2024,C,4,"Chennai Institute of Technology",Active
1173,"Meera Nair",AIDS,1,Male,2006-05-04,B+,9181216233,meera1173@cit.edu.in,"71 Gandhi Road",Delhi,Delhi,608752,"Rahul Nair",9228041302,2025,A,1,"Chennai Institute of Technology",Active
1174,"Diya Rao",AIDS,2,Male,2006-05-18,O+,9278658497,diya1174@cit.edu.in,"36 Gandhi Road",Delhi,Maharashtra,600455,"Karan Rao",9527798021,2024,C,4,"Chennai Institute of Technology",Active
1175,"Ananya Joshi",CIVIL,4,Male,2005-03-17,O-,9636839361,ananya1175@cit.edu.in,"16 Gandhi Road",Pune,Tamil Nadu,642587,"Aarav Joshi",9780838884,2022,B,8,"Chennai Institute of Technology",Active
1176,"Rahul Patel",AIML,2,Male,2006-10-17,AB-,9049448760,rahul1176@cit.edu.in,"49 Gandhi Road",Pune,West Bengal,656413,"Neha Patel",9230488542,2024,C,3,"Chennai Institute of Technology",Active
1177,"Varun Verma",CSE,1,Male,2003-05-13,O+,9239945921,varun1177@cit.edu.in,"58 Gandhi Road",Delhi,West Bengal,601565,"Karan Verma",9771877755,2025,B,1,"Chennai Institute of Technology",Active
1178,"Kavya Rao",MECH,2,Male,2006-10-05,A-,9710470157,kavya1178@cit.edu.in,"10 Gandhi Road",Delhi,Telangana,627420,"Arjun Rao",9234836639,2024,B,3,"Chennai Institute of Technology",Active
1179,"Rohan Patel",ECE,4,Female,2006-01-19,O-,9502951254,rohan1179@cit.edu.in,"90 Gandhi Road",Hyderabad,Karnataka,635717,"Meera Patel",9859112890,2022,C,7,"Chennai Institute of Technology",Active
1180,"Rahul Mehta",MECH,1,Male,2003-09-01,A-,9051234485,rahul1180@cit.edu.in,"23 Gandhi Road",Bengaluru,Delhi,677821,"Aditya Mehta",9273519243,2025,D,2,"Chennai Institute of Technology",Active
1181,"Rohan Joshi",ECE,4,Female,2002-11-28,AB+,9723016104,rohan1181@cit.edu.in,"50 Gandhi Road",Delhi,Delhi,675789,"Priya Joshi",9040647747,2022,A,7,"Chennai Institute of Technology",Active
1182,"Diya Verma",EEE,2,Female,2006-05-18,O-,9882543686,diya1182@cit.edu.in,"15 Gandhi Road",Chennai,Telangana,610908,"Ananya Verma",9643566435,2024,A,3,"Chennai Institute of Technology",Active
1183,"Varun Sharma",CIVIL,3,Female,2003-11-20,AB+,9011033515,varun1183@cit.edu.in,"53 Gandhi Road",Pune,Delhi,676357,"Vikram Sharma",9495927135,2023,A,6,"Chennai Institute of Technology",Active
1184,"Aarav Reddy",IT,1,Female,2005-08-24,B+,9882556503,aarav1184@cit.edu.in,"58 Gandhi Road",Kolkata,Maharashtra,665893,"Arjun Reddy",9048025764,2025,A,2,"Chennai Institute of Technology",Active
1185,"Diya Gupta",ECE,4,Female,2002-03-09,AB+,9033285457,diya1185@cit.edu.in,"44 Gandhi Road",Kolkata,Maharashtra,642337,"Aditya Gupta",9420819788,2022,B,8,"Chennai Institute of Technology",Active
1186,"Pooja Mehta",EEE,4,Male,2003-09-24,AB+,9189344258,pooja1186@cit.edu.in,"17 Gandhi Road",Pune,Tamil Nadu,631770,"Karan Mehta",9928151390,2022,A,7,"Chennai Institute of Technology",Active
1187,"Arjun Rao",CIVIL,3,Female,2006-06-05,B-,9935978716,arjun1187@cit.edu.in,"16 Gandhi Road",Kolkata,Tamil Nadu,617888,"Aarav Rao",9246414629,2023,B,6,"Chennai Institute of Technology",Active
1188,"Karan Joshi",AIDS,4,Female,2005-12-08,O-,9808877061,karan1188@cit.edu.in,"97 Gandhi Road",Bengaluru,Karnataka,689299,"Karan Joshi",9063383731,2022,A,7,"Chennai Institute of Technology",Active
1189,"Meera Gupta",MECH,3,Male,2005-05-02,B-,9612493649,meera1189@cit.edu.in,"10 Gandhi Road",Chennai,Delhi,698666,"Meera Gupta",9873597293,2023,A,5,"Chennai Institute of Technology",Active
1190,"Aarav Chopra",CIVIL,3,Male,2002-09-22,O+,9164756488,aarav1190@cit.edu.in,"20 Gandhi Road",Bengaluru,Karnataka,604299,"Rohan Chopra",9379755754,2023,B,5,"Chennai Institute of Technology",Active
1191,"Priya Kumar",EEE,4,Male,2006-12-25,B+,9725081145,priya1191@cit.edu.in,"23 Gandhi Road",Pune,Tamil Nadu,623800,"Aditya Kumar",9080341902,2022,C,8,"Chennai Institute of Technology",Active
1192,"Rahul Reddy",EEE,1,Female,2004-02-08,AB-,9483659924,rahul1192@cit.edu.in,"66 Gandhi Road",Delhi,Karnataka,614313,"Rohan Reddy",9086358593,2025,A,1,"Chennai Institute of Technology",Active
1193,"Rohan Sharma",AIDS,2,Female,2002-10-20,O-,9727274050,rohan1193@cit.edu.in,"10 Gandhi Road",Bengaluru,Tamil Nadu,679987,"Meera Sharma",9336452569,2024,D,3,"Chennai Institute of Technology",Active
1194,"Kavya Rao",AIDS,4,Female,2004-06-02,B-,9309521028,kavya1194@cit.edu.in,"18 Gandhi Road",Bengaluru,Delhi,690338,"Vikram Rao",9368382746,2022,D,8,"Chennai Institute of Technology",Active
1195,"Varun Joshi",EEE,4,Male,2002-02-06,AB-,9974638371,varun1195@cit.edu.in,"64 Gandhi Road",Bengaluru,Karnataka,640295,"Aarav Joshi",9270090057,2022,C,8,"Chennai Institute of Technology",Active
1196,"Sanya Gupta",AIDS,2,Female,2005-04-02,A+,9214047544,sanya1196@cit.edu.in,"35 Gandhi Road",Mumbai,West Bengal,607886,"Rohan Gupta",9433121743,2024,B,3,"Chennai Institute of Technology",Active
1197,"Rahul Gupta",CSE,3,Female,2004-06-17,AB+,9197631127,rahul1197@cit.edu.in,"53 Gandhi Road",Hyderabad,Maharashtra,632003,"Priya Gupta",9710529595,2023,A,5,"Chennai Institute of Technology",Active
1198,"Sanya Sharma",EEE,2,Male,2006-05-08,AB+,9831772300,sanya1198@cit.edu.in,"96 Gandhi Road",Hyderabad,West Bengal,602070,"Rohan Sharma",9549011369,2024,C,4,"Chennai Institute of Technology",Active
1199,"Priya Mehta",AIML,1,Male,2005-05-25,AB+,9312055218,priya1199@cit.edu.in,"60 Gandhi Road",Kolkata,Delhi,654640,"Meera Mehta",9564293933,2025,D,2,"Chennai Institute of Technology",Active
1200,"Kavya Mehta",CSE,4,Male,2005-03-28,AB+,9798054563,kavya1200@cit.edu.in,"39 Gandhi Road",Bengaluru,West Bengal,614994,"Neha Mehta",9208454795,2022,B,8,"Chennai Institute of Technology",Active
1201,"Rahul Nair",EEE,1,Female,2004-09-03,A-,9779984017,rahul1201@cit.edu.in,"65 Gandhi Road",Mumbai,Karnataka,667997,"Meera Nair",9533704988,2025,B,2,"Chennai Institute of Technology",Active
1202,"Rahul Kumar",EEE,1,Female,2004-06-18,O-,9910574733,rahul1202@cit.edu.in,"53 Gandhi Road",Chennai,Tamil Nadu,694500,"Pooja Kumar",9168096114,2025,D,1,"Chennai Institute of Technology",Active
1203,"Meera Mehta",EEE,1,Male,2006-12-08,A-,9737975015,meera1203@cit.edu.in,"84 Gandhi Road",Pune,Telangana,680578,"Karan Mehta",9738487098,2025,C,2,"Chennai Institute of Technology",Active
1204,"Aarav Reddy",IT,3,Male,2003-03-27,O+,9853321990,aarav1204@cit.edu.in,"13 Gandhi Road",Mumbai,Maharashtra,614417,"Aditya Reddy",9427508355,2023,B,5,"Chennai Institute of Technology",Active
1205,"Karan Rao",CIVIL,2,Female,2002-07-28,A-,9918781943,karan1205@cit.edu.in,"44 Gandhi Road",Kolkata,Telangana,641464,"Rahul Rao",9590755270,2024,C,4,"Chennai Institute of Technology",Active
1206,"Ananya Singh",EEE,2,Female,2003-03-21,O+,9979811598,ananya1206@cit.edu.in,"47 Gandhi Road",Hyderabad,Delhi,604890,"Meera Singh",9446021229,2024,C,4,"Chennai Institute of Technology",Active
1207,"Karan Nair",EEE,4,Female,2002-01-17,A-,9649311141,karan1207@cit.edu.in,"90 Gandhi Road",Chennai,West Bengal,691743,"Priya Nair",9645707408,2022,C,7,"Chennai Institute of Technology",Active
1208,"Rahul Nair",CIVIL,4,Female,2006-01-08,A+,9027622682,rahul1208@cit.edu.in,"36 Gandhi Road",Kolkata,Delhi,604274,"Rohan Nair",9262839166,2022,B,7,"Chennai Institute of Technology",Active
1209,"Kavya Patel",CSE,4,Male,2003-02-21,A-,9482231695,kavya1209@cit.edu.in,"23 Gandhi Road",Delhi,Karnataka,683827,"Rohan Patel",9063292461,2022,A,8,"Chennai Institute of Technology",Active
1210,"Karan Patel",AIML,2,Female,2005-01-25,B+,9991919240,karan1210@cit.edu.in,"10 Gandhi Road",Pune,Telangana,641186,"Arjun Patel",9606453174,2024,A,3,"Chennai Institute of Technology",Active
1211,"Karan Gupta",CIVIL,4,Male,2006-01-11,AB+,9892730675,karan1211@cit.edu.in,"17 Gandhi Road",Bengaluru,Telangana,684000,"Meera Gupta",9403109452,2022,C,7,"Chennai Institute of Technology",Active
1212,"Arjun Mehta",CIVIL,3,Female,2002-09-23,O-,9068740719,arjun1212@cit.edu.in,"96 Gandhi Road",Delhi,Delhi,646502,"Rahul Mehta",9574960092,2023,C,5,"Chennai Institute of Technology",Active
1213,"Meera Sharma",CSE,3,Female,2004-01-23,AB+,9379769601,meera1213@cit.edu.in,"51 Gandhi Road",Bengaluru,Delhi,681467,"Neha Sharma",9640815242,2023,C,6,"Chennai Institute of Technology",Active
1214,"Priya Joshi",AIDS,2,Male,2003-08-10,AB-,9310834846,priya1214@cit.edu.in,"94 Gandhi Road",Pune,Karnataka,606628,"Kavya Joshi",9921753160,2024,A,3,"Chennai Institute of Technology",Active
1215,"Varun Mehta",EEE,4,Male,2003-09-15,AB+,9235207376,varun1215@cit.edu.in,"59 Gandhi Road",Hyderabad,Telangana,643187,"Aditya Mehta",9609835857,2022,D,7,"Chennai Institute of Technology",Active
1216,"Aditya Gupta",EEE,3,Female,2003-10-07,O+,9507230279,aditya1216@cit.edu.in,"56 Gandhi Road",Delhi,West Bengal,641302,"Priya Gupta",9868008571,2023,B,6,"Chennai Institute of Technology",Active
1217,"Meera Joshi",AIDS,3,Male,2006-06-01,AB+,9497188337,meera1217@cit.edu.in,"14 Gandhi Road",Bengaluru,Tamil Nadu,698223,"Pooja Joshi",9925323580,2023,A,6,"Chennai Institute of Technology",Active
1218,"Karan Patel",CIVIL,2,Male,2002-04-26,B+,9280125248,karan1218@cit.edu.in,"50 Gandhi Road",Pune,Delhi,651926,"Aarav Patel",9857005837,2024,B,3,"Chennai Institute of Technology",Active
1219,"Arjun Sharma",IT,2,Female,2004-12-28,A+,9579908300,arjun1219@cit.edu.in,"41 Gandhi Road",Delhi,Maharashtra,643896,"Rohan Sharma",9561556271,2024,B,4,"Chennai Institute of Technology",Active
1220,"Aditya Joshi",IT,4,Male,2006-06-07,O+,9905235208,aditya1220@cit.edu.in,"85 Gandhi Road",Hyderabad,West Bengal,667317,"Karan Joshi",9015527033,2022,D,7,"Chennai Institute of Technology",Active
1221,"Priya Nair",AIML,3,Male,2003-10-14,A+,9228046034,priya1221@cit.edu.in,"76 Gandhi Road",Chennai,Maharashtra,694524,"Sanya Nair",9209259116,2023,C,5,"Chennai Institute of Technology",Active
1222,"Karan Nair",IT,4,Male,2006-06-21,AB-,9715196650,karan1222@cit.edu.in,"72 Gandhi Road",Mumbai,Karnataka,648891,"Aditya Nair",9866814328,2022,B,7,"Chennai Institute of Technology",Active
1223,"Sanya Sharma",MECH,1,Male,2002-09-27,B+,9086542839,sanya1223@cit.edu.in,"29 Gandhi Road",Chennai,Tamil Nadu,696852,"Ananya Sharma",9902168726,2025,B,2,"Chennai Institute of Technology",Active
1224,"Diya Rao",EEE,4,Male,2006-06-16,A-,9400628727,diya1224@cit.edu.in,"78 Gandhi Road",Bengaluru,Tamil Nadu,606677,"Rahul Rao",9327478234,2022,A,7,"Chennai Institute of Technology",Active
1225,"Karan Patel",AIML,3,Female,2003-12-23,AB-,9157794214,karan1225@cit.edu.in,"38 Gandhi Road",Hyderabad,Tamil Nadu,673062,"Ananya Patel",9914393377,2023,C,6,"Chennai Institute of Technology",Active
1226,"Ananya Verma",AIDS,3,Female,2005-03-11,AB-,9252916406,ananya1226@cit.edu.in,"81 Gandhi Road",Bengaluru,Maharashtra,649933,"Sanya Verma",9684512793,2023,D,6,"Chennai Institute of Technology",Active
1227,"Diya Sharma",IT,1,Female,2004-08-17,O-,9437029683,diya1227@cit.edu.in,"30 Gandhi Road",Kolkata,Maharashtra,652992,"Rohan Sharma",9144351234,2025,C,1,"Chennai Institute of Technology",Active
1228,"Aarav Gupta",ECE,2,Female,2002-09-02,A+,9200779096,aarav1228@cit.edu.in,"66 Gandhi Road",Pune,Telangana,606071,"Aarav Gupta",9919542809,2024,D,4,"Chennai Institute of Technology",Active
1229,"Aditya Gupta",AIDS,4,Female,2002-10-23,B+,9771101307,aditya1229@cit.edu.in,"70 Gandhi Road",Mumbai,Delhi,626045,"Arjun Gupta",9600090070,2022,C,7,"Chennai Institute of Technology",Active
1230,"Rohan Rao",ECE,4,Female,2003-08-20,A+,9570127571,rohan1230@cit.edu.in,"30 Gandhi Road",Chennai,Telangana,643171,"Aarav Rao",9849877808,2022,D,7,"Chennai Institute of Technology",Active
1231,"Pooja Reddy",ECE,4,Female,2002-07-10,A-,9002027398,pooja1231@cit.edu.in,"38 Gandhi Road",Mumbai,Tamil Nadu,611109,"Karan Reddy",9911126339,2022,A,7,"Chennai Institute of Technology",Active
1232,"Aarav Patel",EEE,4,Male,2006-03-18,A+,9713467433,aarav1232@cit.edu.in,"41 Gandhi Road",Delhi,Karnataka,633503,"Vikram Patel",9405435351,2022,A,7,"Chennai Institute of Technology",Active
1233,"Vikram Reddy",CSE,4,Female,2004-10-15,O+,9776669412,vikram1233@cit.edu.in,"98 Gandhi Road",Delhi,Tamil Nadu,696413,"Rahul Reddy",9319205730,2022,C,7,"Chennai Institute of Technology",Active
1234,"Aarav Mehta",CSE,4,Male,2004-01-01,O+,9881616518,aarav1234@cit.edu.in,"98 Gandhi Road",Mumbai,Maharashtra,626806,"Rahul Mehta",9663305530,2022,A,7,"Chennai Institute of Technology",Active
1235,"Neha Rao",MECH,1,Male,2003-09-28,AB+,9264168814,neha1235@cit.edu.in,"64 Gandhi Road",Delhi,Telangana,655898,"Aditya Rao",9379394380,2025,C,1,"Chennai Institute of Technology",Active
1236,"Meera Gupta",ECE,3,Female,2004-11-19,O-,9051465584,meera1236@cit.edu.in,"13 Gandhi Road",Chennai,Maharashtra,645616,"Aarav Gupta",9189194495,2023,B,6,"Chennai Institute of Technology",Active
1237,"Rahul Kumar",ECE,4,Female,2002-10-22,A-,9585282328,rahul1237@cit.edu.in,"13 Gandhi Road",Delhi,Telangana,680743,"Priya Kumar",9986051355,2022,C,7,"Chennai Institute of Technology",Active
1238,"Ananya Reddy",IT,1,Female,2006-10-13,A+,9515077448,ananya1238@cit.edu.in,"51 Gandhi Road",Kolkata,West Bengal,630799,"Rohan Reddy",9759462701,2025,D,2,"Chennai Institute of Technology",Active
1239,"Karan Reddy",AIML,4,Female,2005-09-06,A+,9590345987,karan1239@cit.edu.in,"27 Gandhi Road",Mumbai,Telangana,665007,"Rohan Reddy",9785762401,2022,C,8,"Chennai Institute of Technology",Active
1240,"Arjun Reddy",CIVIL,1,Male,2003-03-12,AB-,9620996398,arjun1240@cit.edu.in,"75 Gandhi Road",Hyderabad,Tamil Nadu,619922,"Meera Reddy",9886598041,2025,B,2,"Chennai Institute of Technology",Active
1241,"Vikram Sharma",EEE,3,Male,2002-12-08,A-,9038402755,vikram1241@cit.edu.in,"10 Gandhi Road",Mumbai,Telangana,607582,"Ananya Sharma",9449569823,2023,C,5,"Chennai Institute of Technology",Active
1242,"Aditya Rao",AIML,4,Female,2005-02-02,AB+,9116001060,aditya1242@cit.edu.in,"69 Gandhi Road",Pune,Maharashtra,665457,"Ananya Rao",9554490901,2022,D,8,"Chennai Institute of Technology",Active
1243,"Varun Chopra",AIML,2,Female,2005-08-21,AB-,9798783571,varun1243@cit.edu.in,"15 Gandhi Road",Bengaluru,Delhi,629720,"Meera Chopra",9940038131,2024,A,4,"Chennai Institute of Technology",Active
1244,"Ananya Joshi",AIDS,1,Male,2004-09-06,AB-,9213518324,ananya1244@cit.edu.in,"82 Gandhi Road",Delhi,Karnataka,628006,"Vikram Joshi",9380916911,2025,A,1,"Chennai Institute of Technology",Active
1245,"Neha Chopra",AIDS,4,Female,2002-04-04,AB-,9697904649,neha1245@cit.edu.in,"42 Gandhi Road",Chennai,West Bengal,615863,"Priya Chopra",9777820732,2022,B,7,"Chennai Institute of Technology",Active
1246,"Arjun Chopra",CIVIL,3,Male,2004-11-01,O-,9964385811,arjun1246@cit.edu.in,"69 Gandhi Road",Chennai,Tamil Nadu,612087,"Vikram Chopra",9815657267,2023,A,5,"Chennai Institute of Technology",Active
1247,"Ananya Gupta",IT,1,Male,2005-05-27,O+,9601927787,ananya1247@cit.edu.in,"67 Gandhi Road",Kolkata,Telangana,611963,"Meera Gupta",9061136530,2025,D,2,"Chennai Institute of Technology",Active
1248,"Karan Nair",EEE,4,Male,2003-06-05,B+,9647277035,karan1248@cit.edu.in,"61 Gandhi Road",Bengaluru,Maharashtra,667839,"Varun Nair",9291779710,2022,C,7,"Chennai Institute of Technology",Active
1249,"Ananya Joshi",IT,1,Male,2003-05-11,A-,9083163733,ananya1249@cit.edu.in,"76 Gandhi Road",Pune,Maharashtra,621509,"Arjun Joshi",9969909690,2025,D,1,"Chennai Institute of Technology",Active
1250,"Varun Gupta",IT,2,Female,2005-07-17,B-,9534899394,varun1250@cit.edu.in,"11 Gandhi Road",Pune,Karnataka,612608,"Neha Gupta",9610995198,2024,A,4,"Chennai Institute of Technology",Active
1251,"Varun Sharma",MECH,4,Male,2005-05-11,AB-,9178787839,varun1251@cit.edu.in,"21 Gandhi Road",Mumbai,West Bengal,671897,"Diya Sharma",9010992160,2022,D,8,"Chennai Institute of Technology",Active
1252,"Arjun Mehta",CSE,2,Male,2006-03-11,A-,9336888065,arjun1252@cit.edu.in,"28 Gandhi Road",Hyderabad,Maharashtra,661890,"Rohan Mehta",9685836945,2024,B,4,"Chennai Institute of Technology",Active
1253,"Diya Gupta",CSE,2,Female,2004-03-25,B-,9570315412,diya1253@cit.edu.in,"54 Gandhi Road",Delhi,West Bengal,620678,"Varun Gupta",9108305228,2024,D,4,"Chennai Institute of Technology",Active
1254,"Sanya Gupta",MECH,2,Female,2006-08-03,A-,9924343200,sanya1254@cit.edu.in,"49 Gandhi Road",Hyderabad,West Bengal,694533,"Vikram Gupta",9045278729,2024,B,3,"Chennai Institute of Technology",Active
1255,"Pooja Singh",CIVIL,4,Female,2003-09-23,A+,9998447735,pooja1255@cit.edu.in,"86 Gandhi Road",Pune,Tamil Nadu,634628,"Kavya Singh",9319146495,2022,C,8,"Chennai Institute of Technology",Active
1256,"Varun Singh",ECE,2,Male,2005-10-17,A+,9656840125,varun1256@cit.edu.in,"52 Gandhi Road",Pune,Delhi,637622,"Neha Singh",9560115804,2024,A,4,"Chennai Institute of Technology",Active
1257,"Ananya Nair",IT,4,Male,2003-06-15,O+,9735231652,ananya1257@cit.edu.in,"72 Gandhi Road",Kolkata,West Bengal,681854,"Karan Nair",9366637806,2022,C,8,"Chennai Institute of Technology",Active
1258,"Rahul Mehta",MECH,1,Male,2006-02-07,B-,9387146827,rahul1258@cit.edu.in,"15 Gandhi Road",Mumbai,Karnataka,631542,"Aditya Mehta",9006294123,2025,B,1,"Chennai Institute of Technology",Active
1259,"Pooja Chopra",IT,1,Female,2006-06-19,AB-,9636000051,pooja1259@cit.edu.in,"78 Gandhi Road",Pune,Karnataka,612275,"Neha Chopra",9068341273,2025,C,2,"Chennai Institute of Technology",Active
1260,"Aditya Sharma",CIVIL,4,Female,2002-08-25,O-,9276782054,aditya1260@cit.edu.in,"51 Gandhi Road",Bengaluru,Tamil Nadu,614121,"Neha Sharma",9081694830,2022,B,8,"Chennai Institute of Technology",Active
1261,"Aditya Gupta",AIDS,4,Female,2004-08-15,AB+,9322782676,aditya1261@cit.edu.in,"49 Gandhi Road",Mumbai,Tamil Nadu,685292,"Ananya Gupta",9936154827,2022,C,8,"Chennai Institute of Technology",Active
1262,"Vikram Patel",ECE,4,Female,2005-12-11,O-,9627714907,vikram1262@cit.edu.in,"66 Gandhi Road",Bengaluru,Tamil Nadu,618980,"Priya Patel",9704186246,2022,A,8,"Chennai Institute of Technology",Active
1263,"Pooja Singh",IT,1,Female,2003-02-20,A+,9852624264,pooja1263@cit.edu.in,"23 Gandhi Road",Mumbai,West Bengal,634065,"Sanya Singh",9741357470,2025,A,2,"Chennai Institute of Technology",Active
1264,"Arjun Verma",CIVIL,4,Male,2003-09-06,O-,9898215357,arjun1264@cit.edu.in,"19 Gandhi Road",Hyderabad,Tamil Nadu,629281,"Sanya Verma",9018539876,2022,B,7,"Chennai Institute of Technology",Active
1265,"Ananya Singh",AIML,3,Male,2004-04-05,O-,9229587311,ananya1265@cit.edu.in,"29 Gandhi Road",Mumbai,Maharashtra,620269,"Aditya Singh",9043467618,2023,D,6,"Chennai Institute of Technology",Active
1266,"Priya Nair",IT,4,Female,2005-06-28,B-,9975838012,priya1266@cit.edu.in,"87 Gandhi Road",Pune,West Bengal,698465,"Rohan Nair",9206572326,2022,D,8,"Chennai Institute of Technology",Active
1267,"Sanya Mehta",CIVIL,3,Male,2003-11-16,O-,9724988970,sanya1267@cit.edu.in,"99 Gandhi Road",Mumbai,Telangana,699735,"Vikram Mehta",9641767427,2023,B,6,"Chennai Institute of Technology",Active
1268,"Arjun Nair",ECE,4,Male,2006-09-25,AB+,9027074386,arjun1268@cit.edu.in,"84 Gandhi Road",Bengaluru,Telangana,643700,"Varun Nair",9004780519,2022,A,7,"Chennai Institute of Technology",Active
1269,"Aditya Kumar",CIVIL,2,Female,2003-11-03,A-,9490361907,aditya1269@cit.edu.in,"21 Gandhi Road",Pune,Tamil Nadu,630082,"Rohan Kumar",9410096651,2024,A,3,"Chennai Institute of Technology",Active
1270,"Kavya Gupta",MECH,3,Male,2004-12-27,B-,9047461859,kavya1270@cit.edu.in,"22 Gandhi Road",Pune,Delhi,664899,"Aditya Gupta",9831746523,2023,B,5,"Chennai Institute of Technology",Active
1271,"Ananya Mehta",ECE,4,Male,2006-02-20,AB+,9692880462,ananya1271@cit.edu.in,"37 Gandhi Road",Chennai,Tamil Nadu,695664,"Aarav Mehta",9956120562,2022,B,7,"Chennai Institute of Technology",Active
1272,"Kavya Sharma",AIDS,2,Male,2005-03-03,B-,9124979632,kavya1272@cit.edu.in,"28 Gandhi Road",Kolkata,Maharashtra,625545,"Aarav Sharma",9506736996,2024,C,3,"Chennai Institute of Technology",Active
1273,"Rahul Sharma",IT,2,Male,2002-06-14,O+,9104898868,rahul1273@cit.edu.in,"15 Gandhi Road",Kolkata,Tamil Nadu,635135,"Diya Sharma",9121597929,2024,D,4,"Chennai Institute of Technology",Active
1274,"Kavya Reddy",AIML,2,Female,2002-05-18,AB+,9790308890,kavya1274@cit.edu.in,"23 Gandhi Road",Delhi,West Bengal,682689,"Aditya Reddy",9711907464,2024,A,4,"Chennai Institute of Technology",Active
1275,"Ananya Sharma",MECH,2,Male,2003-06-26,B+,9025956440,ananya1275@cit.edu.in,"40 Gandhi Road",Chennai,Tamil Nadu,637392,"Aarav Sharma",9452430204,2024,D,4,"Chennai Institute of Technology",Active
1276,"Priya Rao",AIDS,3,Male,2006-03-15,AB-,9842170547,priya1276@cit.edu.in,"99 Gandhi Road",Bengaluru,Tamil Nadu,678040,"Priya Rao",9072670307,2023,A,5,"Chennai Institute of Technology",Active
1277,"Diya Kumar",EEE,3,Female,2002-05-20,A-,9154749952,diya1277@cit.edu.in,"19 Gandhi Road",Delhi,West Bengal,699274,"Aarav Kumar",9259690423,2023,A,5,"Chennai Institute of Technology",Active
1278,"Aarav Gupta",MECH,3,Female,2004-01-04,AB-,9964781483,aarav1278@cit.edu.in,"70 Gandhi Road",Kolkata,Karnataka,619838,"Rohan Gupta",9746410052,2023,C,5,"Chennai Institute of Technology",Active
1279,"Kavya Reddy",AIDS,4,Female,2005-04-26,B-,9943880634,kavya1279@cit.edu.in,"40 Gandhi Road",Bengaluru,Delhi,658480,"Karan Reddy",9611912490,2022,D,7,"Chennai Institute of Technology",Active
1280,"Aarav Singh",MECH,2,Male,2005-10-22,B-,9100935499,aarav1280@cit.edu.in,"79 Gandhi Road",Hyderabad,West Bengal,627098,"Priya Singh",9208775227,2024,C,3,"Chennai Institute of Technology",Active
1281,"Ananya Rao",CSE,1,Male,2003-03-13,AB-,9376259336,ananya1281@cit.edu.in,"58 Gandhi Road",Delhi,Karnataka,697938,"Arjun Rao",9992863356,2025,A,2,"Chennai Institute of Technology",Active
1282,"Neha Chopra",CIVIL,1,Male,2003-08-28,AB-,9755650347,neha1282@cit.edu.in,"33 Gandhi Road",Chennai,Delhi,651982,"Priya Chopra",9572802314,2025,B,2,"Chennai Institute of Technology",Active
1283,"Meera Verma",CSE,1,Female,2006-02-14,O+,9676783160,meera1283@cit.edu.in,"12 Gandhi Road",Chennai,Karnataka,619331,"Meera Verma",9367965361,2025,C,1,"Chennai Institute of Technology",Active
1284,"Pooja Mehta",IT,4,Male,2006-05-03,AB-,9252907822,pooja1284@cit.edu.in,"13 Gandhi Road",Pune,Maharashtra,635721,"Rohan Mehta",9010825135,2022,D,8,"Chennai Institute of Technology",Active
1285,"Pooja Joshi",MECH,3,Male,2002-12-03,A-,9622886196,pooja1285@cit.edu.in,"50 Gandhi Road",Mumbai,Karnataka,672585,"Aditya Joshi",9434272966,2023,B,6,"Chennai Institute of Technology",Active
1286,"Karan Rao",AIML,1,Male,2005-06-14,A+,9564215628,karan1286@cit.edu.in,"38 Gandhi Road",Pune,Karnataka,691846,"Ananya Rao",9419301254,2025,C,2,"Chennai Institute of Technology",Active
1287,"Rohan Mehta",CIVIL,2,Male,2004-11-25,A+,9189192724,rohan1287@cit.edu.in,"16 Gandhi Road",Pune,West Bengal,612272,"Karan Mehta",9458572744,2024,C,4,"Chennai Institute of Technology",Active
1288,"Priya Joshi",CSE,3,Female,2004-11-17,O+,9504668709,priya1288@cit.edu.in,"26 Gandhi Road",Pune,Maharashtra,693517,"Varun Joshi",9853319840,2023,D,6,"Chennai Institute of Technology",Active
1289,"Diya Sharma",ECE,2,Female,2006-07-08,A+,9683107403,diya1289@cit.edu.in,"17 Gandhi Road",Chennai,West Bengal,692523,"Rahul Sharma",9287574596,2024,D,3,"Chennai Institute of Technology",Active
1290,"Priya Singh",EEE,2,Male,2004-06-18,B-,9537871809,priya1290@cit.edu.in,"26 Gandhi Road",Delhi,Tamil Nadu,632963,"Priya Singh",9928029160,2024,D,4,"Chennai Institute of Technology",Active
1291,"Karan Gupta",EEE,3,Male,2002-12-08,A-,9330883641,karan1291@cit.edu.in,"45 Gandhi Road",Bengaluru,Maharashtra,656459,"Pooja Gupta",9223634448,2023,B,5,"Chennai Institute of Technology",Active
1292,"Meera Mehta",ECE,4,Female,2004-09-02,B+,9079316531,meera1292@cit.edu.in,"83 Gandhi Road",Chennai,Tamil Nadu,699938,"Sanya Mehta",9484226246,2022,C,8,"Chennai Institute of Technology",Active
1293,"Arjun Joshi",MECH,4,Female,2005-08-08,AB+,9668986415,arjun1293@cit.edu.in,"11 Gandhi Road",Kolkata,Telangana,671438,"Rohan Joshi",9595560625,2022,A,7,"Chennai Institute of Technology",Active
1294,"Aditya Kumar",IT,3,Male,2003-08-19,A+,9351616114,aditya1294@cit.edu.in,"59 Gandhi Road",Bengaluru,Delhi,664218,"Varun Kumar",9562709162,2023,B,5,"Chennai Institute of Technology",Active
1295,"Pooja Sharma",CIVIL,1,Female,2002-03-08,O+,9997630247,pooja1295@cit.edu.in,"10 Gandhi Road",Hyderabad,Telangana,679238,"Pooja Sharma",9369108778,2025,A,1,"Chennai Institute of Technology",Active
1296,"Rohan Kumar",CSE,3,Female,2004-05-12,A+,9446077923,rohan1296@cit.edu.in,"77 Gandhi Road",Hyderabad,Tamil Nadu,655822,"Meera Kumar",9551533915,2023,C,6,"Chennai Institute of Technology",Active
1297,"Rahul Patel",ECE,4,Male,2003-06-24,O-,9435465616,rahul1297@cit.edu.in,"26 Gandhi Road",Bengaluru,Karnataka,613500,"Diya Patel",9213911395,2022,C,8,"Chennai Institute of Technology",Active
1298,"Varun Reddy",ECE,2,Male,2005-11-26,AB+,9640048888,varun1298@cit.edu.in,"91 Gandhi Road",Hyderabad,Karnataka,680002,"Kavya Reddy",9092602363,2024,C,4,"Chennai Institute of Technology",Active
1299,"Aditya Rao",CIVIL,3,Male,2002-02-27,O-,9595851058,aditya1299@cit.edu.in,"48 Gandhi Road",Kolkata,West Bengal,668457,"Rahul Rao",9821403307,2023,D,6,"Chennai Institute of Technology",Active
1300,"Neha Verma",CSE,2,Male,2003-08-07,AB-,9869322287,neha1300@cit.edu.in,"35 Gandhi Road",Bengaluru,West Bengal,661383,"Pooja Verma",9938992155,2024,C,3,"Chennai Institute of Technology",Active
1301,"Karan Joshi",CSE,1,Male,2005-04-15,B+,9145196552,karan1301@cit.edu.in,"36 Gandhi Road",Pune,Tamil Nadu,657248,"Rohan Joshi",9802883677,2025,A,1,"Chennai Institute of Technology",Active
1302,"Karan Mehta",CIVIL,1,Female,2003-12-20,AB-,9091802171,karan1302@cit.edu.in,"65 Gandhi Road",Hyderabad,Delhi,626153,"Ananya Mehta",9112380652,2025,D,1,"Chennai Institute of Technology",Active
1303,"Vikram Kumar",AIDS,1,Female,2005-03-11,A+,9324296296,vikram1303@cit.edu.in,"78 Gandhi Road",Kolkata,Telangana,640269,"Arjun Kumar",9173670010,2025,B,2,"Chennai Institute of Technology",Active
1304,"Rohan Patel",ECE,2,Male,2004-03-27,A-,9353340708,rohan1304@cit.edu.in,"43 Gandhi Road",Hyderabad,Delhi,640540,"Diya Patel",9081877811,2024,C,4,"Chennai Institute of Technology",Active
1305,"Priya Patel",IT,4,Female,2006-05-26,AB+,9110939901,priya1305@cit.edu.in,"85 Gandhi Road",Chennai,Karnataka,637616,"Neha Patel",9904179542,2022,D,7,"Chennai Institute of Technology",Active
1306,"Kavya Chopra",AIDS,2,Male,2003-09-06,B-,9626607522,kavya1306@cit.edu.in,"15 Gandhi Road",Chennai,Tamil Nadu,686709,"Ananya Chopra",9250808952,2024,B,3,"Chennai Institute of Technology",Active
1307,"Arjun Reddy",IT,4,Female,2002-09-17,AB-,9471648064,arjun1307@cit.edu.in,"78 Gandhi Road",Delhi,Karnataka,643893,"Priya Reddy",9137979895,2022,A,7,"Chennai Institute of Technology",Active
1308,"Pooja Sharma",EEE,4,Female,2004-07-10,O-,9124894297,pooja1308@cit.edu.in,"49 Gandhi Road",Bengaluru,Delhi,681799,"Neha Sharma",9973170683,2022,B,7,"Chennai Institute of Technology",Active
1309,"Sanya Gupta",ECE,1,Male,2005-02-16,AB-,9254229698,sanya1309@cit.edu.in,"19 Gandhi Road",Delhi,Telangana,683236,"Vikram Gupta",9057103581,2025,D,1,"Chennai Institute of Technology",Active
1310,"Varun Nair",MECH,2,Female,2006-08-16,A-,9686897682,varun1310@cit.edu.in,"45 Gandhi Road",Pune,Tamil Nadu,601257,"Vikram Nair",9592759272,2024,C,3,"Chennai Institute of Technology",Active
1311,"Rohan Patel",CIVIL,3,Male,2002-08-17,B+,9138438231,rohan1311@cit.edu.in,"71 Gandhi Road",Mumbai,Karnataka,653168,"Neha Patel",9161291797,2023,A,5,"Chennai Institute of Technology",Active
1312,"Diya Joshi",AIDS,1,Female,2002-12-10,O+,9955612666,diya1312@cit.edu.in,"63 Gandhi Road",Bengaluru,Tamil Nadu,696249,"Meera Joshi",9991709361,2025,A,1,"Chennai Institute of Technology",Active
1313,"Pooja Singh",CIVIL,2,Male,2003-09-07,A-,9473277000,pooja1313@cit.edu.in,"59 Gandhi Road",Pune,Telangana,621918,"Ananya Singh",9251136744,2024,C,3,"Chennai Institute of Technology",Active
1314,"Aditya Gupta",EEE,3,Female,2004-02-17,B+,9456638776,aditya1314@cit.edu.in,"41 Gandhi Road",Bengaluru,Delhi,621771,"Diya Gupta",9426080896,2023,D,5,"Chennai Institute of Technology",Active
1315,"Aarav Gupta",IT,2,Female,2004-04-18,O-,9506513806,aarav1315@cit.edu.in,"56 Gandhi Road",Pune,West Bengal,653396,"Sanya Gupta",9915373734,2024,D,4,"Chennai Institute of Technology",Active
1316,"Ananya Joshi",ECE,2,Female,2003-01-27,AB+,9411351261,ananya1316@cit.edu.in,"29 Gandhi Road",Kolkata,Maharashtra,642882,"Kavya Joshi",9033668113,2024,B,4,"Chennai Institute of Technology",Active
1317,"Karan Gupta",IT,1,Female,2006-08-02,B+,9531733218,karan1317@cit.edu.in,"88 Gandhi Road",Pune,Telangana,674755,"Priya Gupta",9735013771,2025,A,2,"Chennai Institute of Technology",Active
1318,"Kavya Chopra",EEE,3,Male,2002-05-18,B+,9896292950,kavya1318@cit.edu.in,"52 Gandhi Road",Bengaluru,Telangana,680896,"Arjun Chopra",9014958540,2023,A,5,"Chennai Institute of Technology",Active
1319,"Pooja Rao",CIVIL,3,Male,2002-10-13,AB-,9412822864,pooja1319@cit.edu.in,"88 Gandhi Road",Hyderabad,Karnataka,617575,"Rahul Rao",9037786402,2023,C,6,"Chennai Institute of Technology",Active
1320,"Pooja Mehta",AIDS,4,Male,2004-09-13,O-,9945914468,pooja1320@cit.edu.in,"78 Gandhi Road",Hyderabad,Maharashtra,603112,"Karan Mehta",9961080344,2022,B,7,"Chennai Institute of Technology",Active
1321,"Neha Rao",CIVIL,3,Female,2005-02-03,O+,9392677335,neha1321@cit.edu.in,"13 Gandhi Road",Kolkata,West Bengal,685987,"Vikram Rao",9184561613,2023,D,5,"Chennai Institute of Technology",Active
1322,"Kavya Sharma",MECH,1,Male,2004-10-18,O-,9317587296,kavya1322@cit.edu.in,"99 Gandhi Road",Pune,Tamil Nadu,602359,"Vikram Sharma",9807159156,2025,B,1,"Chennai Institute of Technology",Active
1323,"Diya Sharma",CSE,2,Female,2006-11-20,O+,9805452028,diya1323@cit.edu.in,"35 Gandhi Road",Kolkata,Delhi,652565,"Priya Sharma",9318805487,2024,D,4,"Chennai Institute of Technology",Active
1324,"Varun Chopra",ECE,3,Male,2006-07-28,B+,9660067997,varun1324@cit.edu.in,"48 Gandhi Road",Chennai,Tamil Nadu,665914,"Rohan Chopra",9973248306,2023,A,5,"Chennai Institute of Technology",Active
1325,"Karan Sharma",IT,2,Female,2006-04-14,O-,9133287544,karan1325@cit.edu.in,"82 Gandhi Road",Chennai,Telangana,688287,"Meera Sharma",9174767286,2024,B,3,"Chennai Institute of Technology",Active
1326,"Karan Kumar",CSE,1,Female,2002-08-06,A+,9204764905,karan1326@cit.edu.in,"59 Gandhi Road",Mumbai,Delhi,628950,"Ananya Kumar",9485077202,2025,B,1,"Chennai Institute of Technology",Active
1327,"Neha Reddy",MECH,4,Male,2006-05-04,AB-,9389896460,neha1327@cit.edu.in,"25 Gandhi Road",Chennai,Delhi,671450,"Rahul Reddy",9976202889,2022,A,7,"Chennai Institute of Technology",Active
1328,"Rohan Joshi",EEE,2,Female,2004-06-16,AB+,9653568045,rohan1328@cit.edu.in,"72 Gandhi Road",Mumbai,Delhi,689655,"Meera Joshi",9260784120,2024,B,3,"Chennai Institute of Technology",Active
1329,"Meera Reddy",AIDS,3,Male,2004-08-11,AB+,9455587444,meera1329@cit.edu.in,"42 Gandhi Road",Kolkata,West Bengal,667467,"Karan Reddy",9226134284,2023,D,6,"Chennai Institute of Technology",Active
1330,"Karan Reddy",CIVIL,4,Male,2005-10-16,B-,9996015156,karan1330@cit.edu.in,"86 Gandhi Road",Mumbai,Karnataka,625516,"Vikram Reddy",9482610442,2022,C,7,"Chennai Institute of Technology",Active
1331,"Diya Kumar",CIVIL,4,Female,2003-08-20,B+,9116567417,diya1331@cit.edu.in,"97 Gandhi Road",Mumbai,Tamil Nadu,658332,"Varun Kumar",9222279372,2022,A,7,"Chennai Institute of Technology",Active
1332,"Aarav Rao",CIVIL,2,Male,2005-11-17,A+,9322166407,aarav1332@cit.edu.in,"41 Gandhi Road",Bengaluru,Karnataka,648894,"Ananya Rao",9603714665,2024,C,3,"Chennai Institute of Technology",Active
1333,"Varun Chopra",IT,2,Male,2006-03-15,A+,9108305952,varun1333@cit.edu.in,"70 Gandhi Road",Mumbai,West Bengal,618046,"Neha Chopra",9699170955,2024,C,3,"Chennai Institute of Technology",Active
1334,"Diya Joshi",EEE,1,Female,2005-02-17,B-,9985525110,diya1334@cit.edu.in,"31 Gandhi Road",Mumbai,Delhi,671452,"Meera Joshi",9105646667,2025,A,2,"Chennai Institute of Technology",Active
1335,"Diya Nair",AIDS,4,Female,2006-04-06,B+,9991974399,diya1335@cit.edu.in,"58 Gandhi Road",Delhi,West Bengal,689418,"Karan Nair",9816371789,2022,D,7,"Chennai Institute of Technology",Active
1336,"Sanya Kumar",CSE,2,Female,2006-06-01,AB-,9786208050,sanya1336@cit.edu.in,"38 Gandhi Road",Kolkata,Telangana,618928,"Karan Kumar",9843975428,2024,C,3,"Chennai Institute of Technology",Active
1337,"Rahul Gupta",CIVIL,3,Male,2004-01-11,A+,9955028348,rahul1337@cit.edu.in,"33 Gandhi Road",Hyderabad,West Bengal,631130,"Kavya Gupta",9378829333,2023,D,5,"Chennai Institute of Technology",Active
1338,"Sanya Verma",AIDS,3,Male,2006-03-03,O-,9293657417,sanya1338@cit.edu.in,"43 Gandhi Road",Delhi,Karnataka,699383,"Varun Verma",9443213841,2023,B,5,"Chennai Institute of Technology",Active
1339,"Pooja Chopra",MECH,3,Female,2002-02-12,B-,9556861771,pooja1339@cit.edu.in,"67 Gandhi Road",Delhi,Maharashtra,662343,"Varun Chopra",9958930279,2023,A,6,"Chennai Institute of Technology",Active
1340,"Rahul Gupta",ECE,4,Female,2003-09-25,AB+,9383936021,rahul1340@cit.edu.in,"52 Gandhi Road",Pune,Delhi,666158,"Aditya Gupta",9068465407,2022,A,7,"Chennai Institute of Technology",Active
1341,"Neha Patel",ECE,3,Male,2002-04-04,AB-,9776009150,neha1341@cit.edu.in,"69 Gandhi Road",Kolkata,Karnataka,692547,"Arjun Patel",9528149911,2023,C,5,"Chennai Institute of Technology",Active
1342,"Ananya Sharma",CIVIL,1,Male,2006-01-05,AB+,9159664794,ananya1342@cit.edu.in,"80 Gandhi Road",Kolkata,West Bengal,610982,"Pooja Sharma",9677915242,2025,D,1,"Chennai Institute of Technology",Active
1343,"Priya Verma",ECE,2,Male,2005-03-08,AB+,9929279259,priya1343@cit.edu.in,"60 Gandhi Road",Hyderabad,Telangana,600537,"Vikram Verma",9719370289,2024,C,3,"Chennai Institute of Technology",Active
1344,"Rohan Nair",ECE,2,Female,2003-02-07,B-,9867484265,rohan1344@cit.edu.in,"69 Gandhi Road",Mumbai,Maharashtra,689056,"Rohan Nair",9051196361,2024,A,4,"Chennai Institute of Technology",Active
1345,"Diya Singh",CIVIL,2,Female,2003-07-26,O+,9133076522,diya1345@cit.edu.in,"56 Gandhi Road",Pune,Maharashtra,638602,"Sanya Singh",9324165769,2024,D,3,"Chennai Institute of Technology",Active
1346,"Ananya Chopra",MECH,4,Female,2002-10-02,A+,9653203305,ananya1346@cit.edu.in,"39 Gandhi Road",Kolkata,Karnataka,640022,"Pooja Chopra",9690730285,2022,C,8,"Chennai Institute of Technology",Active
1347,"Rahul Patel",CIVIL,2,Female,2005-01-07,AB+,9886831406,rahul1347@cit.edu.in,"74 Gandhi Road",Mumbai,Delhi,620241,"Karan Patel",9923461861,2024,A,3,"Chennai Institute of Technology",Active
1348,"Aarav Kumar",EEE,2,Male,2002-04-14,O-,9272307388,aarav1348@cit.edu.in,"54 Gandhi Road",Bengaluru,Karnataka,657543,"Rahul Kumar",9204545219,2024,D,3,"Chennai Institute of Technology",Active
1349,"Aditya Chopra",MECH,2,Female,2006-02-20,AB-,9009854483,aditya1349@cit.edu.in,"50 Gandhi Road",Pune,Delhi,622202,"Priya Chopra",9968700047,2024,A,4,"Chennai Institute of Technology",Active
1350,"Rohan Mehta",ECE,3,Male,2003-06-24,O-,9929534719,rohan1350@cit.edu.in,"95 Gandhi Road",Bengaluru,Tamil Nadu,616582,"Aditya Mehta",9301395685,2023,B,5,"Chennai Institute of Technology",Active
1351,"Sanya Sharma",CSE,1,Male,2002-09-25,AB+,9783972499,sanya1351@cit.edu.in,"27 Gandhi Road",Kolkata,Telangana,658112,"Vikram Sharma",9034040862,2025,B,2,"Chennai Institute of Technology",Active
1352,"Sanya Mehta",ECE,2,Female,2004-11-25,AB-,9708598072,sanya1352@cit.edu.in,"85 Gandhi Road",Pune,Maharashtra,682408,"Rohan Mehta",9298181222,2024,D,4,"Chennai Institute of Technology",Active
1353,"Arjun Joshi",CSE,2,Female,2002-01-14,O+,9957674061,arjun1353@cit.edu.in,"68 Gandhi Road",Hyderabad,Karnataka,624276,"Karan Joshi",9529211744,2024,B,4,"Chennai Institute of Technology",Active
1354,"Aditya Verma",AIML,1,Female,2006-05-25,A-,9409419481,aditya1354@cit.edu.in,"36 Gandhi Road",Pune,Karnataka,665364,"Kavya Verma",9203346386,2025,D,1,"Chennai Institute of Technology",Active
1355,"Rohan Rao",CIVIL,4,Male,2004-05-04,AB+,9565703344,rohan1355@cit.edu.in,"86 Gandhi Road",Mumbai,Tamil Nadu,600829,"Rahul Rao",9755374803,2022,B,8,"Chennai Institute of Technology",Active
1356,"Ananya Joshi",CIVIL,4,Female,2004-11-18,A-,9823530949,ananya1356@cit.edu.in,"78 Gandhi Road",Chennai,West Bengal,616757,"Neha Joshi",9991933880,2022,A,7,"Chennai Institute of Technology",Active
1357,"Vikram Sharma",CIVIL,3,Female,2006-11-17,A-,9544221370,vikram1357@cit.edu.in,"28 Gandhi Road",Chennai,Maharashtra,656438,"Ananya Sharma",9328418115,2023,A,5,"Chennai Institute of Technology",Active
1358,"Vikram Gupta",AIML,2,Male,2006-01-06,A-,9856170846,vikram1358@cit.edu.in,"18 Gandhi Road",Mumbai,Karnataka,680796,"Pooja Gupta",9907386225,2024,A,4,"Chennai Institute of Technology",Active
1359,"Neha Verma",AIDS,3,Male,2005-09-08,AB+,9896359573,neha1359@cit.edu.in,"35 Gandhi Road",Delhi,West Bengal,668332,"Rahul Verma",9450944905,2023,B,6,"Chennai Institute of Technology",Active
1360,"Aarav Singh",EEE,2,Female,2006-01-02,O-,9482006681,aarav1360@cit.edu.in,"87 Gandhi Road",Hyderabad,Tamil Nadu,626154,"Karan Singh",9016359283,2024,A,3,"Chennai Institute of Technology",Active
1361,"Aarav Nair",MECH,3,Male,2002-04-07,B+,9999737530,aarav1361@cit.edu.in,"92 Gandhi Road",Pune,Delhi,675743,"Arjun Nair",9182646635,2023,D,5,"Chennai Institute of Technology",Active
1362,"Kavya Gupta",CSE,2,Female,2004-10-25,O-,9593424012,kavya1362@cit.edu.in,"96 Gandhi Road",Hyderabad,Karnataka,663230,"Aarav Gupta",9902364966,2024,D,3,"Chennai Institute of Technology",Active
1363,"Priya Chopra",ECE,3,Male,2006-07-16,O+,9904478844,priya1363@cit.edu.in,"20 Gandhi Road",Mumbai,Tamil Nadu,649953,"Pooja Chopra",9516162326,2023,B,6,"Chennai Institute of Technology",Active
1364,"Sanya Patel",CSE,3,Female,2006-08-09,A-,9152276366,sanya1364@cit.edu.in,"70 Gandhi Road",Bengaluru,Karnataka,663344,"Diya Patel",9662717196,2023,A,6,"Chennai Institute of Technology",Active
1365,"Rohan Sharma",MECH,1,Female,2002-01-21,B+,9405991800,rohan1365@cit.edu.in,"42 Gandhi Road",Kolkata,Tamil Nadu,608358,"Priya Sharma",9857603292,2025,C,1,"Chennai Institute of Technology",Active
1366,"Priya Nair",AIDS,3,Male,2002-11-20,B+,9841939210,priya1366@cit.edu.in,"56 Gandhi Road",Kolkata,Telangana,691877,"Arjun Nair",9443114338,2023,D,6,"Chennai Institute of Technology",Active
1367,"Pooja Sharma",MECH,1,Female,2004-08-02,A+,9444586475,pooja1367@cit.edu.in,"22 Gandhi Road",Delhi,Maharashtra,667901,"Karan Sharma",9021123813,2025,B,1,"Chennai Institute of Technology",Active
1368,"Priya Chopra",AIML,1,Male,2003-04-18,B+,9615925618,priya1368@cit.edu.in,"62 Gandhi Road",Pune,Tamil Nadu,669307,"Varun Chopra",9239899270,2025,C,2,"Chennai Institute of Technology",Active
1369,"Ananya Singh",CIVIL,1,Male,2002-06-19,A+,9156459094,ananya1369@cit.edu.in,"99 Gandhi Road",Delhi,Maharashtra,607769,"Karan Singh",9936064500,2025,A,1,"Chennai Institute of Technology",Active
1370,"Aditya Gupta",EEE,4,Female,2006-07-03,B-,9192081321,aditya1370@cit.edu.in,"77 Gandhi Road",Mumbai,West Bengal,653963,"Aarav Gupta",9226959222,2022,C,7,"Chennai Institute of Technology",Active
1371,"Vikram Nair",CIVIL,2,Female,2005-09-09,AB+,9716181028,vikram1371@cit.edu.in,"78 Gandhi Road",Hyderabad,Delhi,608215,"Ananya Nair",9404813550,2024,C,4,"Chennai Institute of Technology",Active
1372,"Vikram Reddy",EEE,4,Female,2006-03-12,B+,9901619985,vikram1372@cit.edu.in,"78 Gandhi Road",Chennai,Delhi,699729,"Pooja Reddy",9288167243,2022,A,8,"Chennai Institute of Technology",Active
1373,"Ananya Joshi",AIML,2,Male,2002-01-25,AB+,9483419561,ananya1373@cit.edu.in,"90 Gandhi Road",Chennai,West Bengal,653019,"Karan Joshi",9707839620,2024,D,4,"Chennai Institute of Technology",Active
1374,"Rahul Reddy",ECE,4,Male,2002-01-01,O-,9239622671,rahul1374@cit.edu.in,"44 Gandhi Road",Delhi,Telangana,652194,"Rohan Reddy",9926548940,2022,C,7,"Chennai Institute of Technology",Active
1375,"Aditya Singh",MECH,3,Female,2003-12-15,A+,9481290147,aditya1375@cit.edu.in,"92 Gandhi Road",Delhi,Tamil Nadu,637369,"Arjun Singh",9034818986,2023,B,5,"Chennai Institute of Technology",Active
1376,"Karan Verma",IT,1,Female,2003-12-10,O+,9467985834,karan1376@cit.edu.in,"39 Gandhi Road",Bengaluru,Tamil Nadu,625498,"Kavya Verma",9209667506,2025,C,1,"Chennai Institute of Technology",Active
1377,"Ananya Reddy",CIVIL,2,Female,2006-06-04,A+,9763645007,ananya1377@cit.edu.in,"64 Gandhi Road",Hyderabad,West Bengal,686196,"Meera Reddy",9379595790,2024,C,4,"Chennai Institute of Technology",Active
1378,"Diya Reddy",CIVIL,1,Male,2004-04-04,A-,9078188039,diya1378@cit.edu.in,"94 Gandhi Road",Hyderabad,Maharashtra,669527,"Vikram Reddy",9796989800,2025,C,2,"Chennai Institute of Technology",Active
1379,"Neha Mehta",EEE,3,Male,2006-02-04,O+,9934382304,neha1379@cit.edu.in,"27 Gandhi Road",Delhi,Delhi,648979,"Aditya Mehta",9193100028,2023,B,5,"Chennai Institute of Technology",Active
1380,"Varun Chopra",MECH,2,Male,2002-06-10,B-,9594440574,varun1380@cit.edu.in,"58 Gandhi Road",Chennai,West Bengal,633195,"Neha Chopra",9118420587,2024,B,3,"Chennai Institute of Technology",Active
1381,"Priya Mehta",CSE,1,Male,2006-04-23,B+,9639476581,priya1381@cit.edu.in,"49 Gandhi Road",Hyderabad,Telangana,661438,"Meera Mehta",9495472408,2025,C,2,"Chennai Institute of Technology",Active
1382,"Arjun Nair",MECH,1,Male,2006-04-25,A+,9042402513,arjun1382@cit.edu.in,"55 Gandhi Road",Bengaluru,Tamil Nadu,634369,"Kavya Nair",9344549796,2025,A,2,"Chennai Institute of Technology",Active
1383,"Neha Rao",MECH,4,Male,2006-11-28,B-,9490737063,neha1383@cit.edu.in,"95 Gandhi Road",Pune,Maharashtra,631368,"Pooja Rao",9308955179,2022,B,7,"Chennai Institute of Technology",Active
1384,"Sanya Kumar",EEE,1,Female,2004-10-06,B-,9756243733,sanya1384@cit.edu.in,"39 Gandhi Road",Chennai,Maharashtra,633349,"Neha Kumar",9171407019,2025,A,1,"Chennai Institute of Technology",Active
1385,"Neha Singh",IT,1,Male,2006-06-12,B+,9074940312,neha1385@cit.edu.in,"84 Gandhi Road",Bengaluru,Karnataka,631051,"Kavya Singh",9191117878,2025,B,1,"Chennai Institute of Technology",Active
1386,"Kavya Verma",IT,3,Male,2004-06-23,AB+,9847890617,kavya1386@cit.edu.in,"37 Gandhi Road",Mumbai,Delhi,609686,"Aarav Verma",9377351253,2023,A,5,"Chennai Institute of Technology",Active
1387,"Rahul Sharma",IT,1,Male,2005-02-21,A-,9707313134,rahul1387@cit.edu.in,"32 Gandhi Road",Hyderabad,Karnataka,601223,"Pooja Sharma",9921644918,2025,D,2,"Chennai Institute of Technology",Active
1388,"Kavya Verma",AIML,1,Male,2005-05-11,O-,9959318556,kavya1388@cit.edu.in,"42 Gandhi Road",Hyderabad,Telangana,625808,"Aditya Verma",9630168207,2025,C,1,"Chennai Institute of Technology",Active
1389,"Meera Reddy",ECE,4,Male,2004-03-01,O+,9857147620,meera1389@cit.edu.in,"24 Gandhi Road",Chennai,West Bengal,670122,"Meera Reddy",9273537228,2022,D,8,"Chennai Institute of Technology",Active
1390,"Meera Reddy",CIVIL,4,Male,2002-12-26,O-,9266889874,meera1390@cit.edu.in,"35 Gandhi Road",Bengaluru,Tamil Nadu,681683,"Neha Reddy",9226294057,2022,A,8,"Chennai Institute of Technology",Active
1391,"Neha Sharma",CIVIL,4,Male,2005-08-26,O-,9330536161,neha1391@cit.edu.in,"13 Gandhi Road",Bengaluru,Maharashtra,689464,"Diya Sharma",9425514149,2022,B,8,"Chennai Institute of Technology",Active
1392,"Kavya Verma",AIDS,3,Male,2004-01-15,AB-,9749635017,kavya1392@cit.edu.in,"43 Gandhi Road",Chennai,Maharashtra,663886,"Neha Verma",9493333375,2023,B,6,"Chennai Institute of Technology",Active
1393,"Meera Chopra",CSE,1,Male,2003-05-21,B+,9097542861,meera1393@cit.edu.in,"16 Gandhi Road",Mumbai,Karnataka,609411,"Meera Chopra",9372089298,2025,C,1,"Chennai Institute of Technology",Active
1394,"Pooja Reddy",EEE,3,Female,2003-06-19,O-,9433457376,pooja1394@cit.edu.in,"33 Gandhi Road",Bengaluru,Telangana,631249,"Rahul Reddy",9986436407,2023,B,6,"Chennai Institute of Technology",Active
1395,"Kavya Reddy",ECE,3,Female,2003-12-05,A+,9202649559,kavya1395@cit.edu.in,"23 Gandhi Road",Kolkata,Karnataka,667085,"Arjun Reddy",9676271020,2023,A,5,"Chennai Institute of Technology",Active
1396,"Rahul Kumar",CSE,3,Female,2005-06-13,AB+,9501790907,rahul1396@cit.edu.in,"43 Gandhi Road",Hyderabad,Delhi,622926,"Aarav Kumar",9843529984,2023,B,5,"Chennai Institute of Technology",Active
1397,"Kavya Kumar",ECE,2,Male,2002-07-18,B+,9532525654,kavya1397@cit.edu.in,"37 Gandhi Road",Chennai,Tamil Nadu,651415,"Ananya Kumar",9147829726,2024,D,4,"Chennai Institute of Technology",Active
1398,"Rahul Gupta",AIML,3,Male,2006-05-18,A+,9707865270,rahul1398@cit.edu.in,"72 Gandhi Road",Pune,Tamil Nadu,607857,"Neha Gupta",9455341260,2023,D,5,"Chennai Institute of Technology",Active
1399,"Karan Gupta",EEE,2,Female,2006-08-24,A-,9236948406,karan1399@cit.edu.in,"49 Gandhi Road",Delhi,West Bengal,603717,"Pooja Gupta",9661714420,2024,D,3,"Chennai Institute of Technology",Active
1400,"Rohan Joshi",MECH,1,Female,2002-02-19,A-,9738655882,rohan1400@cit.edu.in,"25 Gandhi Road",Bengaluru,Karnataka,605215,"Pooja Joshi",9582827069,2025,C,2,"Chennai Institute of Technology",Active
1401,"Varun Reddy",AIDS,2,Male,2002-11-08,B+,9552850653,varun1401@cit.edu.in,"58 Gandhi Road",Bengaluru,Telangana,660410,"Ananya Reddy",9033260520,2024,B,3,"Chennai Institute of Technology",Active
1402,"Rahul Sharma",ECE,3,Female,2003-04-14,O+,9618222634,rahul1402@cit.edu.in,"95 Gandhi Road",Bengaluru,Telangana,674268,"Neha Sharma",9209121093,2023,B,5,"Chennai Institute of Technology",Active
1403,"Rahul Verma",ECE,4,Female,2004-07-11,AB+,9888744702,rahul1403@cit.edu.in,"20 Gandhi Road",Pune,Karnataka,668256,"Varun Verma",9267140321,2022,A,8,"Chennai Institute of Technology",Active
1404,"Karan Verma",EEE,3,Female,2004-10-13,B+,9327947212,karan1404@cit.edu.in,"50 Gandhi Road",Chennai,Delhi,663611,"Varun Verma",9267834391,2023,C,6,"Chennai Institute of Technology",Active
1405,"Neha Gupta",MECH,3,Male,2002-07-25,AB-,9090324652,neha1405@cit.edu.in,"48 Gandhi Road",Chennai,West Bengal,662405,"Pooja Gupta",9936064711,2023,D,6,"Chennai Institute of Technology",Active
1406,"Rahul Singh",AIDS,4,Male,2005-09-05,O+,9003958518,rahul1406@cit.edu.in,"21 Gandhi Road",Chennai,Telangana,699574,"Meera Singh",9910516797,2022,D,8,"Chennai Institute of Technology",Active
1407,"Aditya Nair",MECH,2,Female,2003-07-02,B-,9892303368,aditya1407@cit.edu.in,"97 Gandhi Road",Chennai,Karnataka,608729,"Sanya Nair",9918715057,2024,C,4,"Chennai Institute of Technology",Active
1408,"Sanya Sharma",CIVIL,1,Male,2004-09-12,O+,9875137829,sanya1408@cit.edu.in,"20 Gandhi Road",Bengaluru,Maharashtra,658381,"Sanya Sharma",9112977099,2025,C,1,"Chennai Institute of Technology",Active
1409,"Karan Mehta",ECE,1,Male,2005-01-05,A-,9597164485,karan1409@cit.edu.in,"28 Gandhi Road",Kolkata,West Bengal,693220,"Neha Mehta",9403786020,2025,D,1,"Chennai Institute of Technology",Active
1410,"Priya Gupta",AIDS,4,Male,2003-06-24,O-,9237403296,priya1410@cit.edu.in,"42 Gandhi Road",Pune,Delhi,601222,"Arjun Gupta",9108498129,2022,C,7,"Chennai Institute of Technology",Active
1411,"Aarav Verma",MECH,1,Female,2006-02-13,O+,9052998234,aarav1411@cit.edu.in,"43 Gandhi Road",Pune,Tamil Nadu,685705,"Neha Verma",9337606798,2025,D,1,"Chennai Institute of Technology",Active
1412,"Arjun Rao",AIDS,3,Male,2003-11-16,B+,9159062395,arjun1412@cit.edu.in,"11 Gandhi Road",Mumbai,Telangana,635188,"Kavya Rao",9357024825,2023,C,6,"Chennai Institute of Technology",Active
1413,"Aarav Verma",EEE,4,Male,2006-10-12,O-,9689868689,aarav1413@cit.edu.in,"77 Gandhi Road",Bengaluru,Karnataka,628570,"Sanya Verma",9140390344,2022,A,7,"Chennai Institute of Technology",Active
1414,"Ananya Gupta",AIDS,3,Female,2006-01-25,A-,9893845093,ananya1414@cit.edu.in,"85 Gandhi Road",Pune,Maharashtra,601321,"Meera Gupta",9112234941,2023,C,5,"Chennai Institute of Technology",Active
1415,"Neha Gupta",MECH,3,Male,2002-02-27,O-,9016780895,neha1415@cit.edu.in,"37 Gandhi Road",Delhi,West Bengal,625072,"Priya Gupta",9170450561,2023,C,5,"Chennai Institute of Technology",Active
1416,"Kavya Singh",CSE,4,Male,2002-04-05,A-,9250504267,kavya1416@cit.edu.in,"90 Gandhi Road",Kolkata,Maharashtra,601022,"Meera Singh",9568414428,2022,A,7,"Chennai Institute of Technology",Active
1417,"Diya Chopra",AIDS,3,Female,2005-03-01,A+,9490742994,diya1417@cit.edu.in,"78 Gandhi Road",Chennai,West Bengal,636442,"Kavya Chopra",9620021063,2023,C,5,"Chennai Institute of Technology",Active
1418,"Karan Singh",MECH,1,Male,2002-08-02,B-,9374113049,karan1418@cit.edu.in,"68 Gandhi Road",Chennai,Maharashtra,604134,"Diya Singh",9770433142,2025,A,1,"Chennai Institute of Technology",Active
1419,"Arjun Kumar",EEE,3,Male,2004-08-13,B+,9330025777,arjun1419@cit.edu.in,"28 Gandhi Road",Chennai,Karnataka,657961,"Aarav Kumar",9823215111,2023,A,6,"Chennai Institute of Technology",Active
1420,"Rohan Reddy",AIML,4,Female,2002-09-23,B+,9541666822,rohan1420@cit.edu.in,"68 Gandhi Road",Pune,Karnataka,632672,"Diya Reddy",9856387489,2022,A,8,"Chennai Institute of Technology",Active
1421,"Rohan Mehta",ECE,2,Male,2006-03-12,B+,9131150125,rohan1421@cit.edu.in,"62 Gandhi Road",Bengaluru,Delhi,621919,"Rahul Mehta",9001328017,2024,C,3,"Chennai Institute of Technology",Active
1422,"Sanya Patel",IT,4,Male,2005-07-05,A-,9644112763,sanya1422@cit.edu.in,"16 Gandhi Road",Hyderabad,Delhi,607019,"Pooja Patel",9862961558,2022,A,8,"Chennai Institute of Technology",Active
1423,"Pooja Kumar",CSE,4,Female,2002-11-26,A+,9556840056,pooja1423@cit.edu.in,"63 Gandhi Road",Pune,West Bengal,616575,"Aditya Kumar",9852587219,2022,D,7,"Chennai Institute of Technology",Active
1424,"Rahul Reddy",MECH,4,Female,2004-11-01,B+,9635454091,rahul1424@cit.edu.in,"82 Gandhi Road",Mumbai,Telangana,638948,"Aditya Reddy",9194469191,2022,A,8,"Chennai Institute of Technology",Active
1425,"Neha Kumar",IT,1,Female,2006-05-08,O-,9391847306,neha1425@cit.edu.in,"30 Gandhi Road",Kolkata,Tamil Nadu,682492,"Arjun Kumar",9235882751,2025,B,2,"Chennai Institute of Technology",Active
1426,"Varun Patel",IT,3,Female,2003-04-07,B-,9799907524,varun1426@cit.edu.in,"11 Gandhi Road",Delhi,Karnataka,642957,"Vikram Patel",9158855983,2023,C,6,"Chennai Institute of Technology",Active
1427,"Meera Patel",AIDS,2,Female,2002-04-02,A+,9375474361,meera1427@cit.edu.in,"81 Gandhi Road",Pune,Telangana,621943,"Neha Patel",9855933700,2024,C,3,"Chennai Institute of Technology",Active
1428,"Vikram Reddy",EEE,1,Male,2002-12-07,B-,9412779718,vikram1428@cit.edu.in,"71 Gandhi Road",Chennai,Delhi,697571,"Rahul Reddy",9000898477,2025,D,2,"Chennai Institute of Technology",Active
1429,"Vikram Joshi",EEE,4,Female,2006-06-13,B+,9797246488,vikram1429@cit.edu.in,"68 Gandhi Road",Mumbai,Karnataka,620717,"Meera Joshi",9995629669,2022,D,7,"Chennai Institute of Technology",Active
1430,"Ananya Gupta",MECH,1,Female,2004-06-14,B-,9983166429,ananya1430@cit.edu.in,"62 Gandhi Road",Mumbai,Maharashtra,687440,"Aarav Gupta",9881916190,2025,A,1,"Chennai Institute of Technology",Active
1431,"Priya Nair",ECE,3,Male,2006-03-11,AB+,9754905600,priya1431@cit.edu.in,"91 Gandhi Road",Hyderabad,Karnataka,639821,"Karan Nair",9255417044,2023,B,5,"Chennai Institute of Technology",Active
1432,"Karan Patel",AIDS,1,Female,2004-04-14,B+,9917752247,karan1432@cit.edu.in,"67 Gandhi Road",Delhi,Maharashtra,675506,"Diya Patel",9016001127,2025,A,2,"Chennai Institute of Technology",Active
1433,"Kavya Chopra",AIDS,2,Female,2006-01-26,B-,9646720594,kavya1433@cit.edu.in,"62 Gandhi Road",Bengaluru,Delhi,629416,"Varun Chopra",9589027147,2024,D,3,"Chennai Institute of Technology",Active
1434,"Vikram Singh",CSE,3,Male,2004-07-19,AB-,9951041270,vikram1434@cit.edu.in,"99 Gandhi Road",Kolkata,Karnataka,628324,"Neha Singh",9753941791,2023,D,5,"Chennai Institute of Technology",Active
1435,"Ananya Gupta",IT,2,Female,2002-11-22,AB-,9955778263,ananya1435@cit.edu.in,"93 Gandhi Road",Hyderabad,Delhi,643027,"Karan Gupta",9882914760,2024,A,3,"Chennai Institute of Technology",Active
1436,"Vikram Gupta",CSE,1,Male,2003-07-01,B+,9031611876,vikram1436@cit.edu.in,"55 Gandhi Road",Chennai,Maharashtra,655241,"Rahul Gupta",9876644696,2025,C,2,"Chennai Institute of Technology",Active
1437,"Karan Chopra",CSE,1,Male,2005-09-12,B+,9506444483,karan1437@cit.edu.in,"14 Gandhi Road",Chennai,Tamil Nadu,680542,"Sanya Chopra",9675374500,2025,A,2,"Chennai Institute of Technology",Active
1438,"Pooja Nair",AIML,2,Female,2003-07-08,B+,9115945280,pooja1438@cit.edu.in,"45 Gandhi Road",Chennai,Karnataka,652795,"Rohan Nair",9128625930,2024,D,3,"Chennai Institute of Technology",Active
1439,"Pooja Nair",IT,4,Female,2004-01-16,B-,9750967640,pooja1439@cit.edu.in,"85 Gandhi Road",Pune,Karnataka,632430,"Varun Nair",9227229840,2022,B,7,"Chennai Institute of Technology",Active
1440,"Ananya Patel",AIML,1,Male,2002-01-17,O+,9909654839,ananya1440@cit.edu.in,"25 Gandhi Road",Hyderabad,Maharashtra,637294,"Priya Patel",9951013148,2025,A,1,"Chennai Institute of Technology",Active
1441,"Ananya Mehta",AIDS,1,Male,2006-04-04,AB+,9779417510,ananya1441@cit.edu.in,"62 Gandhi Road",Mumbai,Delhi,665399,"Diya Mehta",9096023084,2025,C,1,"Chennai Institute of Technology",Active
1442,"Meera Rao",ECE,3,Female,2004-06-23,B-,9843506798,meera1442@cit.edu.in,"10 Gandhi Road",Kolkata,Delhi,665072,"Ananya Rao",9186633231,2023,D,5,"Chennai Institute of Technology",Active
1443,"Rahul Patel",AIDS,4,Male,2002-12-03,O-,9374056303,rahul1443@cit.edu.in,"29 Gandhi Road",Delhi,Maharashtra,677704,"Vikram Patel",9274631237,2022,D,8,"Chennai Institute of Technology",Active
1444,"Ananya Mehta",IT,3,Male,2003-09-28,A+,9189916987,ananya1444@cit.edu.in,"48 Gandhi Road",Kolkata,Delhi,607048,"Diya Mehta",9518529096,2023,A,5,"Chennai Institute of Technology",Active
1445,"Arjun Rao",AIDS,2,Female,2005-09-28,B+,9579988776,arjun1445@cit.edu.in,"27 Gandhi Road",Chennai,Tamil Nadu,617920,"Kavya Rao",9059457962,2024,B,3,"Chennai Institute of Technology",Active
1446,"Kavya Gupta",IT,2,Female,2005-10-21,A-,9563173618,kavya1446@cit.edu.in,"97 Gandhi Road",Pune,Tamil Nadu,634045,"Vikram Gupta",9226510173,2024,B,4,"Chennai Institute of Technology",Active
1447,"Priya Kumar",MECH,1,Male,2002-05-10,O-,9359740330,priya1447@cit.edu.in,"86 Gandhi Road",Mumbai,Tamil Nadu,613612,"Neha Kumar",9170169010,2025,B,2,"Chennai Institute of Technology",Active
1448,"Aarav Mehta",CIVIL,4,Male,2006-02-19,A-,9710638765,aarav1448@cit.edu.in,"33 Gandhi Road",Mumbai,Tamil Nadu,688192,"Sanya Mehta",9607194281,2022,D,7,"Chennai Institute of Technology",Active
1449,"Aarav Singh",CIVIL,3,Female,2002-02-22,AB+,9333712429,aarav1449@cit.edu.in,"74 Gandhi Road",Bengaluru,Karnataka,678440,"Priya Singh",9254052763,2023,B,6,"Chennai Institute of Technology",Active
1450,"Pooja Sharma",AIDS,1,Female,2005-10-15,B+,9969166446,pooja1450@cit.edu.in,"21 Gandhi Road",Delhi,Tamil Nadu,633426,"Kavya Sharma",9271026297,2025,C,2,"Chennai Institute of Technology",Active
1451,"Arjun Chopra",MECH,3,Female,2003-06-02,AB-,9406112877,arjun1451@cit.edu.in,"13 Gandhi Road",Mumbai,Delhi,637576,"Aditya Chopra",9521681932,2023,C,6,"Chennai Institute of Technology",Active
1452,"Priya Singh",MECH,4,Female,2002-07-19,B+,9067660435,priya1452@cit.edu.in,"58 Gandhi Road",Bengaluru,Delhi,673959,"Diya Singh",9423366309,2022,A,7,"Chennai Institute of Technology",Active
1453,"Vikram Nair",AIML,3,Female,2004-05-06,O+,9789158992,vikram1453@cit.edu.in,"24 Gandhi Road",Kolkata,West Bengal,699776,"Meera Nair",9201272415,2023,A,5,"Chennai Institute of Technology",Active
1454,"Arjun Chopra",IT,3,Male,2002-06-10,AB+,9439764010,arjun1454@cit.edu.in,"84 Gandhi Road",Kolkata,Delhi,670687,"Pooja Chopra",9982051612,2023,A,5,"Chennai Institute of Technology",Active
1455,"Rohan Reddy",MECH,3,Female,2003-02-03,B-,9841012836,rohan1455@cit.edu.in,"12 Gandhi Road",Kolkata,West Bengal,659512,"Aarav Reddy",9976493982,2023,B,6,"Chennai Institute of Technology",Active
1456,"Rahul Singh",CSE,2,Male,2002-01-05,O-,9455257599,rahul1456@cit.edu.in,"24 Gandhi Road",Pune,Maharashtra,613126,"Ananya Singh",9791940641,2024,C,4,"Chennai Institute of Technology",Active
1457,"Karan Reddy",AIML,1,Female,2006-09-15,AB+,9938216056,karan1457@cit.edu.in,"60 Gandhi Road",Delhi,Telangana,632555,"Karan Reddy",9606554392,2025,C,1,"Chennai Institute of Technology",Active
1458,"Aarav Reddy",EEE,4,Female,2006-08-25,A-,9738307656,aarav1458@cit.edu.in,"12 Gandhi Road",Mumbai,Delhi,668023,"Rohan Reddy",9705814452,2022,C,7,"Chennai Institute of Technology",Active
1459,"Aarav Kumar",AIDS,3,Male,2006-06-26,B+,9427066578,aarav1459@cit.edu.in,"49 Gandhi Road",Bengaluru,Karnataka,658912,"Aarav Kumar",9889568277,2023,A,5,"Chennai Institute of Technology",Active
1460,"Aarav Verma",MECH,1,Female,2002-12-19,AB+,9328680943,aarav1460@cit.edu.in,"48 Gandhi Road",Hyderabad,Delhi,682218,"Varun Verma",9520528399,2025,B,1,"Chennai Institute of Technology",Active
1461,"Priya Reddy",CIVIL,2,Female,2006-04-12,B-,9164117522,priya1461@cit.edu.in,"41 Gandhi Road",Mumbai,Karnataka,606373,"Meera Reddy",9143667616,2024,A,4,"Chennai Institute of Technology",Active
1462,"Neha Mehta",CSE,2,Female,2003-04-06,AB-,9115789179,neha1462@cit.edu.in,"81 Gandhi Road",Hyderabad,West Bengal,692730,"Arjun Mehta",9626678598,2024,D,3,"Chennai Institute of Technology",Active
1463,"Aarav Singh",CSE,4,Male,2005-02-27,O+,9254230946,aarav1463@cit.edu.in,"85 Gandhi Road",Hyderabad,Maharashtra,648809,"Arjun Singh",9244604035,2022,B,8,"Chennai Institute of Technology",Active
1464,"Karan Reddy",AIDS,4,Male,2004-06-07,B+,9833074586,karan1464@cit.edu.in,"68 Gandhi Road",Bengaluru,Delhi,666759,"Vikram Reddy",9978983953,2022,D,7,"Chennai Institute of Technology",Active
1465,"Aarav Mehta",AIML,3,Male,2002-07-13,O-,9780313303,aarav1465@cit.edu.in,"17 Gandhi Road",Kolkata,Karnataka,674356,"Neha Mehta",9471996241,2023,D,5,"Chennai Institute of Technology",Active
1466,"Rahul Patel",AIML,4,Female,2006-10-06,O+,9214697806,rahul1466@cit.edu.in,"68 Gandhi Road",Chennai,Tamil Nadu,647225,"Aarav Patel",9049297318,2022,A,7,"Chennai Institute of Technology",Active
1467,"Sanya Mehta",EEE,4,Male,2004-09-14,O-,9027371176,sanya1467@cit.edu.in,"34 Gandhi Road",Kolkata,Karnataka,644549,"Ananya Mehta",9100778139,2022,C,8,"Chennai Institute of Technology",Active
1468,"Aditya Gupta",ECE,2,Female,2006-10-01,O-,9397424563,aditya1468@cit.edu.in,"70 Gandhi Road",Pune,Tamil Nadu,654112,"Karan Gupta",9132054206,2024,B,3,"Chennai Institute of Technology",Active
1469,"Karan Patel",IT,4,Male,2006-09-12,A+,9584452105,karan1469@cit.edu.in,"91 Gandhi Road",Bengaluru,Maharashtra,662152,"Pooja Patel",9995360069,2022,A,7,"Chennai Institute of Technology",Active
1470,"Neha Verma",IT,4,Female,2004-01-19,AB-,9781377386,neha1470@cit.edu.in,"25 Gandhi Road",Kolkata,Tamil Nadu,634623,"Vikram Verma",9383580601,2022,C,7,"Chennai Institute of Technology",Active
1471,"Karan Gupta",CSE,4,Male,2003-06-11,A+,9769487076,karan1471@cit.edu.in,"32 Gandhi Road",Hyderabad,Tamil Nadu,689344,"Diya Gupta",9312060659,2022,B,7,"Chennai Institute of Technology",Active
1472,"Kavya Kumar",AIDS,4,Male,2006-11-14,AB+,9300199844,kavya1472@cit.edu.in,"51 Gandhi Road",Kolkata,West Bengal,653251,"Arjun Kumar",9452155357,2022,D,7,"Chennai Institute of Technology",Active
1473,"Neha Sharma",EEE,3,Female,2003-04-01,B+,9065589685,neha1473@cit.edu.in,"24 Gandhi Road",Mumbai,Telangana,675881,"Aditya Sharma",9373932188,2023,A,6,"Chennai Institute of Technology",Active
1474,"Neha Rao",ECE,1,Male,2002-10-22,O+,9219302606,neha1474@cit.edu.in,"51 Gandhi Road",Bengaluru,Telangana,659617,"Neha Rao",9629002170,2025,C,1,"Chennai Institute of Technology",Active
1475,"Neha Reddy",AIDS,3,Male,2006-10-15,AB-,9375439296,neha1475@cit.edu.in,"71 Gandhi Road",Delhi,Tamil Nadu,650803,"Arjun Reddy",9848210752,2023,A,5,"Chennai Institute of Technology",Active
1476,"Aarav Singh",AIML,3,Male,2006-04-21,O-,9221169365,aarav1476@cit.edu.in,"47 Gandhi Road",Bengaluru,Karnataka,647567,"Sanya Singh",9871149224,2023,C,6,"Chennai Institute of Technology",Active
1477,"Priya Gupta",MECH,3,Female,2005-01-18,B+,9454810097,priya1477@cit.edu.in,"41 Gandhi Road",Chennai,Telangana,627904,"Ananya Gupta",9999424182,2023,A,6,"Chennai Institute of Technology",Active
1478,"Rahul Reddy",AIML,1,Female,2003-01-05,AB-,9650679061,rahul1478@cit.edu.in,"59 Gandhi Road",Bengaluru,Delhi,632751,"Varun Reddy",9735111025,2025,A,2,"Chennai Institute of Technology",Active
1479,"Rohan Reddy",CIVIL,3,Male,2005-01-14,A+,9452152911,rohan1479@cit.edu.in,"29 Gandhi Road",Chennai,Karnataka,627125,"Ananya Reddy",9640093947,2023,A,5,"Chennai Institute of Technology",Active
1480,"Neha Joshi",AIDS,2,Female,2006-05-10,B-,9511498251,neha1480@cit.edu.in,"13 Gandhi Road",Mumbai,Tamil Nadu,614874,"Aditya Joshi",9777218179,2024,B,4,"Chennai Institute of Technology",Active
1481,"Ananya Rao",AIML,3,Male,2003-06-22,B-,9184235891,ananya1481@cit.edu.in,"99 Gandhi Road",Kolkata,Tamil Nadu,607111,"Vikram Rao",9088466135,2023,D,5,"Chennai Institute of Technology",Active
1482,"Sanya Rao",AIDS,3,Male,2006-05-02,O+,9766163581,sanya1482@cit.edu.in,"62 Gandhi Road",Mumbai,West Bengal,669602,"Vikram Rao",9254590250,2023,A,6,"Chennai Institute of Technology",Active
1483,"Rahul Gupta",ECE,4,Male,2003-05-07,O-,9031256516,rahul1483@cit.edu.in,"44 Gandhi Road",Kolkata,Telangana,694047,"Karan Gupta",9906968183,2022,B,8,"Chennai Institute of Technology",Active
1484,"Ananya Rao",IT,2,Male,2002-06-21,O-,9448342733,ananya1484@cit.edu.in,"20 Gandhi Road",Chennai,Telangana,650522,"Kavya Rao",9448894131,2024,C,3,"Chennai Institute of Technology",Active
1485,"Karan Reddy",EEE,4,Male,2003-08-22,B+,9805924329,karan1485@cit.edu.in,"68 Gandhi Road",Pune,Tamil Nadu,619901,"Arjun Reddy",9033033067,2022,A,7,"Chennai Institute of Technology",Active
1486,"Rahul Rao",AIML,2,Male,2005-05-15,B+,9414290219,rahul1486@cit.edu.in,"98 Gandhi Road",Delhi,West Bengal,671038,"Ananya Rao",9963223976,2024,B,3,"Chennai Institute of Technology",Active
1487,"Rohan Verma",ECE,4,Male,2006-05-23,O-,9212677359,rohan1487@cit.edu.in,"67 Gandhi Road",Bengaluru,Tamil Nadu,658595,"Priya Verma",9100001900,2022,C,7,"Chennai Institute of Technology",Active
1488,"Rahul Verma",CSE,3,Male,2003-09-25,O+,9623470207,rahul1488@cit.edu.in,"58 Gandhi Road",Chennai,West Bengal,633285,"Sanya Verma",9452465760,2023,A,5,"Chennai Institute of Technology",Active
1489,"Neha Nair",IT,1,Male,2003-11-12,A+,9610021504,neha1489@cit.edu.in,"16 Gandhi Road",Mumbai,Maharashtra,628077,"Sanya Nair",9242297464,2025,A,2,"Chennai Institute of Technology",Active
1490,"Varun Singh",MECH,1,Male,2005-02-08,O-,9440303987,varun1490@cit.edu.in,"87 Gandhi Road",Delhi,West Bengal,670198,"Vikram Singh",9489961362,2025,A,2,"Chennai Institute of Technology",Active
1491,"Diya Patel",CSE,2,Female,2003-09-16,B-,9696912137,diya1491@cit.edu.in,"60 Gandhi Road",Delhi,Tamil Nadu,619746,"Sanya Patel",9068119476,2024,B,3,"Chennai Institute of Technology",Active
1492,"Rohan Singh",CSE,3,Male,2002-06-08,B+,9205892305,rohan1492@cit.edu.in,"35 Gandhi Road",Hyderabad,Telangana,629391,"Meera Singh",9559588453,2023,C,5,"Chennai Institute of Technology",Active
1493,"Neha Chopra",AIML,4,Female,2005-11-26,AB+,9849968812,neha1493@cit.edu.in,"98 Gandhi Road",Pune,West Bengal,600687,"Priya Chopra",9317353125,2022,A,8,"Chennai Institute of Technology",Active
1494,"Kavya Verma",ECE,2,Male,2002-11-23,B-,9167467120,kavya1494@cit.edu.in,"37 Gandhi Road",Mumbai,Tamil Nadu,615783,"Kavya Verma",9965894655,2024,A,3,"Chennai Institute of Technology",Active
1495,"Rahul Reddy",ECE,3,Female,2005-10-22,A-,9058664038,rahul1495@cit.edu.in,"62 Gandhi Road",Pune,Maharashtra,645732,"Kavya Reddy",9936532438,2023,D,5,"Chennai Institute of Technology",Active
1496,"Rohan Verma",AIML,3,Female,2004-02-25,O-,9389342596,rohan1496@cit.edu.in,"74 Gandhi Road",Mumbai,West Bengal,604545,"Varun Verma",9779985785,2023,B,6,"Chennai Institute of Technology",Active
1497,"Sanya Chopra",CIVIL,1,Female,2004-04-09,AB-,9952299822,sanya1497@cit.edu.in,"68 Gandhi Road",Bengaluru,Telangana,619922,"Rohan Chopra",9499769584,2025,A,2,"Chennai Institute of Technology",Active
1498,"Kavya Nair",MECH,1,Male,2004-07-10,B-,9966998724,kavya1498@cit.edu.in,"65 Gandhi Road",Bengaluru,Karnataka,612687,"Vikram Nair",9513756856,2025,B,2,"Chennai Institute of Technology",Active
1499,"Arjun Mehta",IT,4,Male,2002-01-17,AB-,9885474980,arjun1499@cit.edu.in,"90 Gandhi Road",Mumbai,Karnataka,615822,"Varun Mehta",9545249774,2022,D,8,"Chennai Institute of Technology",Active
1500,"Diya Rao",MECH,1,Female,2006-07-25,B+,9679974951,diya1500@cit.edu.in,"11 Gandhi Road",Mumbai,Telangana,624000,"Neha Rao",9353977094,2025,A,2,"Chennai Institute of Technology",Active
1501,"Diya Rao",IT,3,Male,2005-07-13,A+,9307919253,diya1501@cit.edu.in,"83 Gandhi Road",Kolkata,Tamil Nadu,698067,"Karan Rao",9908957581,2023,D,6,"Chennai Institute of Technology",Active
1502,"Rohan Nair",MECH,3,Male,2004-09-14,B-,9975986129,rohan1502@cit.edu.in,"67 Gandhi Road",Hyderabad,West Bengal,641034,"Aarav Nair",9969627628,2023,C,6,"Chennai Institute of Technology",Active
1503,"Varun Joshi",ECE,3,Male,2004-10-16,O+,9842593397,varun1503@cit.edu.in,"91 Gandhi Road",Chennai,Delhi,663852,"Priya Joshi",9913999363,2023,C,6,"Chennai Institute of Technology",Active
1504,"Varun Joshi",ECE,1,Male,2004-07-04,B+,9603137091,varun1504@cit.edu.in,"72 Gandhi Road",Pune,Karnataka,665333,"Kavya Joshi",9822711760,2025,B,1,"Chennai Institute of Technology",Active
1505,"Vikram Mehta",ECE,4,Female,2004-03-03,AB-,9132049375,vikram1505@cit.edu.in,"74 Gandhi Road",Bengaluru,Tamil Nadu,633781,"Sanya Mehta",9426958015,2022,D,7,"Chennai Institute of Technology",Active
1506,"Rahul Reddy",EEE,1,Male,2006-11-15,O+,9281000506,rahul1506@cit.edu.in,"60 Gandhi Road",Kolkata,West Bengal,635807,"Pooja Reddy",9254200803,2025,D,1,"Chennai Institute of Technology",Active
1507,"Meera Nair",MECH,1,Female,2005-08-01,A-,9415773475,meera1507@cit.edu.in,"89 Gandhi Road",Chennai,Tamil Nadu,635572,"Meera Nair",9426485399,2025,D,2,"Chennai Institute of Technology",Active
1508,"Aditya Rao",AIDS,4,Female,2004-06-13,A+,9374559731,aditya1508@cit.edu.in,"24 Gandhi Road",Kolkata,Tamil Nadu,675101,"Rahul Rao",9260802391,2022,C,7,"Chennai Institute of Technology",Active
1509,"Ananya Joshi",EEE,2,Male,2002-06-09,O+,9436241876,ananya1509@cit.edu.in,"91 Gandhi Road",Kolkata,Karnataka,668003,"Priya Joshi",9600259094,2024,C,3,"Chennai Institute of Technology",Active
1510,"Neha Verma",MECH,3,Female,2005-01-14,O-,9655937205,neha1510@cit.edu.in,"61 Gandhi Road",Hyderabad,Delhi,683513,"Sanya Verma",9454823620,2023,B,5,"Chennai Institute of Technology",Active
1511,"Rohan Sharma",IT,4,Male,2003-07-08,O+,9672250486,rohan1511@cit.edu.in,"27 Gandhi Road",Bengaluru,Delhi,623784,"Rahul Sharma",9639145177,2022,A,7,"Chennai Institute of Technology",Active
1512,"Meera Rao",IT,2,Male,2004-01-26,O+,9045165999,meera1512@cit.edu.in,"83 Gandhi Road",Bengaluru,Tamil Nadu,679934,"Priya Rao",9152237157,2024,B,3,"Chennai Institute of Technology",Active
1513,"Vikram Gupta",AIML,3,Male,2002-09-28,O+,9041385690,vikram1513@cit.edu.in,"96 Gandhi Road",Pune,Maharashtra,686115,"Aditya Gupta",9572008519,2023,D,5,"Chennai Institute of Technology",Active
1514,"Sanya Kumar",EEE,4,Male,2005-11-03,B-,9817837164,sanya1514@cit.edu.in,"52 Gandhi Road",Chennai,Delhi,670915,"Kavya Kumar",9862796903,2022,C,7,"Chennai Institute of Technology",Active
1515,"Aarav Gupta",MECH,1,Female,2002-06-08,O-,9508253670,aarav1515@cit.edu.in,"67 Gandhi Road",Hyderabad,Delhi,689717,"Sanya Gupta",9044078431,2025,B,2,"Chennai Institute of Technology",Active
1516,"Priya Sharma",CIVIL,1,Female,2003-06-12,A+,9623256798,priya1516@cit.edu.in,"76 Gandhi Road",Mumbai,Tamil Nadu,614614,"Meera Sharma",9100310933,2025,A,1,"Chennai Institute of Technology",Active
1517,"Pooja Singh",CIVIL,2,Female,2003-04-13,AB-,9244598064,pooja1517@cit.edu.in,"91 Gandhi Road",Mumbai,Karnataka,640378,"Sanya Singh",9460223553,2024,B,3,"Chennai Institute of Technology",Active
1518,"Meera Reddy",MECH,4,Female,2002-01-04,B-,9487447899,meera1518@cit.edu.in,"17 Gandhi Road",Mumbai,West Bengal,609167,"Ananya Reddy",9974959558,2022,B,7,"Chennai Institute of Technology",Active
1519,"Arjun Sharma",CIVIL,1,Male,2004-04-06,A-,9931334289,arjun1519@cit.edu.in,"47 Gandhi Road",Mumbai,Delhi,665035,"Arjun Sharma",9282952542,2025,D,2,"Chennai Institute of Technology",Active
1520,"Varun Reddy",AIDS,1,Female,2002-11-02,O-,9989055072,varun1520@cit.edu.in,"35 Gandhi Road",Hyderabad,Karnataka,618638,"Ananya Reddy",9258324447,2025,D,2,"Chennai Institute of Technology",Active
1521,"Pooja Gupta",MECH,2,Female,2003-05-24,A-,9191175050,pooja1521@cit.edu.in,"31 Gandhi Road",Bengaluru,Telangana,664699,"Varun Gupta",9615868100,2024,A,4,"Chennai Institute of Technology",Active
1522,"Rahul Joshi",MECH,3,Male,2006-04-01,A-,9373107278,rahul1522@cit.edu.in,"78 Gandhi Road",Chennai,Telangana,690384,"Karan Joshi",9405037548,2023,C,5,"Chennai Institute of Technology",Active
1523,"Varun Joshi",IT,1,Male,2002-04-20,AB+,9031494663,varun1523@cit.edu.in,"77 Gandhi Road",Pune,Tamil Nadu,621652,"Vikram Joshi",9010096825,2025,C,1,"Chennai Institute of Technology",Active
1524,"Priya Nair",AIDS,1,Male,2004-06-24,A-,9190589109,priya1524@cit.edu.in,"25 Gandhi Road",Kolkata,Tamil Nadu,622787,"Varun Nair",9893678315,2025,D,2,"Chennai Institute of Technology",Active
1525,"Aarav Patel",AIDS,4,Male,2002-11-27,A-,9428515730,aarav1525@cit.edu.in,"56 Gandhi Road",Chennai,West Bengal,676904,"Pooja Patel",9741362489,2022,B,8,"Chennai Institute of Technology",Active
1526,"Pooja Verma",MECH,1,Female,2002-07-02,B+,9475968069,pooja1526@cit.edu.in,"87 Gandhi Road",Pune,Maharashtra,694845,"Aditya Verma",9728286520,2025,C,2,"Chennai Institute of Technology",Active
1527,"Vikram Joshi",IT,4,Female,2005-03-12,O-,9570583103,vikram1527@cit.edu.in,"81 Gandhi Road",Hyderabad,Maharashtra,628623,"Sanya Joshi",9378860530,2022,C,8,"Chennai Institute of Technology",Active
1528,"Arjun Singh",IT,3,Female,2002-07-17,A+,9002130895,arjun1528@cit.edu.in,"56 Gandhi Road",Hyderabad,Maharashtra,624017,"Rahul Singh",9186044312,2023,A,6,"Chennai Institute of Technology",Active
1529,"Vikram Kumar",IT,4,Female,2005-04-26,AB-,9610215915,vikram1529@cit.edu.in,"21 Gandhi Road",Mumbai,Karnataka,683685,"Priya Kumar",9239864827,2022,C,8,"Chennai Institute of Technology",Active
1530,"Pooja Chopra",CSE,4,Female,2005-04-06,AB-,9347049890,pooja1530@cit.edu.in,"61 Gandhi Road",Hyderabad,West Bengal,669785,"Pooja Chopra",9721019353,2022,C,8,"Chennai Institute of Technology",Active
1531,"Neha Singh",AIDS,4,Male,2006-11-13,B-,9291879619,neha1531@cit.edu.in,"11 Gandhi Road",Kolkata,Maharashtra,600890,"Kavya Singh",9333382514,2022,A,7,"Chennai Institute of Technology",Active
1532,"Ananya Nair",EEE,4,Male,2004-04-21,A-,9131324499,ananya1532@cit.edu.in,"90 Gandhi Road",Kolkata,Delhi,682361,"Kavya Nair",9992185318,2022,A,8,"Chennai Institute of Technology",Active
1533,"Pooja Rao",EEE,1,Male,2004-04-20,B-,9138688787,pooja1533@cit.edu.in,"53 Gandhi Road",Kolkata,Karnataka,602714,"Vikram Rao",9879081309,2025,C,1,"Chennai Institute of Technology",Active
1534,"Rohan Singh",AIML,1,Male,2004-03-02,O+,9964817202,rohan1534@cit.edu.in,"39 Gandhi Road",Delhi,Maharashtra,664610,"Ananya Singh",9155597747,2025,C,2,"Chennai Institute of Technology",Active
1535,"Sanya Kumar",CIVIL,2,Male,2006-04-23,B-,9690824631,sanya1535@cit.edu.in,"95 Gandhi Road",Bengaluru,Telangana,608453,"Neha Kumar",9993480085,2024,D,3,"Chennai Institute of Technology",Active
1536,"Meera Nair",IT,3,Female,2005-03-27,B+,9085766367,meera1536@cit.edu.in,"52 Gandhi Road",Kolkata,West Bengal,623460,"Rahul Nair",9682664218,2023,A,6,"Chennai Institute of Technology",Active
1537,"Vikram Chopra",CSE,2,Female,2006-08-10,B-,9552421220,vikram1537@cit.edu.in,"67 Gandhi Road",Delhi,Maharashtra,659266,"Aditya Chopra",9172819778,2024,A,4,"Chennai Institute of Technology",Active
1538,"Rohan Chopra",EEE,2,Male,2004-11-02,AB+,9406847612,rohan1538@cit.edu.in,"52 Gandhi Road",Hyderabad,Delhi,654705,"Rohan Chopra",9039993251,2024,C,3,"Chennai Institute of Technology",Active
1539,"Sanya Mehta",IT,3,Female,2003-05-20,AB-,9502527073,sanya1539@cit.edu.in,"62 Gandhi Road",Bengaluru,Karnataka,650739,"Ananya Mehta",9908794425,2023,A,5,"Chennai Institute of Technology",Active
1540,"Priya Reddy",CSE,2,Female,2005-08-01,O+,9153807033,priya1540@cit.edu.in,"13 Gandhi Road",Mumbai,Tamil Nadu,664592,"Aditya Reddy",9916310073,2024,C,3,"Chennai Institute of Technology",Active
1541,"Rohan Nair",ECE,3,Female,2003-09-03,AB-,9190024267,rohan1541@cit.edu.in,"93 Gandhi Road",Delhi,West Bengal,619384,"Neha Nair",9543808026,2023,C,5,"Chennai Institute of Technology",Active
1542,"Vikram Sharma",ECE,2,Male,2004-09-21,A+,9660597738,vikram1542@cit.edu.in,"48 Gandhi Road",Chennai,Delhi,661112,"Priya Sharma",9777809311,2024,A,3,"Chennai Institute of Technology",Active
1543,"Diya Singh",CSE,2,Female,2003-07-14,A+,9760062082,diya1543@cit.edu.in,"14 Gandhi Road",Hyderabad,Karnataka,688001,"Rohan Singh",9892795051,2024,C,3,"Chennai Institute of Technology",Active
1544,"Kavya Patel",MECH,3,Female,2003-08-17,AB+,9592531973,kavya1544@cit.edu.in,"12 Gandhi Road",Bengaluru,West Bengal,662057,"Arjun Patel",9576450880,2023,D,6,"Chennai Institute of Technology",Active
1545,"Aditya Mehta",CIVIL,3,Female,2003-08-13,B+,9029418857,aditya1545@cit.edu.in,"79 Gandhi Road",Kolkata,Maharashtra,615551,"Priya Mehta",9313786414,2023,B,6,"Chennai Institute of Technology",Active
1546,"Pooja Singh",EEE,2,Female,2006-03-02,O+,9646348339,pooja1546@cit.edu.in,"45 Gandhi Road",Pune,Tamil Nadu,675375,"Kavya Singh",9344683228,2024,D,3,"Chennai Institute of Technology",Active
1547,"Diya Reddy",EEE,1,Female,2002-07-16,B+,9149703131,diya1547@cit.edu.in,"39 Gandhi Road",Kolkata,Delhi,651497,"Aditya Reddy",9041295906,2025,B,1,"Chennai Institute of Technology",Active
1548,"Varun Reddy",MECH,4,Male,2004-10-25,AB+,9104391272,varun1548@cit.edu.in,"53 Gandhi Road",Hyderabad,Tamil Nadu,676471,"Arjun Reddy",9045922696,2022,B,7,"Chennai Institute of Technology",Active
1549,"Meera Rao",EEE,1,Male,2004-03-04,AB-,9363452636,meera1549@cit.edu.in,"78 Gandhi Road",Mumbai,Karnataka,612970,"Karan Rao",9727070543,2025,B,1,"Chennai Institute of Technology",Active
1550,"Neha Reddy",MECH,4,Female,2003-05-12,AB-,9284189748,neha1550@cit.edu.in,"28 Gandhi Road",Hyderabad,Maharashtra,619137,"Vikram Reddy",9784306637,2022,B,7,"Chennai Institute of Technology",Active
1551,"Meera Patel",CIVIL,1,Female,2002-05-18,O+,9143467144,meera1551@cit.edu.in,"57 Gandhi Road",Pune,Maharashtra,673997,"Aarav Patel",9174917334,2025,C,2,"Chennai Institute of Technology",Active
1552,"Arjun Joshi",AIDS,1,Female,2004-10-12,A+,9938712203,arjun1552@cit.edu.in,"72 Gandhi Road",Bengaluru,Karnataka,641212,"Meera Joshi",9271309332,2025,A,2,"Chennai Institute of Technology",Active
1553,"Rahul Joshi",CIVIL,4,Female,2006-12-15,B-,9227058605,rahul1553@cit.edu.in,"48 Gandhi Road",Delhi,Maharashtra,629329,"Rahul Joshi",9648128831,2022,C,8,"Chennai Institute of Technology",Active
1554,"Aarav Patel",CSE,1,Female,2006-10-18,B-,9483895866,aarav1554@cit.edu.in,"52 Gandhi Road",Delhi,Tamil Nadu,699471,"Diya Patel",9320195974,2025,D,2,"Chennai Institute of Technology",Active
1555,"Kavya Nair",MECH,1,Female,2002-11-01,AB-,9865522972,kavya1555@cit.edu.in,"90 Gandhi Road",Kolkata,Delhi,607261,"Meera Nair",9719054825,2025,A,1,"Chennai Institute of Technology",Active
1556,"Aarav Rao",IT,3,Female,2003-04-15,AB+,9308120260,aarav1556@cit.edu.in,"34 Gandhi Road",Chennai,West Bengal,685225,"Varun Rao",9183149311,2023,C,5,"Chennai Institute of Technology",Active
1557,"Arjun Kumar",ECE,2,Female,2006-01-28,O+,9628946804,arjun1557@cit.edu.in,"51 Gandhi Road",Hyderabad,Maharashtra,675920,"Sanya Kumar",9436011302,2024,D,4,"Chennai Institute of Technology",Active
1558,"Aarav Kumar",AIML,2,Female,2006-02-10,AB+,9760832490,aarav1558@cit.edu.in,"93 Gandhi Road",Bengaluru,Tamil Nadu,699337,"Rohan Kumar",9747701506,2024,D,3,"Chennai Institute of Technology",Active
1559,"Ananya Verma",MECH,1,Male,2006-12-26,B+,9222331106,ananya1559@cit.edu.in,"87 Gandhi Road",Kolkata,Karnataka,699069,"Arjun Verma",9496210768,2025,A,1,"Chennai Institute of Technology",Active
1560,"Sanya Chopra",AIML,4,Male,2003-02-22,AB-,9568989280,sanya1560@cit.edu.in,"56 Gandhi Road",Delhi,Karnataka,693070,"Sanya Chopra",9115695698,2022,D,7,"Chennai Institute of Technology",Active
1561,"Rohan Reddy",AIML,4,Male,2006-10-25,O+,9263679034,rohan1561@cit.edu.in,"73 Gandhi Road",Pune,Maharashtra,670763,"Sanya Reddy",9370538976,2022,B,7,"Chennai Institute of Technology",Active
1562,"Pooja Sharma",CIVIL,4,Male,2004-11-25,A-,9396038455,pooja1562@cit.edu.in,"70 Gandhi Road",Pune,Karnataka,626092,"Neha Sharma",9477050351,2022,C,7,"Chennai Institute of Technology",Active
1563,"Arjun Mehta",AIDS,3,Male,2003-11-14,O-,9969479765,arjun1563@cit.edu.in,"77 Gandhi Road",Chennai,Tamil Nadu,630404,"Aditya Mehta",9283713865,2023,D,5,"Chennai Institute of Technology",Active
1564,"Aditya Verma",CIVIL,2,Male,2003-11-03,A-,9927328066,aditya1564@cit.edu.in,"11 Gandhi Road",Mumbai,Delhi,677754,"Ananya Verma",9847570797,2024,A,3,"Chennai Institute of Technology",Active
1565,"Karan Chopra",ECE,3,Male,2002-12-16,A-,9211502612,karan1565@cit.edu.in,"87 Gandhi Road",Chennai,Karnataka,650966,"Rahul Chopra",9798824132,2023,C,6,"Chennai Institute of Technology",Active
1566,"Pooja Reddy",CIVIL,4,Female,2005-11-11,AB-,9375858028,pooja1566@cit.edu.in,"49 Gandhi Road",Hyderabad,Maharashtra,686921,"Sanya Reddy",9044113392,2022,A,8,"Chennai Institute of Technology",Active
1567,"Ananya Reddy",IT,2,Male,2003-01-28,A+,9452478876,ananya1567@cit.edu.in,"98 Gandhi Road",Pune,Tamil Nadu,696440,"Karan Reddy",9397063487,2024,C,3,"Chennai Institute of Technology",Active
1568,"Meera Verma",CIVIL,1,Female,2005-05-12,AB-,9292635754,meera1568@cit.edu.in,"81 Gandhi Road",Pune,West Bengal,617312,"Neha Verma",9272220938,2025,B,2,"Chennai Institute of Technology",Active
1569,"Varun Chopra",ECE,3,Female,2005-10-03,B+,9835098553,varun1569@cit.edu.in,"81 Gandhi Road",Kolkata,Tamil Nadu,671575,"Varun Chopra",9225921689,2023,B,5,"Chennai Institute of Technology",Active
1570,"Aditya Patel",AIDS,1,Female,2005-02-23,A-,9901620370,aditya1570@cit.edu.in,"90 Gandhi Road",Pune,Karnataka,621831,"Varun Patel",9908470142,2025,B,2,"Chennai Institute of Technology",Active
1571,"Aarav Verma",CIVIL,4,Female,2005-01-04,O+,9473925056,aarav1571@cit.edu.in,"76 Gandhi Road",Mumbai,Maharashtra,615887,"Sanya Verma",9164203883,2022,D,7,"Chennai Institute of Technology",Active
1572,"Meera Kumar",CSE,3,Male,2005-10-17,O-,9521471825,meera1572@cit.edu.in,"14 Gandhi Road",Chennai,Maharashtra,619919,"Varun Kumar",9892388637,2023,C,5,"Chennai Institute of Technology",Active
1573,"Aditya Patel",CIVIL,4,Female,2006-10-09,AB+,9780028716,aditya1573@cit.edu.in,"28 Gandhi Road",Hyderabad,Telangana,615773,"Diya Patel",9935016421,2022,C,8,"Chennai Institute of Technology",Active
1574,"Arjun Rao",ECE,2,Female,2005-12-16,B-,9180434960,arjun1574@cit.edu.in,"65 Gandhi Road",Hyderabad,Karnataka,681567,"Ananya Rao",9928926429,2024,B,4,"Chennai Institute of Technology",Active
1575,"Arjun Nair",ECE,4,Female,2002-06-06,B-,9143058625,arjun1575@cit.edu.in,"70 Gandhi Road",Pune,West Bengal,662987,"Neha Nair",9719357277,2022,A,8,"Chennai Institute of Technology",Active
1576,"Varun Nair",IT,3,Female,2005-06-19,A+,9941539031,varun1576@cit.edu.in,"94 Gandhi Road",Hyderabad,Tamil Nadu,685397,"Karan Nair",9195348385,2023,D,5,"Chennai Institute of Technology",Active
1577,"Neha Singh",IT,2,Male,2006-07-08,AB-,9100623304,neha1577@cit.edu.in,"61 Gandhi Road",Hyderabad,Karnataka,607633,"Aarav Singh",9317402745,2024,C,3,"Chennai Institute of Technology",Active
1578,"Varun Joshi",CSE,2,Male,2006-03-12,AB+,9520379327,varun1578@cit.edu.in,"56 Gandhi Road",Chennai,Telangana,681932,"Ananya Joshi",9373411897,2024,B,3,"Chennai Institute of Technology",Active
1579,"Rahul Mehta",ECE,4,Male,2004-06-05,AB+,9135609101,rahul1579@cit.edu.in,"50 Gandhi Road",Hyderabad,Delhi,669788,"Pooja Mehta",9400287519,2022,B,8,"Chennai Institute of Technology",Active
1580,"Pooja Rao",AIML,1,Female,2003-12-26,O+,9814416403,pooja1580@cit.edu.in,"82 Gandhi Road",Bengaluru,West Bengal,683232,"Vikram Rao",9189901450,2025,A,1,"Chennai Institute of Technology",Active
1581,"Meera Rao",EEE,1,Female,2002-01-28,B+,9995311950,meera1581@cit.edu.in,"51 Gandhi Road",Chennai,Karnataka,624855,"Priya Rao",9435698601,2025,A,2,"Chennai Institute of Technology",Active
1582,"Priya Patel",ECE,1,Female,2003-02-22,O-,9640801376,priya1582@cit.edu.in,"14 Gandhi Road",Kolkata,West Bengal,609018,"Varun Patel",9474193523,2025,C,2,"Chennai Institute of Technology",Active
1583,"Sanya Sharma",AIML,4,Male,2004-04-28,B-,9667916285,sanya1583@cit.edu.in,"43 Gandhi Road",Kolkata,West Bengal,633840,"Karan Sharma",9611470396,2022,C,8,"Chennai Institute of Technology",Active
1584,"Varun Kumar",IT,1,Female,2006-12-27,A-,9825966996,varun1584@cit.edu.in,"64 Gandhi Road",Hyderabad,West Bengal,681562,"Aditya Kumar",9252143755,2025,D,2,"Chennai Institute of Technology",Active
1585,"Vikram Joshi",CIVIL,4,Female,2003-10-24,A+,9798857594,vikram1585@cit.edu.in,"46 Gandhi Road",Delhi,Maharashtra,602577,"Rohan Joshi",9612519163,2022,C,7,"Chennai Institute of Technology",Active
1586,"Arjun Patel",IT,2,Female,2004-10-04,AB-,9514354578,arjun1586@cit.edu.in,"40 Gandhi Road",Delhi,Tamil Nadu,623855,"Diya Patel",9375020553,2024,B,4,"Chennai Institute of Technology",Active
1587,"Sanya Nair",EEE,3,Male,2006-12-15,O+,9585029344,sanya1587@cit.edu.in,"99 Gandhi Road",Mumbai,Maharashtra,621436,"Aditya Nair",9271150949,2023,B,5,"Chennai Institute of Technology",Active
1588,"Neha Nair",CIVIL,4,Female,2005-04-03,AB+,9395013716,neha1588@cit.edu.in,"74 Gandhi Road",Hyderabad,Delhi,669314,"Rahul Nair",9688528006,2022,B,8,"Chennai Institute of Technology",Active
1589,"Neha Verma",AIDS,1,Female,2004-04-06,B+,9010446729,neha1589@cit.edu.in,"69 Gandhi Road",Delhi,Karnataka,681627,"Arjun Verma",9261501803,2025,A,2,"Chennai Institute of Technology",Active
1590,"Varun Reddy",ECE,1,Female,2004-12-21,O+,9650292645,varun1590@cit.edu.in,"81 Gandhi Road",Bengaluru,Delhi,682789,"Arjun Reddy",9550279795,2025,D,1,"Chennai Institute of Technology",Active
1591,"Karan Joshi",ECE,3,Female,2002-04-16,O-,9440076614,karan1591@cit.edu.in,"41 Gandhi Road",Kolkata,Maharashtra,670725,"Sanya Joshi",9387900003,2023,D,6,"Chennai Institute of Technology",Active
1592,"Rohan Kumar",CSE,4,Male,2004-11-10,A+,9388249613,rohan1592@cit.edu.in,"15 Gandhi Road",Delhi,Karnataka,680651,"Priya Kumar",9093738179,2022,D,8,"Chennai Institute of Technology",Active
1593,"Pooja Reddy",ECE,2,Female,2005-03-08,A-,9634003155,pooja1593@cit.edu.in,"59 Gandhi Road",Bengaluru,West Bengal,611970,"Karan Reddy",9918384384,2024,B,3,"Chennai Institute of Technology",Active
1594,"Aditya Gupta",AIML,3,Female,2004-03-05,AB+,9182946143,aditya1594@cit.edu.in,"12 Gandhi Road",Bengaluru,Maharashtra,634665,"Diya Gupta",9832979429,2023,B,5,"Chennai Institute of Technology",Active
1595,"Rohan Nair",IT,3,Female,2004-12-12,AB+,9510603103,rohan1595@cit.edu.in,"26 Gandhi Road",Pune,West Bengal,637472,"Rahul Nair",9402425389,2023,C,6,"Chennai Institute of Technology",Active
1596,"Karan Rao",IT,2,Male,2002-01-04,AB-,9628552809,karan1596@cit.edu.in,"19 Gandhi Road",Pune,Karnataka,653566,"Aarav Rao",9961402839,2024,A,4,"Chennai Institute of Technology",Active
1597,"Pooja Nair",AIML,4,Male,2002-01-28,AB+,9664819648,pooja1597@cit.edu.in,"68 Gandhi Road",Chennai,Karnataka,654629,"Pooja Nair",9899822512,2022,C,7,"Chennai Institute of Technology",Active
1598,"Aditya Chopra",AIML,4,Female,2003-04-14,B+,9768610860,aditya1598@cit.edu.in,"32 Gandhi Road",Hyderabad,Delhi,631520,"Rohan Chopra",9400795303,2022,B,8,"Chennai Institute of Technology",Active
1599,"Rohan Joshi",AIDS,2,Male,2004-10-06,A-,9416363428,rohan1599@cit.edu.in,"49 Gandhi Road",Mumbai,West Bengal,632162,"Varun Joshi",9642611656,2024,A,3,"Chennai Institute of Technology",Active
1600,"Meera Mehta",CIVIL,3,Male,2003-12-05,AB-,9020136369,meera1600@cit.edu.in,"54 Gandhi Road",Chennai,Telangana,673202,"Meera Mehta",9931275941,2023,B,6,"Chennai Institute of Technology",Active
1601,"Rahul Reddy",CSE,3,Male,2004-07-12,O-,9151063966,rahul1601@cit.edu.in,"78 Gandhi Road",Kolkata,Telangana,693489,"Aarav Reddy",9205998134,2023,B,6,"Chennai Institute of Technology",Active
1602,"Diya Singh",IT,2,Female,2004-07-13,O-,9791351852,diya1602@cit.edu.in,"97 Gandhi Road",Bengaluru,Delhi,673932,"Sanya Singh",9115297397,2024,B,3,"Chennai Institute of Technology",Active
1603,"Pooja Kumar",CSE,2,Female,2005-03-05,B+,9885355045,pooja1603@cit.edu.in,"82 Gandhi Road",Hyderabad,Karnataka,645190,"Varun Kumar",9335580015,2024,D,4,"Chennai Institute of Technology",Active
1604,"Kavya Rao",MECH,4,Male,2005-01-28,O-,9097370491,kavya1604@cit.edu.in,"14 Gandhi Road",Chennai,Delhi,646410,"Diya Rao",9124261014,2022,A,8,"Chennai Institute of Technology",Active
1605,"Arjun Gupta",MECH,2,Male,2002-05-18,AB-,9472021579,arjun1605@cit.edu.in,"67 Gandhi Road",Mumbai,Maharashtra,634679,"Neha Gupta",9421419197,2024,C,3,"Chennai Institute of Technology",Active
1606,"Pooja Verma",IT,3,Male,2006-01-03,A-,9029535672,pooja1606@cit.edu.in,"27 Gandhi Road",Bengaluru,Delhi,605804,"Aditya Verma",9651384266,2023,C,5,"Chennai Institute of Technology",Active
1607,"Pooja Patel",EEE,1,Female,2004-09-08,B+,9807454246,pooja1607@cit.edu.in,"38 Gandhi Road",Mumbai,Tamil Nadu,624878,"Karan Patel",9703437730,2025,C,1,"Chennai Institute of Technology",Active
1608,"Neha Patel",IT,3,Female,2004-08-07,AB+,9032511789,neha1608@cit.edu.in,"22 Gandhi Road",Hyderabad,Telangana,678889,"Rohan Patel",9870976021,2023,D,5,"Chennai Institute of Technology",Active
1609,"Aditya Mehta",CSE,2,Female,2005-12-19,B-,9803521061,aditya1609@cit.edu.in,"32 Gandhi Road",Pune,West Bengal,650045,"Vikram Mehta",9330433332,2024,A,3,"Chennai Institute of Technology",Active
1610,"Arjun Mehta",CIVIL,3,Female,2004-11-20,AB-,9242411470,arjun1610@cit.edu.in,"15 Gandhi Road",Delhi,Delhi,616568,"Rahul Mehta",9259860914,2023,C,6,"Chennai Institute of Technology",Active
1611,"Ananya Sharma",IT,1,Male,2006-07-28,O+,9237509148,ananya1611@cit.edu.in,"41 Gandhi Road",Pune,Delhi,658747,"Vikram Sharma",9689759711,2025,C,1,"Chennai Institute of Technology",Active
1612,"Neha Joshi",AIDS,1,Female,2002-02-03,A-,9808949339,neha1612@cit.edu.in,"92 Gandhi Road",Chennai,Delhi,603448,"Meera Joshi",9985014264,2025,C,1,"Chennai Institute of Technology",Active
1613,"Aditya Gupta",IT,2,Female,2004-06-03,AB-,9537396094,aditya1613@cit.edu.in,"39 Gandhi Road",Pune,Maharashtra,669331,"Ananya Gupta",9706929623,2024,C,3,"Chennai Institute of Technology",Active
1614,"Neha Reddy",CSE,3,Male,2004-03-23,A-,9893628837,neha1614@cit.edu.in,"73 Gandhi Road",Chennai,West Bengal,616973,"Diya Reddy",9500392595,2023,D,6,"Chennai Institute of Technology",Active
1615,"Aarav Gupta",IT,4,Male,2006-02-24,O-,9726643649,aarav1615@cit.edu.in,"93 Gandhi Road",Kolkata,Delhi,682667,"Aditya Gupta",9504048887,2022,C,7,"Chennai Institute of Technology",Active
1616,"Pooja Singh",AIDS,4,Female,2003-09-22,A+,9001889947,pooja1616@cit.edu.in,"93 Gandhi Road",Delhi,Delhi,610185,"Rohan Singh",9019472945,2022,C,7,"Chennai Institute of Technology",Active
1617,"Rahul Verma",AIML,3,Male,2004-08-22,A+,9130160689,rahul1617@cit.edu.in,"69 Gandhi Road",Chennai,Karnataka,606974,"Rohan Verma",9605014273,2023,D,6,"Chennai Institute of Technology",Active
1618,"Aditya Rao",IT,3,Male,2003-02-05,A-,9947033625,aditya1618@cit.edu.in,"42 Gandhi Road",Pune,Delhi,622045,"Aditya Rao",9195978362,2023,C,6,"Chennai Institute of Technology",Active
1619,"Arjun Nair",EEE,2,Female,2004-06-01,B-,9215984423,arjun1619@cit.edu.in,"63 Gandhi Road",Chennai,Telangana,610092,"Aarav Nair",9986345695,2024,D,3,"Chennai Institute of Technology",Active
1620,"Rohan Joshi",AIDS,1,Male,2002-10-24,AB-,9050218436,rohan1620@cit.edu.in,"15 Gandhi Road",Pune,Telangana,679649,"Pooja Joshi",9556179904,2025,D,1,"Chennai Institute of Technology",Active
1621,"Varun Mehta",EEE,1,Male,2006-06-16,B+,9772807293,varun1621@cit.edu.in,"72 Gandhi Road",Kolkata,Telangana,687817,"Kavya Mehta",9715493050,2025,A,1,"Chennai Institute of Technology",Active
1622,"Rohan Gupta",AIDS,2,Female,2003-03-27,AB-,9989044087,rohan1622@cit.edu.in,"55 Gandhi Road",Bengaluru,Telangana,607091,"Pooja Gupta",9579396005,2024,A,3,"Chennai Institute of Technology",Active
1623,"Meera Verma",EEE,4,Male,2003-06-11,O-,9114328352,meera1623@cit.edu.in,"72 Gandhi Road",Bengaluru,Tamil Nadu,606146,"Aditya Verma",9880184746,2022,B,8,"Chennai Institute of Technology",Active
1624,"Rahul Patel",IT,2,Female,2006-02-12,A-,9803601089,rahul1624@cit.edu.in,"27 Gandhi Road",Mumbai,Maharashtra,649621,"Sanya Patel",9903308858,2024,A,4,"Chennai Institute of Technology",Active
1625,"Karan Reddy",MECH,2,Male,2002-05-27,A-,9827266212,karan1625@cit.edu.in,"59 Gandhi Road",Pune,Delhi,618610,"Arjun Reddy",9706105223,2024,D,3,"Chennai Institute of Technology",Active
1626,"Meera Singh",CSE,4,Female,2003-02-16,A+,9548355478,meera1626@cit.edu.in,"50 Gandhi Road",Delhi,Karnataka,607366,"Priya Singh",9984777165,2022,A,8,"Chennai Institute of Technology",Active
1627,"Neha Joshi",EEE,3,Male,2003-02-07,B-,9844511433,neha1627@cit.edu.in,"11 Gandhi Road",Delhi,Telangana,686354,"Sanya Joshi",9172059463,2023,B,5,"Chennai Institute of Technology",Active
1628,"Vikram Mehta",CIVIL,1,Female,2002-04-06,B-,9369455906,vikram1628@cit.edu.in,"34 Gandhi Road",Delhi,Delhi,620307,"Neha Mehta",9329177683,2025,D,1,"Chennai Institute of Technology",Active
1629,"Aarav Gupta",ECE,3,Male,2005-06-02,B-,9253420063,aarav1629@cit.edu.in,"28 Gandhi Road",Chennai,Maharashtra,609191,"Neha Gupta",9566245661,2023,C,6,"Chennai Institute of Technology",Active
1630,"Arjun Nair",AIDS,1,Female,2004-06-20,A-,9294187119,arjun1630@cit.edu.in,"23 Gandhi Road",Hyderabad,Telangana,605096,"Meera Nair",9559044892,2025,C,1,"Chennai Institute of Technology",Active
1631,"Meera Chopra",IT,3,Male,2004-02-26,B-,9793816146,meera1631@cit.edu.in,"23 Gandhi Road",Pune,West Bengal,631185,"Karan Chopra",9749688720,2023,D,5,"Chennai Institute of Technology",Active
1632,"Priya Verma",ECE,3,Female,2004-07-09,A-,9449051678,priya1632@cit.edu.in,"46 Gandhi Road",Bengaluru,Telangana,622738,"Karan Verma",9029093941,2023,D,6,"Chennai Institute of Technology",Active
1633,"Varun Rao",EEE,1,Male,2003-03-26,B+,9977614081,varun1633@cit.edu.in,"66 Gandhi Road",Pune,Delhi,665193,"Arjun Rao",9966349168,2025,C,2,"Chennai Institute of Technology",Active
1634,"Karan Reddy",IT,4,Female,2006-12-25,AB+,9859965697,karan1634@cit.edu.in,"63 Gandhi Road",Chennai,West Bengal,623591,"Rahul Reddy",9303650253,2022,A,7,"Chennai Institute of Technology",Active
1635,"Ananya Reddy",CIVIL,4,Female,2003-11-06,A-,9445560689,ananya1635@cit.edu.in,"62 Gandhi Road",Chennai,Tamil Nadu,640389,"Neha Reddy",9874299374,2022,A,8,"Chennai Institute of Technology",Active
1636,"Kavya Joshi",CIVIL,3,Male,2006-05-14,AB+,9600984133,kavya1636@cit.edu.in,"21 Gandhi Road",Pune,Karnataka,621427,"Rohan Joshi",9909561109,2023,D,6,"Chennai Institute of Technology",Active
1637,"Diya Sharma",AIDS,1,Male,2006-10-26,A-,9176496460,diya1637@cit.edu.in,"74 Gandhi Road",Bengaluru,Delhi,644230,"Meera Sharma",9918592677,2025,A,1,"Chennai Institute of Technology",Active
1638,"Ananya Mehta",ECE,2,Male,2005-09-21,AB+,9567669809,ananya1638@cit.edu.in,"24 Gandhi Road",Mumbai,Maharashtra,642121,"Karan Mehta",9926816269,2024,D,4,"Chennai Institute of Technology",Active
1639,"Aarav Mehta",CSE,3,Male,2005-04-05,O-,9475882133,aarav1639@cit.edu.in,"70 Gandhi Road",Delhi,Maharashtra,648357,"Diya Mehta",9082186923,2023,C,5,"Chennai Institute of Technology",Active
1640,"Arjun Chopra",ECE,2,Female,2006-09-28,A-,9016083789,arjun1640@cit.edu.in,"95 Gandhi Road",Chennai,West Bengal,607439,"Rahul Chopra",9127442535,2024,B,3,"Chennai Institute of Technology",Active
1641,"Sanya Joshi",AIML,2,Female,2006-10-27,A+,9476439651,sanya1641@cit.edu.in,"35 Gandhi Road",Mumbai,Tamil Nadu,625475,"Varun Joshi",9648957895,2024,A,3,"Chennai Institute of Technology",Active
1642,"Rohan Sharma",IT,3,Female,2004-01-07,AB+,9139665195,rohan1642@cit.edu.in,"19 Gandhi Road",Delhi,Tamil Nadu,673875,"Pooja Sharma",9773376904,2023,A,6,"Chennai Institute of Technology",Active
1643,"Aarav Verma",IT,2,Male,2004-03-08,O-,9347843640,aarav1643@cit.edu.in,"29 Gandhi Road",Pune,Telangana,675065,"Aarav Verma",9231739836,2024,A,3,"Chennai Institute of Technology",Active
1644,"Kavya Verma",CIVIL,3,Female,2006-06-22,B-,9074391764,kavya1644@cit.edu.in,"60 Gandhi Road",Bengaluru,Tamil Nadu,601835,"Kavya Verma",9158179754,2023,C,5,"Chennai Institute of Technology",Active
1645,"Aarav Joshi",CIVIL,4,Male,2002-01-01,O-,9537374718,aarav1645@cit.edu.in,"13 Gandhi Road",Mumbai,Karnataka,648180,"Vikram Joshi",9830648770,2022,D,7,"Chennai Institute of Technology",Active
1646,"Rohan Singh",MECH,1,Male,2002-04-01,AB-,9593038545,rohan1646@cit.edu.in,"44 Gandhi Road",Mumbai,Karnataka,630606,"Rahul Singh",9747910173,2025,D,1,"Chennai Institute of Technology",Active
1647,"Arjun Singh",EEE,4,Female,2002-12-28,O+,9212042399,arjun1647@cit.edu.in,"21 Gandhi Road",Kolkata,West Bengal,672667,"Karan Singh",9698794517,2022,A,8,"Chennai Institute of Technology",Active
1648,"Aditya Verma",CIVIL,2,Male,2002-12-20,AB+,9807579860,aditya1648@cit.edu.in,"86 Gandhi Road",Bengaluru,Karnataka,642889,"Karan Verma",9270003374,2024,D,4,"Chennai Institute of Technology",Active
1649,"Priya Kumar",ECE,2,Male,2002-01-21,AB+,9091754406,priya1649@cit.edu.in,"69 Gandhi Road",Chennai,Telangana,639815,"Aditya Kumar",9031327556,2024,A,4,"Chennai Institute of Technology",Active
1650,"Varun Patel",ECE,4,Male,2003-11-08,O-,9201399840,varun1650@cit.edu.in,"30 Gandhi Road",Delhi,West Bengal,644102,"Aditya Patel",9303532130,2022,B,8,"Chennai Institute of Technology",Active
1651,"Varun Gupta",CIVIL,2,Male,2004-03-23,AB-,9273324016,varun1651@cit.edu.in,"10 Gandhi Road",Mumbai,West Bengal,678306,"Pooja Gupta",9592092560,2024,C,3,"Chennai Institute of Technology",Active
1652,"Aditya Sharma",CSE,1,Female,2002-10-07,A-,9165873622,aditya1652@cit.edu.in,"64 Gandhi Road",Chennai,Tamil Nadu,619437,"Pooja Sharma",9005298911,2025,D,2,"Chennai Institute of Technology",Active
1653,"Arjun Chopra",IT,3,Female,2004-05-12,O+,9614932197,arjun1653@cit.edu.in,"42 Gandhi Road",Pune,Delhi,659546,"Aditya Chopra",9540228173,2023,A,6,"Chennai Institute of Technology",Active
1654,"Karan Singh",EEE,4,Female,2004-10-22,A+,9060994194,karan1654@cit.edu.in,"58 Gandhi Road",Delhi,Telangana,694605,"Pooja Singh",9929025797,2022,D,7,"Chennai Institute of Technology",Active
1655,"Rohan Joshi",CIVIL,1,Male,2004-04-07,AB+,9019856646,rohan1655@cit.edu.in,"48 Gandhi Road",Bengaluru,Delhi,681891,"Neha Joshi",9553765729,2025,B,2,"Chennai Institute of Technology",Active
1656,"Meera Verma",MECH,1,Male,2005-11-12,AB-,9487975511,meera1656@cit.edu.in,"13 Gandhi Road",Hyderabad,West Bengal,611063,"Aditya Verma",9479016526,2025,A,2,"Chennai Institute of Technology",Active
1657,"Vikram Nair",EEE,1,Male,2002-07-16,B+,9910454885,vikram1657@cit.edu.in,"59 Gandhi Road",Hyderabad,Maharashtra,652224,"Sanya Nair",9017411634,2025,C,2,"Chennai Institute of Technology",Active
1658,"Neha Chopra",AIML,2,Male,2003-06-01,B+,9875060103,neha1658@cit.edu.in,"94 Gandhi Road",Pune,Delhi,622595,"Karan Chopra",9207910692,2024,B,3,"Chennai Institute of Technology",Active
1659,"Varun Rao",CSE,1,Female,2005-02-28,O+,9019715985,varun1659@cit.edu.in,"32 Gandhi Road",Bengaluru,Telangana,613015,"Vikram Rao",9488717557,2025,B,1,"Chennai Institute of Technology",Active
1660,"Diya Chopra",EEE,1,Male,2005-05-09,B+,9362010955,diya1660@cit.edu.in,"95 Gandhi Road",Pune,Telangana,665177,"Rahul Chopra",9601290079,2025,C,1,"Chennai Institute of Technology",Active
1661,"Arjun Singh",EEE,4,Female,2003-09-01,AB-,9611671109,arjun1661@cit.edu.in,"14 Gandhi Road",Pune,Karnataka,664117,"Kavya Singh",9183342786,2022,D,8,"Chennai Institute of Technology",Active
1662,"Priya Verma",IT,4,Male,2005-04-21,AB+,9990489375,priya1662@cit.edu.in,"92 Gandhi Road",Delhi,Telangana,665592,"Karan Verma",9802285332,2022,B,8,"Chennai Institute of Technology",Active
1663,"Kavya Mehta",IT,2,Male,2005-10-28,A-,9749228847,kavya1663@cit.edu.in,"90 Gandhi Road",Delhi,West Bengal,608057,"Rahul Mehta",9157801151,2024,D,3,"Chennai Institute of Technology",Active
1664,"Vikram Rao",MECH,1,Female,2004-06-27,A+,9331683114,vikram1664@cit.edu.in,"92 Gandhi Road",Hyderabad,Maharashtra,663564,"Rahul Rao",9174352965,2025,A,2,"Chennai Institute of Technology",Active
1665,"Aarav Kumar",ECE,2,Male,2006-08-21,AB+,9168887837,aarav1665@cit.edu.in,"78 Gandhi Road",Bengaluru,Telangana,655315,"Aarav Kumar",9338669089,2024,C,3,"Chennai Institute of Technology",Active
1666,"Kavya Patel",CSE,2,Female,2004-04-18,B+,9880122436,kavya1666@cit.edu.in,"40 Gandhi Road",Delhi,Tamil Nadu,641449,"Aarav Patel",9367311186,2024,D,3,"Chennai Institute of Technology",Active
1667,"Priya Reddy",MECH,4,Male,2006-03-22,A+,9777447066,priya1667@cit.edu.in,"41 Gandhi Road",Hyderabad,Maharashtra,665462,"Meera Reddy",9123788344,2022,D,7,"Chennai Institute of Technology",Active
1668,"Arjun Chopra",ECE,4,Male,2006-06-21,AB+,9985664550,arjun1668@cit.edu.in,"88 Gandhi Road",Bengaluru,Maharashtra,621814,"Aarav Chopra",9113360234,2022,A,7,"Chennai Institute of Technology",Active
1669,"Aditya Kumar",IT,2,Female,2006-10-23,A-,9357507324,aditya1669@cit.edu.in,"17 Gandhi Road",Chennai,Telangana,664978,"Sanya Kumar",9212646731,2024,C,3,"Chennai Institute of Technology",Active
1670,"Sanya Joshi",AIML,4,Male,2004-09-07,O-,9015089380,sanya1670@cit.edu.in,"51 Gandhi Road",Mumbai,West Bengal,614329,"Diya Joshi",9563164468,2022,B,7,"Chennai Institute of Technology",Active
1671,"Vikram Gupta",IT,2,Female,2003-12-06,AB-,9810403178,vikram1671@cit.edu.in,"73 Gandhi Road",Mumbai,Telangana,678199,"Sanya Gupta",9785586142,2024,B,4,"Chennai Institute of Technology",Active
1672,"Neha Rao",MECH,1,Female,2005-07-23,O-,9771744010,neha1672@cit.edu.in,"95 Gandhi Road",Kolkata,Telangana,697096,"Meera Rao",9433404901,2025,D,2,"Chennai Institute of Technology",Active
1673,"Kavya Joshi",CIVIL,3,Male,2006-09-22,AB-,9472896238,kavya1673@cit.edu.in,"37 Gandhi Road",Pune,Tamil Nadu,676402,"Vikram Joshi",9212976312,2023,B,6,"Chennai Institute of Technology",Active
1674,"Diya Singh",AIML,3,Male,2003-02-28,AB-,9976170425,diya1674@cit.edu.in,"99 Gandhi Road",Delhi,Tamil Nadu,608574,"Aditya Singh",9444566132,2023,D,5,"Chennai Institute of Technology",Active
1675,"Vikram Patel",CIVIL,2,Male,2002-07-14,AB-,9661521478,vikram1675@cit.edu.in,"77 Gandhi Road",Delhi,Karnataka,618483,"Rahul Patel",9350157374,2024,D,3,"Chennai Institute of Technology",Active
1676,"Rohan Kumar",AIML,4,Male,2004-08-22,O+,9832959579,rohan1676@cit.edu.in,"53 Gandhi Road",Bengaluru,Maharashtra,647987,"Sanya Kumar",9263609002,2022,C,8,"Chennai Institute of Technology",Active
1677,"Kavya Gupta",ECE,3,Female,2002-12-07,O+,9048171621,kavya1677@cit.edu.in,"59 Gandhi Road",Delhi,West Bengal,641996,"Meera Gupta",9722745286,2023,D,6,"Chennai Institute of Technology",Active
1678,"Aditya Patel",EEE,1,Female,2002-07-05,O-,9089139354,aditya1678@cit.edu.in,"90 Gandhi Road",Kolkata,West Bengal,623214,"Varun Patel",9623766016,2025,C,1,"Chennai Institute of Technology",Active
1679,"Meera Rao",IT,4,Male,2005-10-19,B+,9380718016,meera1679@cit.edu.in,"73 Gandhi Road",Kolkata,West Bengal,652628,"Rahul Rao",9583688660,2022,C,8,"Chennai Institute of Technology",Active
1680,"Priya Patel",IT,4,Female,2004-10-10,AB-,9730261457,priya1680@cit.edu.in,"45 Gandhi Road",Pune,Karnataka,621900,"Arjun Patel",9677830493,2022,D,7,"Chennai Institute of Technology",Active
1681,"Karan Nair",ECE,1,Female,2004-01-06,AB-,9159270091,karan1681@cit.edu.in,"78 Gandhi Road",Kolkata,West Bengal,622627,"Vikram Nair",9475189520,2025,C,1,"Chennai Institute of Technology",Active
1682,"Rahul Kumar",MECH,4,Male,2004-03-10,B+,9798202840,rahul1682@cit.edu.in,"63 Gandhi Road",Bengaluru,Tamil Nadu,686518,"Ananya Kumar",9467625356,2022,D,7,"Chennai Institute of Technology",Active
1683,"Varun Joshi",AIDS,3,Male,2003-03-16,O-,9620580272,varun1683@cit.edu.in,"84 Gandhi Road",Pune,Tamil Nadu,636325,"Aarav Joshi",9309076018,2023,D,6,"Chennai Institute of Technology",Active
1684,"Rahul Joshi",MECH,2,Female,2003-09-21,O-,9474545613,rahul1684@cit.edu.in,"76 Gandhi Road",Delhi,Maharashtra,624653,"Sanya Joshi",9690073700,2024,C,4,"Chennai Institute of Technology",Active
1685,"Pooja Rao",EEE,1,Male,2005-03-11,A-,9792266406,pooja1685@cit.edu.in,"71 Gandhi Road",Bengaluru,West Bengal,605175,"Varun Rao",9400766214,2025,B,2,"Chennai Institute of Technology",Active
1686,"Kavya Verma",IT,4,Male,2002-02-26,B+,9850103045,kavya1686@cit.edu.in,"10 Gandhi Road",Bengaluru,West Bengal,651999,"Karan Verma",9693835708,2022,D,8,"Chennai Institute of Technology",Active
1687,"Arjun Nair",ECE,3,Male,2004-10-16,O+,9721494668,arjun1687@cit.edu.in,"69 Gandhi Road",Mumbai,Telangana,684122,"Meera Nair",9943198188,2023,C,5,"Chennai Institute of Technology",Active
1688,"Varun Reddy",CIVIL,2,Male,2005-09-07,AB+,9279658734,varun1688@cit.edu.in,"71 Gandhi Road",Chennai,Maharashtra,662391,"Vikram Reddy",9245297358,2024,A,3,"Chennai Institute of Technology",Active
1689,"Priya Mehta",EEE,1,Female,2003-10-12,A-,9681082873,priya1689@cit.edu.in,"69 Gandhi Road",Delhi,Delhi,696307,"Rohan Mehta",9236371907,2025,B,2,"Chennai Institute of Technology",Active
1690,"Aditya Nair",ECE,3,Female,2002-09-16,O+,9416331333,aditya1690@cit.edu.in,"68 Gandhi Road",Mumbai,West Bengal,652340,"Rahul Nair",9601183101,2023,C,6,"Chennai Institute of Technology",Active
1691,"Rohan Nair",MECH,1,Female,2005-08-04,AB-,9850614997,rohan1691@cit.edu.in,"68 Gandhi Road",Delhi,Delhi,635447,"Vikram Nair",9265520256,2025,A,1,"Chennai Institute of Technology",Active
1692,"Kavya Reddy",EEE,2,Male,2002-03-22,O-,9085925044,kavya1692@cit.edu.in,"89 Gandhi Road",Delhi,West Bengal,691207,"Karan Reddy",9016862612,2024,D,4,"Chennai Institute of Technology",Active
1693,"Varun Gupta",MECH,4,Female,2002-03-27,A-,9522113501,varun1693@cit.edu.in,"15 Gandhi Road",Hyderabad,Maharashtra,642166,"Aditya Gupta",9831069791,2022,C,8,"Chennai Institute of Technology",Active
1694,"Rohan Verma",AIML,2,Female,2004-04-28,O-,9140103657,rohan1694@cit.edu.in,"62 Gandhi Road",Bengaluru,West Bengal,697520,"Karan Verma",9006251040,2024,A,3,"Chennai Institute of Technology",Active
1695,"Aarav Mehta",ECE,4,Male,2003-09-17,O-,9391914532,aarav1695@cit.edu.in,"68 Gandhi Road",Kolkata,Karnataka,649233,"Vikram Mehta",9168939555,2022,B,8,"Chennai Institute of Technology",Active
1696,"Ananya Joshi",CIVIL,3,Male,2005-04-19,O-,9061463437,ananya1696@cit.edu.in,"55 Gandhi Road",Mumbai,Karnataka,624790,"Neha Joshi",9828238157,2023,D,5,"Chennai Institute of Technology",Active
1697,"Vikram Sharma",AIML,3,Male,2004-05-21,AB-,9875715605,vikram1697@cit.edu.in,"11 Gandhi Road",Mumbai,Karnataka,677828,"Karan Sharma",9898649083,2023,A,6,"Chennai Institute of Technology",Active
1698,"Diya Verma",EEE,4,Male,2003-04-05,A-,9484257496,diya1698@cit.edu.in,"11 Gandhi Road",Hyderabad,Delhi,645099,"Karan Verma",9376562207,2022,C,8,"Chennai Institute of Technology",Active
1699,"Aditya Patel",CIVIL,2,Female,2004-02-19,O+,9166146196,aditya1699@cit.edu.in,"94 Gandhi Road",Hyderabad,Telangana,611574,"Kavya Patel",9867101797,2024,D,4,"Chennai Institute of Technology",Active
1700,"Ananya Mehta",CSE,2,Female,2003-12-03,AB-,9316864564,ananya1700@cit.edu.in,"13 Gandhi Road",Kolkata,Telangana,632922,"Arjun Mehta",9993860416,2024,B,3,"Chennai Institute of Technology",Active
1701,"Diya Reddy",ECE,2,Female,2002-05-05,B-,9633294279,diya1701@cit.edu.in,"20 Gandhi Road",Mumbai,Karnataka,636074,"Varun Reddy",9610889853,2024,D,3,"Chennai Institute of Technology",Active
1702,"Meera Sharma",AIDS,3,Male,2003-07-19,A+,9750128098,meera1702@cit.edu.in,"78 Gandhi Road",Kolkata,Maharashtra,660931,"Kavya Sharma",9534943753,2023,C,6,"Chennai Institute of Technology",Active
1703,"Neha Mehta",IT,1,Female,2006-01-12,AB-,9925826781,neha1703@cit.edu.in,"29 Gandhi Road",Mumbai,Tamil Nadu,675891,"Priya Mehta",9731396436,2025,C,1,"Chennai Institute of Technology",Active
1704,"Meera Patel",AIML,2,Female,2004-11-20,O-,9109060426,meera1704@cit.edu.in,"81 Gandhi Road",Bengaluru,Delhi,627528,"Aarav Patel",9056216636,2024,A,3,"Chennai Institute of Technology",Active
1705,"Aditya Nair",AIML,1,Female,2002-02-11,AB+,9978602059,aditya1705@cit.edu.in,"22 Gandhi Road",Hyderabad,West Bengal,670425,"Rahul Nair",9393943287,2025,C,2,"Chennai Institute of Technology",Active
1706,"Ananya Gupta",CSE,1,Female,2002-05-11,AB+,9367790441,ananya1706@cit.edu.in,"97 Gandhi Road",Delhi,Delhi,681475,"Meera Gupta",9600391415,2025,C,1,"Chennai Institute of Technology",Active
1707,"Pooja Reddy",MECH,2,Female,2003-09-17,O-,9258070169,pooja1707@cit.edu.in,"19 Gandhi Road",Kolkata,Telangana,629684,"Rohan Reddy",9807651612,2024,B,3,"Chennai Institute of Technology",Active
1708,"Diya Rao",AIML,2,Male,2004-02-03,AB+,9839599645,diya1708@cit.edu.in,"82 Gandhi Road",Pune,Maharashtra,690046,"Vikram Rao",9522953739,2024,B,4,"Chennai Institute of Technology",Active
1709,"Sanya Chopra",AIDS,3,Male,2003-03-28,B-,9384460015,sanya1709@cit.edu.in,"43 Gandhi Road",Bengaluru,West Bengal,664973,"Rohan Chopra",9844013469,2023,D,5,"Chennai Institute of Technology",Active
1710,"Vikram Mehta",ECE,1,Female,2005-10-22,A-,9424741478,vikram1710@cit.edu.in,"32 Gandhi Road",Bengaluru,Maharashtra,684150,"Rohan Mehta",9269504589,2025,C,1,"Chennai Institute of Technology",Active
1711,"Diya Mehta",AIDS,4,Female,2004-07-21,O-,9072213479,diya1711@cit.edu.in,"24 Gandhi Road",Mumbai,Tamil Nadu,609578,"Diya Mehta",9187357625,2022,C,8,"Chennai Institute of Technology",Active
1712,"Rohan Kumar",EEE,3,Female,2004-06-12,O+,9596297663,rohan1712@cit.edu.in,"55 Gandhi Road",Kolkata,Karnataka,657108,"Sanya Kumar",9347638832,2023,D,6,"Chennai Institute of Technology",Active
1713,"Rahul Reddy",AIML,1,Male,2005-04-14,O-,9706273157,rahul1713@cit.edu.in,"43 Gandhi Road",Hyderabad,Karnataka,621766,"Karan Reddy",9761065551,2025,C,1,"Chennai Institute of Technology",Active
1714,"Neha Reddy",MECH,1,Male,2006-06-28,B-,9441799616,neha1714@cit.edu.in,"22 Gandhi Road",Pune,Maharashtra,614499,"Arjun Reddy",9451483836,2025,C,1,"Chennai Institute of Technology",Active
1715,"Varun Gupta",MECH,1,Female,2005-03-26,O-,9172546454,varun1715@cit.edu.in,"61 Gandhi Road",Mumbai,West Bengal,644798,"Karan Gupta",9596100018,2025,D,2,"Chennai Institute of Technology",Active
1716,"Rohan Sharma",AIDS,4,Female,2005-02-23,AB+,9161662595,rohan1716@cit.edu.in,"69 Gandhi Road",Pune,Delhi,696316,"Diya Sharma",9766140502,2022,B,8,"Chennai Institute of Technology",Active
1717,"Diya Joshi",CSE,4,Male,2003-06-28,B-,9367075887,diya1717@cit.edu.in,"94 Gandhi Road",Hyderabad,Telangana,691214,"Ananya Joshi",9136950109,2022,B,7,"Chennai Institute of Technology",Active
1718,"Priya Reddy",IT,2,Male,2005-05-08,AB+,9726388151,priya1718@cit.edu.in,"13 Gandhi Road",Hyderabad,Maharashtra,610416,"Meera Reddy",9491074598,2024,C,3,"Chennai Institute of Technology",Active
1719,"Varun Mehta",AIDS,2,Male,2004-02-11,A+,9233752954,varun1719@cit.edu.in,"37 Gandhi Road",Kolkata,Karnataka,680503,"Rohan Mehta",9558332712,2024,A,4,"Chennai Institute of Technology",Active
1720,"Rohan Singh",IT,1,Female,2003-11-07,A+,9098181697,rohan1720@cit.edu.in,"57 Gandhi Road",Kolkata,West Bengal,660360,"Karan Singh",9036577318,2025,A,1,"Chennai Institute of Technology",Active
1721,"Kavya Gupta",CSE,4,Male,2004-06-13,B-,9847337444,kavya1721@cit.edu.in,"27 Gandhi Road",Bengaluru,West Bengal,675496,"Aarav Gupta",9897960570,2022,B,8,"Chennai Institute of Technology",Active
1722,"Arjun Kumar",MECH,3,Male,2002-01-07,O-,9756739475,arjun1722@cit.edu.in,"13 Gandhi Road",Pune,Karnataka,687552,"Pooja Kumar",9614010484,2023,C,5,"Chennai Institute of Technology",Active
1723,"Aarav Gupta",CSE,3,Female,2005-10-08,AB+,9654243572,aarav1723@cit.edu.in,"50 Gandhi Road",Hyderabad,Delhi,643853,"Rohan Gupta",9864277124,2023,D,5,"Chennai Institute of Technology",Active
1724,"Kavya Chopra",CSE,4,Male,2006-08-10,B-,9197191223,kavya1724@cit.edu.in,"23 Gandhi Road",Chennai,Maharashtra,685236,"Sanya Chopra",9092078704,2022,B,7,"Chennai Institute of Technology",Active
1725,"Sanya Sharma",IT,3,Female,2006-05-15,O-,9506826096,sanya1725@cit.edu.in,"22 Gandhi Road",Mumbai,Karnataka,696739,"Meera Sharma",9662518438,2023,B,6,"Chennai Institute of Technology",Active
1726,"Karan Gupta",CIVIL,3,Male,2005-10-03,AB-,9599719098,karan1726@cit.edu.in,"19 Gandhi Road",Bengaluru,Tamil Nadu,612746,"Pooja Gupta",9166219465,2023,B,5,"Chennai Institute of Technology",Active
1727,"Vikram Singh",EEE,4,Female,2002-09-08,A-,9045622887,vikram1727@cit.edu.in,"12 Gandhi Road",Pune,Delhi,656462,"Varun Singh",9144223964,2022,D,7,"Chennai Institute of Technology",Active
1728,"Karan Joshi",AIML,4,Female,2006-04-26,AB+,9120309190,karan1728@cit.edu.in,"76 Gandhi Road",Delhi,Telangana,648055,"Rahul Joshi",9001755153,2022,B,7,"Chennai Institute of Technology",Active
1729,"Pooja Rao",ECE,3,Male,2003-07-25,O+,9563369537,pooja1729@cit.edu.in,"81 Gandhi Road",Pune,Karnataka,629104,"Karan Rao",9984829144,2023,B,6,"Chennai Institute of Technology",Active
1730,"Diya Patel",ECE,4,Male,2005-07-23,A+,9148751513,diya1730@cit.edu.in,"51 Gandhi Road",Mumbai,West Bengal,606652,"Aarav Patel",9472305541,2022,C,8,"Chennai Institute of Technology",Active
1731,"Varun Rao",CSE,1,Female,2005-06-20,B-,9271144257,varun1731@cit.edu.in,"95 Gandhi Road",Hyderabad,Delhi,690364,"Aarav Rao",9452914006,2025,D,1,"Chennai Institute of Technology",Active
1732,"Kavya Patel",CIVIL,1,Female,2004-11-09,AB+,9642605789,kavya1732@cit.edu.in,"32 Gandhi Road",Delhi,Karnataka,608210,"Pooja Patel",9325174648,2025,B,1,"Chennai Institute of Technology",Active
1733,"Aarav Singh",AIDS,3,Female,2002-09-28,B+,9139070249,aarav1733@cit.edu.in,"97 Gandhi Road",Delhi,Karnataka,689407,"Arjun Singh",9105683481,2023,B,5,"Chennai Institute of Technology",Active
1734,"Varun Verma",CSE,2,Female,2003-01-06,O-,9398885010,varun1734@cit.edu.in,"67 Gandhi Road",Kolkata,West Bengal,602612,"Diya Verma",9374973788,2024,B,4,"Chennai Institute of Technology",Active
1735,"Meera Gupta",AIDS,3,Female,2002-05-06,B-,9856026615,meera1735@cit.edu.in,"88 Gandhi Road",Hyderabad,Telangana,656477,"Neha Gupta",9669746250,2023,C,5,"Chennai Institute of Technology",Active
1736,"Rohan Reddy",AIDS,3,Male,2004-04-24,O+,9315665774,rohan1736@cit.edu.in,"44 Gandhi Road",Delhi,Telangana,618379,"Sanya Reddy",9088590031,2023,C,5,"Chennai Institute of Technology",Active
1737,"Meera Gupta",MECH,4,Male,2002-12-19,AB-,9295817434,meera1737@cit.edu.in,"43 Gandhi Road",Pune,West Bengal,606146,"Karan Gupta",9019862351,2022,D,8,"Chennai Institute of Technology",Active
1738,"Arjun Nair",CIVIL,3,Male,2006-07-04,A+,9976591357,arjun1738@cit.edu.in,"59 Gandhi Road",Bengaluru,Tamil Nadu,611180,"Meera Nair",9370963800,2023,B,6,"Chennai Institute of Technology",Active
1739,"Sanya Sharma",CSE,4,Female,2003-08-15,O-,9417441289,sanya1739@cit.edu.in,"71 Gandhi Road",Bengaluru,Telangana,672265,"Pooja Sharma",9662429451,2022,C,7,"Chennai Institute of Technology",Active
1740,"Priya Gupta",EEE,1,Female,2005-03-23,O+,9006581334,priya1740@cit.edu.in,"21 Gandhi Road",Kolkata,Tamil Nadu,623071,"Sanya Gupta",9344299944,2025,D,1,"Chennai Institute of Technology",Active
1741,"Diya Nair",CIVIL,1,Male,2004-02-24,AB-,9146035253,diya1741@cit.edu.in,"53 Gandhi Road",Chennai,Telangana,697490,"Vikram Nair",9656442306,2025,A,1,"Chennai Institute of Technology",Active
1742,"Arjun Joshi",AIDS,3,Female,2006-01-08,B+,9603993934,arjun1742@cit.edu.in,"51 Gandhi Road",Bengaluru,Tamil Nadu,611958,"Karan Joshi",9363673763,2023,D,5,"Chennai Institute of Technology",Active
1743,"Vikram Nair",IT,4,Male,2003-11-24,A-,9110580169,vikram1743@cit.edu.in,"94 Gandhi Road",Delhi,Tamil Nadu,619461,"Aditya Nair",9366657639,2022,D,8,"Chennai Institute of Technology",Active
1744,"Aditya Patel",AIDS,3,Male,2006-01-01,O-,9713985934,aditya1744@cit.edu.in,"26 Gandhi Road",Kolkata,Karnataka,613797,"Meera Patel",9541579784,2023,A,5,"Chennai Institute of Technology",Active
1745,"Diya Nair",EEE,4,Male,2003-07-20,AB+,9555468490,diya1745@cit.edu.in,"64 Gandhi Road",Bengaluru,West Bengal,633282,"Diya Nair",9460132737,2022,B,7,"Chennai Institute of Technology",Active
1746,"Neha Verma",EEE,4,Male,2002-09-24,O-,9692092688,neha1746@cit.edu.in,"39 Gandhi Road",Kolkata,Karnataka,699700,"Rahul Verma",9295672300,2022,C,7,"Chennai Institute of Technology",Active
1747,"Kavya Mehta",MECH,2,Female,2004-01-26,A+,9614985707,kavya1747@cit.edu.in,"23 Gandhi Road",Delhi,West Bengal,630665,"Neha Mehta",9020867997,2024,A,3,"Chennai Institute of Technology",Active
1748,"Diya Chopra",AIDS,1,Female,2004-11-12,A+,9262252375,diya1748@cit.edu.in,"34 Gandhi Road",Pune,Maharashtra,637978,"Arjun Chopra",9246974872,2025,B,2,"Chennai Institute of Technology",Active
1749,"Kavya Reddy",AIDS,1,Female,2003-07-27,O+,9523192429,kavya1749@cit.edu.in,"77 Gandhi Road",Pune,Karnataka,677014,"Neha Reddy",9559251462,2025,D,2,"Chennai Institute of Technology",Active
1750,"Kavya Joshi",ECE,4,Female,2003-10-02,A+,9366308183,kavya1750@cit.edu.in,"80 Gandhi Road",Mumbai,Karnataka,654008,"Ananya Joshi",9350672779,2022,A,7,"Chennai Institute of Technology",Active
1751,"Rahul Singh",CSE,4,Female,2005-09-24,B+,9965405477,rahul1751@cit.edu.in,"26 Gandhi Road",Delhi,West Bengal,697020,"Rohan Singh",9845708406,2022,B,8,"Chennai Institute of Technology",Active
1752,"Kavya Chopra",AIML,1,Male,2002-04-21,O-,9213285677,kavya1752@cit.edu.in,"75 Gandhi Road",Bengaluru,Tamil Nadu,644692,"Rohan Chopra",9136200069,2025,B,2,"Chennai Institute of Technology",Active
1753,"Aditya Mehta",CSE,2,Male,2004-01-19,O-,9406436305,aditya1753@cit.edu.in,"84 Gandhi Road",Mumbai,Telangana,658255,"Aditya Mehta",9082781027,2024,A,3,"Chennai Institute of Technology",Active
1754,"Sanya Patel",CSE,2,Female,2004-08-26,A-,9817302945,sanya1754@cit.edu.in,"83 Gandhi Road",Bengaluru,West Bengal,655132,"Aditya Patel",9763969253,2024,B,4,"Chennai Institute of Technology",Active
1755,"Neha Patel",IT,2,Male,2005-04-18,B+,9766224357,neha1755@cit.edu.in,"71 Gandhi Road",Mumbai,Karnataka,643887,"Karan Patel",9470693738,2024,C,3,"Chennai Institute of Technology",Active
1756,"Karan Verma",IT,4,Female,2006-07-05,B+,9897402570,karan1756@cit.edu.in,"26 Gandhi Road",Chennai,West Bengal,602551,"Rahul Verma",9990667679,2022,B,7,"Chennai Institute of Technology",Active
1757,"Kavya Patel",IT,2,Male,2005-08-01,O+,9924283776,kavya1757@cit.edu.in,"98 Gandhi Road",Bengaluru,West Bengal,666567,"Meera Patel",9493719636,2024,C,3,"Chennai Institute of Technology",Active
1758,"Ananya Mehta",EEE,1,Female,2002-02-02,B+,9523435466,ananya1758@cit.edu.in,"91 Gandhi Road",Bengaluru,Telangana,669669,"Aditya Mehta",9678724055,2025,D,2,"Chennai Institute of Technology",Active
1759,"Priya Patel",MECH,1,Female,2005-06-12,B+,9665073277,priya1759@cit.edu.in,"94 Gandhi Road",Delhi,Maharashtra,678585,"Rahul Patel",9516752328,2025,B,2,"Chennai Institute of Technology",Active
1760,"Rohan Chopra",MECH,2,Male,2005-03-12,AB+,9846887865,rohan1760@cit.edu.in,"15 Gandhi Road",Hyderabad,Telangana,639590,"Kavya Chopra",9777987102,2024,D,4,"Chennai Institute of Technology",Active
1761,"Karan Reddy",AIML,3,Female,2004-06-27,O+,9428406181,karan1761@cit.edu.in,"26 Gandhi Road",Delhi,Maharashtra,659843,"Kavya Reddy",9196032399,2023,B,5,"Chennai Institute of Technology",Active
1762,"Karan Verma",EEE,2,Male,2004-08-19,O-,9879855008,karan1762@cit.edu.in,"43 Gandhi Road",Chennai,Delhi,688972,"Arjun Verma",9303790664,2024,B,3,"Chennai Institute of Technology",Active
1763,"Karan Rao",CSE,3,Female,2006-02-22,A-,9671844353,karan1763@cit.edu.in,"31 Gandhi Road",Chennai,West Bengal,682030,"Arjun Rao",9037873533,2023,A,6,"Chennai Institute of Technology",Active
1764,"Meera Verma",AIML,2,Female,2002-02-03,B-,9292634011,meera1764@cit.edu.in,"60 Gandhi Road",Bengaluru,West Bengal,629181,"Varun Verma",9926540007,2024,C,3,"Chennai Institute of Technology",Active
1765,"Karan Mehta",CSE,4,Female,2005-05-28,AB+,9454139469,karan1765@cit.edu.in,"88 Gandhi Road",Chennai,Tamil Nadu,694864,"Arjun Mehta",9199255810,2022,B,7,"Chennai Institute of Technology",Active
1766,"Meera Nair",AIDS,2,Female,2005-07-13,A+,9337900321,meera1766@cit.edu.in,"47 Gandhi Road",Mumbai,Karnataka,654263,"Rohan Nair",9777122151,2024,A,4,"Chennai Institute of Technology",Active
1767,"Priya Joshi",ECE,2,Female,2006-12-04,A+,9728264839,priya1767@cit.edu.in,"74 Gandhi Road",Hyderabad,Karnataka,657311,"Diya Joshi",9687667277,2024,B,3,"Chennai Institute of Technology",Active
1768,"Diya Nair",AIML,1,Female,2002-05-17,AB-,9743991903,diya1768@cit.edu.in,"61 Gandhi Road",Chennai,Telangana,676791,"Aditya Nair",9975777991,2025,C,1,"Chennai Institute of Technology",Active
1769,"Varun Patel",CIVIL,4,Male,2002-11-03,AB-,9334641575,varun1769@cit.edu.in,"60 Gandhi Road",Chennai,Karnataka,653080,"Aarav Patel",9857100056,2022,A,8,"Chennai Institute of Technology",Active
1770,"Varun Mehta",AIDS,1,Male,2002-06-23,B+,9512764608,varun1770@cit.edu.in,"26 Gandhi Road",Chennai,West Bengal,618071,"Aarav Mehta",9565346544,2025,C,2,"Chennai Institute of Technology",Active
1771,"Priya Chopra",IT,1,Male,2003-05-09,AB-,9513789288,priya1771@cit.edu.in,"79 Gandhi Road",Bengaluru,Delhi,648934,"Pooja Chopra",9825170198,2025,B,1,"Chennai Institute of Technology",Active
1772,"Sanya Rao",CSE,4,Male,2005-09-17,AB-,9207191689,sanya1772@cit.edu.in,"37 Gandhi Road",Bengaluru,West Bengal,604962,"Aarav Rao",9029537972,2022,D,8,"Chennai Institute of Technology",Active
1773,"Priya Singh",AIML,2,Male,2005-06-11,B-,9226688579,priya1773@cit.edu.in,"72 Gandhi Road",Hyderabad,West Bengal,631659,"Vikram Singh",9498521078,2024,B,4,"Chennai Institute of Technology",Active
1774,"Meera Chopra",ECE,4,Male,2006-06-12,O+,9625064038,meera1774@cit.edu.in,"62 Gandhi Road",Bengaluru,Tamil Nadu,657794,"Arjun Chopra",9590894299,2022,C,7,"Chennai Institute of Technology",Active
1775,"Rohan Kumar",ECE,1,Male,2006-01-18,O-,9879522065,rohan1775@cit.edu.in,"44 Gandhi Road",Delhi,Karnataka,674392,"Karan Kumar",9151548650,2025,C,1,"Chennai Institute of Technology",Active
1776,"Varun Rao",AIML,4,Female,2004-08-13,B+,9813401361,varun1776@cit.edu.in,"69 Gandhi Road",Mumbai,Telangana,606813,"Rahul Rao",9658378423,2022,B,8,"Chennai Institute of Technology",Active
1777,"Rohan Kumar",MECH,3,Male,2003-09-08,B+,9660052151,rohan1777@cit.edu.in,"81 Gandhi Road",Delhi,Maharashtra,602855,"Aditya Kumar",9986967359,2023,B,5,"Chennai Institute of Technology",Active
1778,"Varun Sharma",EEE,4,Male,2005-10-24,AB+,9526784599,varun1778@cit.edu.in,"13 Gandhi Road",Delhi,Maharashtra,631012,"Ananya Sharma",9927739196,2022,C,7,"Chennai Institute of Technology",Active
1779,"Neha Verma",ECE,2,Male,2005-01-03,O-,9186561810,neha1779@cit.edu.in,"91 Gandhi Road",Kolkata,Maharashtra,614367,"Karan Verma",9551767708,2024,A,4,"Chennai Institute of Technology",Active
1780,"Ananya Kumar",AIML,4,Female,2006-03-07,AB+,9661681958,ananya1780@cit.edu.in,"64 Gandhi Road",Chennai,Delhi,644163,"Diya Kumar",9337959942,2022,C,7,"Chennai Institute of Technology",Active
1781,"Aditya Patel",ECE,2,Female,2006-08-05,AB-,9672676300,aditya1781@cit.edu.in,"94 Gandhi Road",Bengaluru,Delhi,677304,"Ananya Patel",9829793577,2024,D,3,"Chennai Institute of Technology",Active
1782,"Sanya Chopra",CIVIL,2,Male,2004-08-09,O+,9980898875,sanya1782@cit.edu.in,"68 Gandhi Road",Delhi,West Bengal,668416,"Varun Chopra",9422463235,2024,D,3,"Chennai Institute of Technology",Active
1783,"Rohan Mehta",CIVIL,4,Female,2003-10-15,B+,9696986969,rohan1783@cit.edu.in,"19 Gandhi Road",Bengaluru,Karnataka,634262,"Ananya Mehta",9405660109,2022,A,7,"Chennai Institute of Technology",Active
1784,"Varun Patel",CSE,4,Male,2002-09-10,B+,9363312003,varun1784@cit.edu.in,"83 Gandhi Road",Pune,Tamil Nadu,605312,"Aditya Patel",9716309839,2022,A,8,"Chennai Institute of Technology",Active
1785,"Karan Chopra",AIML,1,Female,2006-02-19,AB-,9121590928,karan1785@cit.edu.in,"53 Gandhi Road",Delhi,Maharashtra,659416,"Karan Chopra",9297320644,2025,B,1,"Chennai Institute of Technology",Active
1786,"Diya Kumar",ECE,3,Male,2006-04-08,B+,9967492499,diya1786@cit.edu.in,"50 Gandhi Road",Pune,Telangana,672416,"Arjun Kumar",9999422922,2023,A,6,"Chennai Institute of Technology",Active
1787,"Aarav Chopra",IT,1,Female,2004-09-12,AB+,9767287206,aarav1787@cit.edu.in,"89 Gandhi Road",Chennai,Telangana,614211,"Vikram Chopra",9961559952,2025,D,1,"Chennai Institute of Technology",Active
1788,"Sanya Mehta",AIDS,3,Male,2006-05-24,O-,9903179002,sanya1788@cit.edu.in,"86 Gandhi Road",Mumbai,Delhi,688740,"Karan Mehta",9762622380,2023,D,6,"Chennai Institute of Technology",Active
1789,"Diya Chopra",MECH,3,Male,2006-03-07,A-,9640424223,diya1789@cit.edu.in,"47 Gandhi Road",Delhi,Maharashtra,651745,"Ananya Chopra",9504620067,2023,D,5,"Chennai Institute of Technology",Active
1790,"Ananya Kumar",EEE,4,Male,2005-01-16,O-,9282347319,ananya1790@cit.edu.in,"42 Gandhi Road",Bengaluru,West Bengal,617980,"Rahul Kumar",9633076226,2022,D,7,"Chennai Institute of Technology",Active
1791,"Arjun Verma",IT,4,Male,2003-11-14,A-,9520338816,arjun1791@cit.edu.in,"85 Gandhi Road",Bengaluru,Tamil Nadu,606513,"Diya Verma",9899405601,2022,B,7,"Chennai Institute of Technology",Active
1792,"Pooja Patel",CSE,4,Female,2003-04-05,AB+,9465762423,pooja1792@cit.edu.in,"29 Gandhi Road",Chennai,Delhi,621013,"Sanya Patel",9755616655,2022,A,7,"Chennai Institute of Technology",Active
1793,"Priya Chopra",CSE,4,Female,2003-07-22,AB+,9739096638,priya1793@cit.edu.in,"51 Gandhi Road",Bengaluru,Delhi,696675,"Arjun Chopra",9216460798,2022,C,8,"Chennai Institute of Technology",Active
1794,"Rahul Sharma",CIVIL,2,Female,2002-11-26,O+,9907937203,rahul1794@cit.edu.in,"85 Gandhi Road",Chennai,Maharashtra,633992,"Diya Sharma",9081859114,2024,B,4,"Chennai Institute of Technology",Active
1795,"Ananya Chopra",AIDS,4,Male,2002-06-07,O-,9935068508,ananya1795@cit.edu.in,"40 Gandhi Road",Hyderabad,Maharashtra,666808,"Rahul Chopra",9740039830,2022,A,7,"Chennai Institute of Technology",Active
1796,"Aarav Reddy",IT,4,Female,2005-02-20,B-,9908226036,aarav1796@cit.edu.in,"53 Gandhi Road",Chennai,Tamil Nadu,661467,"Priya Reddy",9331415058,2022,B,7,"Chennai Institute of Technology",Active
1797,"Priya Kumar",CIVIL,3,Male,2003-07-10,O+,9100744941,priya1797@cit.edu.in,"94 Gandhi Road",Kolkata,West Bengal,648793,"Aarav Kumar",9571724698,2023,B,6,"Chennai Institute of Technology",Active
1798,"Aarav Chopra",EEE,3,Female,2003-04-22,O+,9799779581,aarav1798@cit.edu.in,"20 Gandhi Road",Hyderabad,Delhi,610540,"Rahul Chopra",9315544653,2023,A,5,"Chennai Institute of Technology",Active
1799,"Karan Reddy",AIML,3,Male,2006-10-21,O+,9056421198,karan1799@cit.edu.in,"63 Gandhi Road",Bengaluru,Telangana,666475,"Priya Reddy",9540477760,2023,D,6,"Chennai Institute of Technology",Active
1800,"Rohan Gupta",ECE,3,Female,2005-03-15,O-,9421218198,rohan1800@cit.edu.in,"93 Gandhi Road",Delhi,Telangana,644358,"Diya Gupta",9187922990,2023,C,6,"Chennai Institute of Technology",Active
1801,"Rohan Nair",AIDS,1,Female,2002-10-08,O+,9518634497,rohan1801@cit.edu.in,"93 Gandhi Road",Hyderabad,Tamil Nadu,612633,"Vikram Nair",9130349590,2025,A,1,"Chennai Institute of Technology",Active
1802,"Aarav Mehta",MECH,1,Female,2005-09-19,AB+,9073589105,aarav1802@cit.edu.in,"38 Gandhi Road",Bengaluru,Karnataka,629987,"Kavya Mehta",9625245685,2025,B,1,"Chennai Institute of Technology",Active
1803,"Pooja Chopra",AIML,3,Male,2005-06-03,O-,9724612904,pooja1803@cit.edu.in,"26 Gandhi Road",Kolkata,Maharashtra,657732,"Diya Chopra",9246193142,2023,A,5,"Chennai Institute of Technology",Active
1804,"Meera Rao",IT,3,Male,2006-04-16,B-,9026112700,meera1804@cit.edu.in,"55 Gandhi Road",Bengaluru,Maharashtra,630564,"Pooja Rao",9026630014,2023,B,5,"Chennai Institute of Technology",Active
1805,"Arjun Kumar",AIML,1,Male,2004-07-07,AB+,9309650197,arjun1805@cit.edu.in,"63 Gandhi Road",Kolkata,Telangana,637978,"Neha Kumar",9411370690,2025,A,2,"Chennai Institute of Technology",Active
1806,"Sanya Mehta",AIDS,3,Male,2003-05-10,A-,9488179327,sanya1806@cit.edu.in,"43 Gandhi Road",Delhi,Delhi,619699,"Aarav Mehta",9956937487,2023,A,5,"Chennai Institute of Technology",Active
1807,"Rahul Chopra",EEE,1,Male,2005-04-28,B+,9637940002,rahul1807@cit.edu.in,"75 Gandhi Road",Bengaluru,Telangana,657320,"Pooja Chopra",9302791920,2025,C,1,"Chennai Institute of Technology",Active
1808,"Aarav Reddy",IT,4,Male,2002-06-18,O+,9648377600,aarav1808@cit.edu.in,"32 Gandhi Road",Pune,Telangana,676958,"Karan Reddy",9840849659,2022,A,7,"Chennai Institute of Technology",Active
1809,"Varun Reddy",EEE,4,Male,2004-11-19,A+,9864221023,varun1809@cit.edu.in,"70 Gandhi Road",Chennai,Telangana,678490,"Rahul Reddy",9145465965,2022,C,8,"Chennai Institute of Technology",Active
1810,"Neha Kumar",MECH,3,Male,2006-02-18,A+,9206246901,neha1810@cit.edu.in,"64 Gandhi Road",Hyderabad,Karnataka,657393,"Karan Kumar",9177185883,2023,D,6,"Chennai Institute of Technology",Active
1811,"Aarav Sharma",EEE,1,Female,2006-02-11,B-,9006858137,aarav1811@cit.edu.in,"56 Gandhi Road",Chennai,Delhi,675353,"Kavya Sharma",9659056739,2025,B,2,"Chennai Institute of Technology",Active
1812,"Karan Gupta",CSE,1,Male,2004-03-09,A+,9806919925,karan1812@cit.edu.in,"51 Gandhi Road",Pune,Tamil Nadu,674744,"Aditya Gupta",9424825320,2025,A,1,"Chennai Institute of Technology",Active
1813,"Rahul Patel",EEE,4,Male,2003-10-27,AB-,9224782544,rahul1813@cit.edu.in,"17 Gandhi Road",Kolkata,Delhi,634663,"Aditya Patel",9751358581,2022,D,7,"Chennai Institute of Technology",Active
1814,"Vikram Patel",AIDS,4,Female,2006-12-21,B+,9942717346,vikram1814@cit.edu.in,"39 Gandhi Road",Kolkata,Karnataka,608990,"Varun Patel",9360118486,2022,A,7,"Chennai Institute of Technology",Active
1815,"Rohan Kumar",AIML,3,Female,2002-10-25,O-,9042564122,rohan1815@cit.edu.in,"16 Gandhi Road",Delhi,West Bengal,632028,"Meera Kumar",9436447337,2023,C,6,"Chennai Institute of Technology",Active
1816,"Karan Rao",IT,1,Male,2004-10-07,A-,9531421381,karan1816@cit.edu.in,"95 Gandhi Road",Hyderabad,Telangana,629609,"Meera Rao",9437922972,2025,D,1,"Chennai Institute of Technology",Active
1817,"Karan Rao",CSE,2,Female,2004-04-21,O-,9918369214,karan1817@cit.edu.in,"72 Gandhi Road",Delhi,Delhi,696966,"Karan Rao",9450016403,2024,D,3,"Chennai Institute of Technology",Active
1818,"Ananya Kumar",CSE,3,Female,2002-03-11,A+,9689647093,ananya1818@cit.edu.in,"44 Gandhi Road",Kolkata,Telangana,634174,"Sanya Kumar",9234949163,2023,C,5,"Chennai Institute of Technology",Active
1819,"Kavya Patel",EEE,2,Male,2006-05-12,B+,9437698569,kavya1819@cit.edu.in,"97 Gandhi Road",Kolkata,Tamil Nadu,623544,"Diya Patel",9461730851,2024,A,3,"Chennai Institute of Technology",Active
1820,"Sanya Chopra",EEE,1,Male,2004-11-12,O+,9878024039,sanya1820@cit.edu.in,"33 Gandhi Road",Hyderabad,Delhi,680341,"Meera Chopra",9823882846,2025,C,2,"Chennai Institute of Technology",Active
1821,"Vikram Singh",ECE,1,Male,2006-04-27,A+,9261993392,vikram1821@cit.edu.in,"77 Gandhi Road",Mumbai,Telangana,671431,"Rahul Singh",9152807330,2025,B,2,"Chennai Institute of Technology",Active
1822,"Aarav Joshi",EEE,2,Male,2002-10-25,A-,9587533117,aarav1822@cit.edu.in,"92 Gandhi Road",Bengaluru,Karnataka,645311,"Vikram Joshi",9338764494,2024,C,4,"Chennai Institute of Technology",Active
1823,"Aarav Kumar",MECH,1,Female,2003-12-09,O-,9275754148,aarav1823@cit.edu.in,"40 Gandhi Road",Bengaluru,West Bengal,697511,"Rohan Kumar",9120375473,2025,C,2,"Chennai Institute of Technology",Active
1824,"Karan Singh",EEE,2,Male,2006-06-24,O+,9545710854,karan1824@cit.edu.in,"69 Gandhi Road",Delhi,Delhi,642456,"Sanya Singh",9130428290,2024,D,4,"Chennai Institute of Technology",Active
1825,"Rahul Singh",CSE,3,Female,2006-07-28,O-,9079448807,rahul1825@cit.edu.in,"76 Gandhi Road",Bengaluru,West Bengal,619618,"Karan Singh",9875941841,2023,B,5,"Chennai Institute of Technology",Active
1826,"Varun Patel",MECH,3,Female,2006-11-16,AB+,9383025863,varun1826@cit.edu.in,"30 Gandhi Road",Hyderabad,West Bengal,682613,"Priya Patel",9516770567,2023,C,5,"Chennai Institute of Technology",Active
1827,"Priya Sharma",EEE,3,Male,2002-01-25,B-,9068584535,priya1827@cit.edu.in,"54 Gandhi Road",Chennai,Telangana,606753,"Varun Sharma",9558922191,2023,B,5,"Chennai Institute of Technology",Active
1828,"Pooja Joshi",CSE,4,Male,2002-12-09,O+,9289152033,pooja1828@cit.edu.in,"44 Gandhi Road",Chennai,Tamil Nadu,683844,"Arjun Joshi",9055159984,2022,D,8,"Chennai Institute of Technology",Active
1829,"Meera Mehta",EEE,4,Male,2003-09-25,O+,9607396146,meera1829@cit.edu.in,"40 Gandhi Road",Chennai,Delhi,689910,"Aarav Mehta",9543342524,2022,D,8,"Chennai Institute of Technology",Active
1830,"Meera Nair",IT,4,Female,2006-11-02,B-,9524591874,meera1830@cit.edu.in,"77 Gandhi Road",Kolkata,Delhi,615585,"Ananya Nair",9939651682,2022,B,7,"Chennai Institute of Technology",Active
1831,"Rahul Rao",AIDS,4,Male,2002-05-06,AB+,9305555273,rahul1831@cit.edu.in,"16 Gandhi Road",Chennai,Delhi,617212,"Priya Rao",9768619852,2022,D,8,"Chennai Institute of Technology",Active
1832,"Karan Singh",ECE,3,Male,2002-06-04,A+,9885128183,karan1832@cit.edu.in,"59 Gandhi Road",Pune,Karnataka,642778,"Sanya Singh",9340343704,2023,B,5,"Chennai Institute of Technology",Active
1833,"Pooja Chopra",CSE,4,Male,2002-12-26,O-,9316379488,pooja1833@cit.edu.in,"70 Gandhi Road",Bengaluru,West Bengal,641568,"Aditya Chopra",9294789844,2022,C,8,"Chennai Institute of Technology",Active
1834,"Pooja Reddy",CSE,2,Female,2004-01-09,O+,9557329454,pooja1834@cit.edu.in,"89 Gandhi Road",Hyderabad,Telangana,611893,"Rahul Reddy",9943669314,2024,D,4,"Chennai Institute of Technology",Active
1835,"Diya Kumar",MECH,4,Male,2004-12-12,O+,9121626205,diya1835@cit.edu.in,"19 Gandhi Road",Mumbai,Tamil Nadu,615660,"Diya Kumar",9808563494,2022,B,8,"Chennai Institute of Technology",Active
1836,"Rahul Sharma",MECH,4,Male,2006-02-11,A+,9735062449,rahul1836@cit.edu.in,"80 Gandhi Road",Hyderabad,Karnataka,625662,"Rahul Sharma",9393799172,2022,C,8,"Chennai Institute of Technology",Active
1837,"Sanya Joshi",EEE,4,Male,2004-06-15,AB-,9591442857,sanya1837@cit.edu.in,"70 Gandhi Road",Hyderabad,Karnataka,668909,"Rohan Joshi",9716636406,2022,D,7,"Chennai Institute of Technology",Active
1838,"Diya Singh",CIVIL,1,Female,2002-11-04,O+,9642239580,diya1838@cit.edu.in,"31 Gandhi Road",Chennai,Tamil Nadu,631246,"Diya Singh",9749539895,2025,C,1,"Chennai Institute of Technology",Active
1839,"Neha Verma",MECH,3,Male,2003-11-01,O-,9126812274,neha1839@cit.edu.in,"96 Gandhi Road",Kolkata,Karnataka,621881,"Ananya Verma",9037685321,2023,B,6,"Chennai Institute of Technology",Active
1840,"Neha Verma",ECE,1,Female,2003-09-10,O-,9408792048,neha1840@cit.edu.in,"57 Gandhi Road",Hyderabad,Maharashtra,639580,"Rohan Verma",9365767720,2025,B,2,"Chennai Institute of Technology",Active
1841,"Arjun Rao",CSE,2,Male,2006-04-08,B+,9872760394,arjun1841@cit.edu.in,"99 Gandhi Road",Pune,Tamil Nadu,667679,"Pooja Rao",9110016009,2024,D,4,"Chennai Institute of Technology",Active
1842,"Kavya Joshi",ECE,2,Male,2005-07-11,O-,9380218804,kavya1842@cit.edu.in,"64 Gandhi Road",Bengaluru,Maharashtra,694061,"Sanya Joshi",9285303424,2024,D,3,"Chennai Institute of Technology",Active
1843,"Arjun Mehta",CIVIL,3,Male,2006-09-08,AB+,9209898075,arjun1843@cit.edu.in,"27 Gandhi Road",Hyderabad,Karnataka,658264,"Pooja Mehta",9437471669,2023,C,5,"Chennai Institute of Technology",Active
1844,"Aditya Mehta",IT,4,Female,2003-08-27,O-,9236709828,aditya1844@cit.edu.in,"38 Gandhi Road",Kolkata,Tamil Nadu,652938,"Aditya Mehta",9871906579,2022,D,8,"Chennai Institute of Technology",Active
1845,"Diya Verma",ECE,4,Male,2002-03-28,O-,9361270581,diya1845@cit.edu.in,"28 Gandhi Road",Pune,Maharashtra,667664,"Neha Verma",9873149645,2022,A,8,"Chennai Institute of Technology",Active
1846,"Pooja Mehta",AIDS,2,Male,2006-09-07,A-,9535987007,pooja1846@cit.edu.in,"60 Gandhi Road",Kolkata,West Bengal,655259,"Sanya Mehta",9663547367,2024,D,4,"Chennai Institute of Technology",Active
1847,"Sanya Verma",AIDS,2,Male,2004-03-02,AB+,9278836535,sanya1847@cit.edu.in,"29 Gandhi Road",Pune,West Bengal,688702,"Arjun Verma",9937289394,2024,A,4,"Chennai Institute of Technology",Active
1848,"Priya Mehta",AIDS,4,Female,2004-07-06,O+,9862127113,priya1848@cit.edu.in,"69 Gandhi Road",Pune,West Bengal,627095,"Pooja Mehta",9173360406,2022,C,7,"Chennai Institute of Technology",Active
1849,"Aarav Chopra",CIVIL,3,Female,2005-05-08,B-,9555292248,aarav1849@cit.edu.in,"10 Gandhi Road",Chennai,Karnataka,646080,"Ananya Chopra",9237710550,2023,A,6,"Chennai Institute of Technology",Active
1850,"Arjun Patel",AIML,4,Male,2002-04-27,AB+,9034352367,arjun1850@cit.edu.in,"96 Gandhi Road",Kolkata,Karnataka,687194,"Diya Patel",9639293299,2022,B,7,"Chennai Institute of Technology",Active
1851,"Karan Joshi",MECH,3,Female,2005-10-20,O-,9066759754,karan1851@cit.edu.in,"11 Gandhi Road",Kolkata,Telangana,603031,"Neha Joshi",9098217352,2023,C,5,"Chennai Institute of Technology",Active
1852,"Ananya Sharma",CSE,4,Male,2006-12-26,B-,9476916459,ananya1852@cit.edu.in,"68 Gandhi Road",Bengaluru,Karnataka,625045,"Sanya Sharma",9281425216,2022,A,7,"Chennai Institute of Technology",Active
1853,"Neha Nair",EEE,1,Female,2002-03-19,O+,9712740151,neha1853@cit.edu.in,"42 Gandhi Road",Mumbai,Maharashtra,604104,"Meera Nair",9457606271,2025,C,2,"Chennai Institute of Technology",Active
1854,"Pooja Patel",EEE,1,Female,2005-01-24,AB+,9702886914,pooja1854@cit.edu.in,"57 Gandhi Road",Chennai,Delhi,614967,"Aarav Patel",9562564884,2025,B,2,"Chennai Institute of Technology",Active
1855,"Aditya Nair",EEE,3,Female,2002-10-08,O+,9367191869,aditya1855@cit.edu.in,"81 Gandhi Road",Chennai,Telangana,680675,"Rohan Nair",9190904867,2023,A,5,"Chennai Institute of Technology",Active
1856,"Neha Chopra",IT,3,Male,2003-09-05,AB-,9781121516,neha1856@cit.edu.in,"73 Gandhi Road",Hyderabad,Telangana,635622,"Rahul Chopra",9831326137,2023,A,5,"Chennai Institute of Technology",Active
1857,"Kavya Chopra",EEE,4,Male,2002-06-21,B+,9305190326,kavya1857@cit.edu.in,"90 Gandhi Road",Bengaluru,Delhi,651749,"Arjun Chopra",9293587525,2022,D,8,"Chennai Institute of Technology",Active
1858,"Rahul Sharma",MECH,3,Male,2003-04-20,O-,9378681527,rahul1858@cit.edu.in,"48 Gandhi Road",Chennai,Delhi,662469,"Sanya Sharma",9901107254,2023,B,5,"Chennai Institute of Technology",Active
1859,"Diya Sharma",MECH,4,Male,2002-12-04,B+,9144172939,diya1859@cit.edu.in,"12 Gandhi Road",Chennai,West Bengal,699623,"Priya Sharma",9732072249,2022,C,8,"Chennai Institute of Technology",Active
1860,"Arjun Nair",AIDS,1,Male,2002-09-18,A+,9231074761,arjun1860@cit.edu.in,"75 Gandhi Road",Bengaluru,Karnataka,686936,"Kavya Nair",9318552619,2025,D,2,"Chennai Institute of Technology",Active
1861,"Vikram Rao",CSE,3,Female,2002-11-08,B-,9193683227,vikram1861@cit.edu.in,"85 Gandhi Road",Chennai,Tamil Nadu,659920,"Ananya Rao",9420956164,2023,B,6,"Chennai Institute of Technology",Active
1862,"Arjun Gupta",ECE,4,Female,2002-09-14,A-,9212436375,arjun1862@cit.edu.in,"26 Gandhi Road",Kolkata,Telangana,612964,"Priya Gupta",9218533576,2022,D,7,"Chennai Institute of Technology",Active
1863,"Meera Chopra",EEE,3,Male,2003-08-06,A+,9324659418,meera1863@cit.edu.in,"17 Gandhi Road",Kolkata,Telangana,642497,"Priya Chopra",9338607320,2023,C,6,"Chennai Institute of Technology",Active
1864,"Neha Rao",IT,1,Female,2006-09-04,O-,9646740318,neha1864@cit.edu.in,"81 Gandhi Road",Mumbai,Tamil Nadu,600453,"Karan Rao",9635225953,2025,B,2,"Chennai Institute of Technology",Active
1865,"Priya Nair",ECE,3,Female,2005-07-01,A+,9468912776,priya1865@cit.edu.in,"76 Gandhi Road",Kolkata,West Bengal,629159,"Varun Nair",9906896075,2023,D,6,"Chennai Institute of Technology",Active
1866,"Meera Mehta",EEE,2,Male,2003-07-25,B-,9963696100,meera1866@cit.edu.in,"50 Gandhi Road",Bengaluru,Karnataka,645002,"Varun Mehta",9563443488,2024,B,4,"Chennai Institute of Technology",Active
1867,"Neha Patel",AIML,1,Female,2005-11-21,B+,9634846087,neha1867@cit.edu.in,"70 Gandhi Road",Pune,Tamil Nadu,633354,"Kavya Patel",9207584714,2025,B,1,"Chennai Institute of Technology",Active
1868,"Sanya Nair",EEE,2,Male,2004-10-07,B-,9453273136,sanya1868@cit.edu.in,"89 Gandhi Road",Bengaluru,West Bengal,604958,"Aarav Nair",9298152211,2024,D,4,"Chennai Institute of Technology",Active
1869,"Pooja Chopra",AIML,2,Male,2004-02-27,B-,9523489985,pooja1869@cit.edu.in,"72 Gandhi Road",Pune,Delhi,640571,"Aditya Chopra",9898744677,2024,B,3,"Chennai Institute of Technology",Active
1870,"Ananya Chopra",CSE,3,Female,2005-04-17,AB-,9869631861,ananya1870@cit.edu.in,"88 Gandhi Road",Kolkata,Delhi,656623,"Vikram Chopra",9571399353,2023,B,5,"Chennai Institute of Technology",Active
1871,"Meera Singh",ECE,3,Female,2005-09-03,B-,9274700668,meera1871@cit.edu.in,"60 Gandhi Road",Chennai,Tamil Nadu,625445,"Vikram Singh",9364557114,2023,D,5,"Chennai Institute of Technology",Active
1872,"Neha Nair",IT,2,Female,2005-10-17,A+,9317617630,neha1872@cit.edu.in,"21 Gandhi Road",Delhi,Tamil Nadu,629523,"Ananya Nair",9760649793,2024,A,4,"Chennai Institute of Technology",Active
1873,"Aditya Kumar",EEE,4,Male,2004-06-20,O-,9211209131,aditya1873@cit.edu.in,"11 Gandhi Road",Kolkata,Maharashtra,664289,"Kavya Kumar",9437795523,2022,D,7,"Chennai Institute of Technology",Active
1874,"Ananya Sharma",AIDS,4,Female,2005-11-02,B+,9157913493,ananya1874@cit.edu.in,"21 Gandhi Road",Chennai,Delhi,678930,"Karan Sharma",9073071060,2022,B,8,"Chennai Institute of Technology",Active
1875,"Varun Mehta",CSE,4,Male,2006-06-14,AB+,9318562051,varun1875@cit.edu.in,"31 Gandhi Road",Mumbai,Telangana,672457,"Rohan Mehta",9448392160,2022,B,8,"Chennai Institute of Technology",Active
1876,"Meera Nair",IT,3,Male,2002-04-01,A-,9773451780,meera1876@cit.edu.in,"48 Gandhi Road",Kolkata,West Bengal,627496,"Aarav Nair",9968703842,2023,B,5,"Chennai Institute of Technology",Active
1877,"Rahul Rao",AIML,4,Male,2002-03-24,O-,9435766400,rahul1877@cit.edu.in,"71 Gandhi Road",Mumbai,Delhi,643782,"Priya Rao",9890656885,2022,B,8,"Chennai Institute of Technology",Active
1878,"Karan Joshi",IT,4,Female,2006-02-18,A+,9506221388,karan1878@cit.edu.in,"58 Gandhi Road",Chennai,Tamil Nadu,602946,"Aarav Joshi",9223141453,2022,B,8,"Chennai Institute of Technology",Active
1879,"Meera Gupta",IT,2,Male,2006-08-09,O+,9631092936,meera1879@cit.edu.in,"60 Gandhi Road",Mumbai,Maharashtra,667081,"Neha Gupta",9006586413,2024,B,3,"Chennai Institute of Technology",Active
1880,"Rohan Mehta",EEE,2,Male,2005-10-27,A+,9159998191,rohan1880@cit.edu.in,"32 Gandhi Road",Pune,West Bengal,659406,"Aditya Mehta",9922541876,2024,D,3,"Chennai Institute of Technology",Active
1881,"Neha Chopra",IT,1,Female,2003-04-15,B+,9946597291,neha1881@cit.edu.in,"65 Gandhi Road",Mumbai,Maharashtra,609632,"Ananya Chopra",9753873101,2025,C,1,"Chennai Institute of Technology",Active
1882,"Aditya Nair",CSE,2,Female,2003-06-20,O+,9241673899,aditya1882@cit.edu.in,"53 Gandhi Road",Delhi,Tamil Nadu,658413,"Varun Nair",9276797786,2024,A,3,"Chennai Institute of Technology",Active
1883,"Pooja Mehta",CSE,3,Female,2005-07-09,O-,9477426375,pooja1883@cit.edu.in,"56 Gandhi Road",Delhi,Karnataka,664091,"Varun Mehta",9974841137,2023,C,5,"Chennai Institute of Technology",Active
1884,"Diya Patel",CSE,1,Female,2005-08-23,B-,9501524838,diya1884@cit.edu.in,"18 Gandhi Road",Hyderabad,West Bengal,682806,"Arjun Patel",9022072755,2025,D,2,"Chennai Institute of Technology",Active
1885,"Aditya Singh",CSE,4,Female,2006-03-13,AB-,9062873927,aditya1885@cit.edu.in,"21 Gandhi Road",Hyderabad,Delhi,693921,"Meera Singh",9640882919,2022,D,7,"Chennai Institute of Technology",Active
1886,"Sanya Rao",AIDS,2,Male,2002-03-04,O+,9936259652,sanya1886@cit.edu.in,"18 Gandhi Road",Pune,Telangana,691424,"Meera Rao",9460244365,2024,A,4,"Chennai Institute of Technology",Active
1887,"Sanya Sharma",EEE,2,Female,2005-09-06,A-,9844522186,sanya1887@cit.edu.in,"61 Gandhi Road",Hyderabad,Maharashtra,698623,"Ananya Sharma",9278339685,2024,B,3,"Chennai Institute of Technology",Active
1888,"Priya Singh",IT,4,Male,2003-01-27,A-,9804137429,priya1888@cit.edu.in,"51 Gandhi Road",Kolkata,Karnataka,680332,"Pooja Singh",9226689750,2022,C,7,"Chennai Institute of Technology",Active
1889,"Ananya Kumar",AIDS,4,Female,2003-11-24,AB-,9387151713,ananya1889@cit.edu.in,"29 Gandhi Road",Hyderabad,Tamil Nadu,639295,"Priya Kumar",9861011945,2022,A,8,"Chennai Institute of Technology",Active
1890,"Priya Singh",IT,4,Male,2002-08-02,O-,9226595179,priya1890@cit.edu.in,"45 Gandhi Road",Mumbai,West Bengal,698349,"Rohan Singh",9069229583,2022,C,7,"Chennai Institute of Technology",Active
1891,"Karan Sharma",EEE,2,Male,2004-07-02,AB+,9227875505,karan1891@cit.edu.in,"32 Gandhi Road",Delhi,Maharashtra,695698,"Rahul Sharma",9743843052,2024,D,4,"Chennai Institute of Technology",Active
1892,"Pooja Gupta",AIML,4,Female,2005-03-22,A-,9640380041,pooja1892@cit.edu.in,"30 Gandhi Road",Mumbai,Delhi,603311,"Neha Gupta",9530275789,2022,A,7,"Chennai Institute of Technology",Active
1893,"Rahul Singh",MECH,1,Female,2004-03-20,B-,9890586681,rahul1893@cit.edu.in,"40 Gandhi Road",Bengaluru,Maharashtra,691186,"Meera Singh",9306643011,2025,C,2,"Chennai Institute of Technology",Active
1894,"Ananya Rao",MECH,1,Female,2006-09-05,B+,9141247094,ananya1894@cit.edu.in,"68 Gandhi Road",Mumbai,Karnataka,609354,"Diya Rao",9914378215,2025,B,2,"Chennai Institute of Technology",Active
1895,"Rohan Mehta",AIML,3,Female,2006-03-03,A+,9881218221,rohan1895@cit.edu.in,"32 Gandhi Road",Delhi,Delhi,674487,"Diya Mehta",9733538004,2023,B,5,"Chennai Institute of Technology",Active
1896,"Sanya Singh",AIDS,2,Male,2006-09-11,A-,9108805104,sanya1896@cit.edu.in,"54 Gandhi Road",Mumbai,Telangana,614799,"Varun Singh",9375940672,2024,C,3,"Chennai Institute of Technology",Active
1897,"Aditya Reddy",ECE,3,Female,2006-09-01,A+,9064109696,aditya1897@cit.edu.in,"35 Gandhi Road",Chennai,Tamil Nadu,650318,"Rohan Reddy",9301789425,2023,D,5,"Chennai Institute of Technology",Active
1898,"Rahul Gupta",ECE,4,Male,2002-03-18,O+,9446413053,rahul1898@cit.edu.in,"62 Gandhi Road",Chennai,West Bengal,678878,"Aditya Gupta",9296825650,2022,C,8,"Chennai Institute of Technology",Active
1899,"Diya Verma",IT,4,Male,2002-10-08,O+,9115993684,diya1899@cit.edu.in,"59 Gandhi Road",Pune,Delhi,691988,"Rohan Verma",9590861226,2022,D,8,"Chennai Institute of Technology",Active
1900,"Pooja Rao",AIDS,3,Male,2002-04-13,AB-,9996344724,pooja1900@cit.edu.in,"70 Gandhi Road",Pune,West Bengal,623986,"Aarav Rao",9189102909,2023,D,5,"Chennai Institute of Technology",Active
1901,"Aditya Mehta",IT,2,Female,2002-09-26,O-,9212337334,aditya1901@cit.edu.in,"67 Gandhi Road",Bengaluru,West Bengal,657019,"Kavya Mehta",9819895906,2024,D,4,"Chennai Institute of Technology",Active
1902,"Sanya Joshi",IT,2,Female,2002-04-02,O-,9959804009,sanya1902@cit.edu.in,"63 Gandhi Road",Pune,Karnataka,639479,"Meera Joshi",9916341049,2024,D,3,"Chennai Institute of Technology",Active
1903,"Pooja Nair",EEE,3,Male,2006-08-09,A+,9980043690,pooja1903@cit.edu.in,"37 Gandhi Road",Chennai,Karnataka,681110,"Rohan Nair",9428630083,2023,A,5,"Chennai Institute of Technology",Active
1904,"Rahul Nair",CIVIL,1,Male,2003-09-06,AB+,9696721040,rahul1904@cit.edu.in,"65 Gandhi Road",Pune,West Bengal,626695,"Ananya Nair",9242787621,2025,A,2,"Chennai Institute of Technology",Active
1905,"Priya Patel",AIML,3,Female,2003-03-11,B-,9955205351,priya1905@cit.edu.in,"31 Gandhi Road",Delhi,Maharashtra,601808,"Aditya Patel",9239303974,2023,A,6,"Chennai Institute of Technology",Active
1906,"Neha Kumar",MECH,2,Male,2006-06-17,B+,9039541259,neha1906@cit.edu.in,"65 Gandhi Road",Mumbai,Karnataka,689809,"Meera Kumar",9473543120,2024,C,4,"Chennai Institute of Technology",Active
1907,"Aarav Rao",IT,1,Female,2005-08-20,A-,9877648085,aarav1907@cit.edu.in,"54 Gandhi Road",Pune,Tamil Nadu,618915,"Rohan Rao",9239546667,2025,B,2,"Chennai Institute of Technology",Active
1908,"Karan Singh",AIML,2,Male,2004-09-01,B-,9282876250,karan1908@cit.edu.in,"44 Gandhi Road",Hyderabad,Tamil Nadu,640980,"Arjun Singh",9612157513,2024,B,4,"Chennai Institute of Technology",Active
1909,"Meera Kumar",AIML,4,Male,2003-09-28,O+,9171029930,meera1909@cit.edu.in,"12 Gandhi Road",Hyderabad,Tamil Nadu,623010,"Aditya Kumar",9157244725,2022,D,7,"Chennai Institute of Technology",Active
1910,"Neha Kumar",MECH,3,Male,2002-10-25,O-,9398735929,neha1910@cit.edu.in,"15 Gandhi Road",Bengaluru,Telangana,656321,"Neha Kumar",9321052254,2023,B,5,"Chennai Institute of Technology",Active
1911,"Kavya Mehta",EEE,1,Female,2005-02-06,O-,9601898768,kavya1911@cit.edu.in,"49 Gandhi Road",Pune,West Bengal,658836,"Sanya Mehta",9104760934,2025,C,2,"Chennai Institute of Technology",Active
1912,"Aarav Reddy",CSE,2,Female,2002-01-03,O-,9456319764,aarav1912@cit.edu.in,"59 Gandhi Road",Delhi,Maharashtra,609362,"Arjun Reddy",9509417151,2024,A,4,"Chennai Institute of Technology",Active
1913,"Rohan Mehta",IT,4,Male,2003-09-07,B+,9533929662,rohan1913@cit.edu.in,"78 Gandhi Road",Mumbai,Telangana,619893,"Neha Mehta",9509962104,2022,D,7,"Chennai Institute of Technology",Active
1914,"Arjun Chopra",CIVIL,3,Male,2004-05-20,B+,9181554505,arjun1914@cit.edu.in,"73 Gandhi Road",Bengaluru,West Bengal,629838,"Kavya Chopra",9775867084,2023,A,5,"Chennai Institute of Technology",Active
1915,"Diya Gupta",EEE,1,Male,2002-04-19,AB+,9950341741,diya1915@cit.edu.in,"65 Gandhi Road",Hyderabad,Delhi,666603,"Sanya Gupta",9206410467,2025,B,2,"Chennai Institute of Technology",Active
1916,"Aarav Chopra",CIVIL,4,Female,2004-11-02,AB+,9751301629,aarav1916@cit.edu.in,"64 Gandhi Road",Bengaluru,Karnataka,644876,"Meera Chopra",9159718390,2022,D,7,"Chennai Institute of Technology",Active
1917,"Varun Nair",CSE,4,Male,2003-10-16,A+,9474033632,varun1917@cit.edu.in,"30 Gandhi Road",Bengaluru,Delhi,623784,"Aarav Nair",9445601712,2022,C,7,"Chennai Institute of Technology",Active
1918,"Arjun Reddy",CIVIL,4,Male,2003-03-17,O+,9124260238,arjun1918@cit.edu.in,"79 Gandhi Road",Kolkata,West Bengal,650021,"Sanya Reddy",9609997685,2022,C,8,"Chennai Institute of Technology",Active
1919,"Kavya Rao",EEE,2,Male,2002-01-14,O+,9294273358,kavya1919@cit.edu.in,"63 Gandhi Road",Mumbai,Delhi,610071,"Pooja Rao",9901614250,2024,B,3,"Chennai Institute of Technology",Active
1920,"Neha Sharma",IT,1,Male,2003-04-10,O+,9557389968,neha1920@cit.edu.in,"91 Gandhi Road",Delhi,Tamil Nadu,694392,"Ananya Sharma",9276418477,2025,D,1,"Chennai Institute of Technology",Active
1921,"Diya Singh",ECE,2,Male,2003-05-17,O+,9431378884,diya1921@cit.edu.in,"64 Gandhi Road",Chennai,Karnataka,667155,"Aditya Singh",9190523636,2024,A,3,"Chennai Institute of Technology",Active
1922,"Aditya Patel",ECE,2,Female,2006-01-15,B-,9447601754,aditya1922@cit.edu.in,"92 Gandhi Road",Mumbai,Tamil Nadu,636513,"Priya Patel",9501361991,2024,B,3,"Chennai Institute of Technology",Active
1923,"Ananya Verma",IT,4,Male,2006-03-02,B+,9736178312,ananya1923@cit.edu.in,"74 Gandhi Road",Bengaluru,Maharashtra,692724,"Rohan Verma",9655794885,2022,B,7,"Chennai Institute of Technology",Active
1924,"Sanya Chopra",ECE,1,Male,2005-05-23,O+,9045553850,sanya1924@cit.edu.in,"43 Gandhi Road",Pune,Delhi,616089,"Sanya Chopra",9358181877,2025,A,2,"Chennai Institute of Technology",Active
1925,"Meera Nair",EEE,4,Male,2003-11-28,O+,9948628891,meera1925@cit.edu.in,"78 Gandhi Road",Hyderabad,Delhi,674591,"Vikram Nair",9834034879,2022,B,8,"Chennai Institute of Technology",Active
1926,"Neha Chopra",AIML,1,Female,2006-01-23,O-,9070325191,neha1926@cit.edu.in,"20 Gandhi Road",Kolkata,Delhi,681073,"Meera Chopra",9778107616,2025,C,2,"Chennai Institute of Technology",Active
1927,"Aditya Sharma",AIML,3,Female,2003-09-09,O+,9225982813,aditya1927@cit.edu.in,"79 Gandhi Road",Chennai,Telangana,638344,"Sanya Sharma",9910284268,2023,D,6,"Chennai Institute of Technology",Active
1928,"Karan Reddy",ECE,4,Female,2004-05-17,B+,9583589838,karan1928@cit.edu.in,"70 Gandhi Road",Chennai,Karnataka,630665,"Aarav Reddy",9876302514,2022,A,8,"Chennai Institute of Technology",Active
1929,"Varun Rao",ECE,4,Male,2006-05-14,A+,9302358858,varun1929@cit.edu.in,"18 Gandhi Road",Hyderabad,West Bengal,604469,"Priya Rao",9492692054,2022,B,8,"Chennai Institute of Technology",Active
1930,"Arjun Sharma",AIML,1,Female,2002-02-15,A+,9153970029,arjun1930@cit.edu.in,"90 Gandhi Road",Pune,Tamil Nadu,613454,"Aditya Sharma",9710431546,2025,C,1,"Chennai Institute of Technology",Active
1931,"Pooja Sharma",MECH,4,Male,2002-08-23,A+,9951426529,pooja1931@cit.edu.in,"54 Gandhi Road",Hyderabad,Delhi,680811,"Aditya Sharma",9462273601,2022,B,8,"Chennai Institute of Technology",Active
1932,"Varun Joshi",AIML,2,Male,2003-06-10,A+,9788438462,varun1932@cit.edu.in,"58 Gandhi Road",Chennai,Telangana,644218,"Diya Joshi",9263576257,2024,B,3,"Chennai Institute of Technology",Active
1933,"Rahul Gupta",IT,2,Male,2004-03-19,B-,9632970661,rahul1933@cit.edu.in,"38 Gandhi Road",Delhi,Maharashtra,647353,"Pooja Gupta",9464534022,2024,A,4,"Chennai Institute of Technology",Active
1934,"Sanya Kumar",CSE,3,Male,2006-03-21,B-,9925487274,sanya1934@cit.edu.in,"91 Gandhi Road",Hyderabad,Delhi,633689,"Ananya Kumar",9329202920,2023,B,6,"Chennai Institute of Technology",Active
1935,"Kavya Gupta",CIVIL,4,Female,2003-11-05,B-,9381738812,kavya1935@cit.edu.in,"15 Gandhi Road",Kolkata,West Bengal,680230,"Pooja Gupta",9980097020,2022,D,7,"Chennai Institute of Technology",Active
1936,"Rahul Rao",IT,2,Female,2005-02-04,B-,9078258491,rahul1936@cit.edu.in,"26 Gandhi Road",Hyderabad,Tamil Nadu,656759,"Varun Rao",9647119353,2024,D,4,"Chennai Institute of Technology",Active
1937,"Arjun Gupta",AIDS,1,Male,2002-05-19,AB-,9026591849,arjun1937@cit.edu.in,"83 Gandhi Road",Pune,Maharashtra,624022,"Priya Gupta",9210961575,2025,A,1,"Chennai Institute of Technology",Active
1938,"Kavya Mehta",MECH,1,Male,2006-08-05,O-,9169707349,kavya1938@cit.edu.in,"16 Gandhi Road",Bengaluru,Delhi,646403,"Arjun Mehta",9999063297,2025,B,2,"Chennai Institute of Technology",Active
1939,"Meera Verma",AIDS,1,Male,2003-06-06,AB+,9200766857,meera1939@cit.edu.in,"30 Gandhi Road",Chennai,Telangana,611289,"Vikram Verma",9570858646,2025,D,2,"Chennai Institute of Technology",Active
1940,"Sanya Patel",ECE,2,Female,2002-11-13,AB+,9055072432,sanya1940@cit.edu.in,"70 Gandhi Road",Kolkata,West Bengal,664553,"Rahul Patel",9872384322,2024,C,4,"Chennai Institute of Technology",Active
1941,"Aarav Chopra",IT,4,Female,2003-06-13,A+,9659410335,aarav1941@cit.edu.in,"34 Gandhi Road",Mumbai,Delhi,627131,"Arjun Chopra",9685100728,2022,A,7,"Chennai Institute of Technology",Active
1942,"Sanya Nair",CIVIL,3,Male,2004-08-22,O+,9642746378,sanya1942@cit.edu.in,"81 Gandhi Road",Chennai,West Bengal,694353,"Neha Nair",9128345351,2023,D,5,"Chennai Institute of Technology",Active
1943,"Aditya Singh",ECE,3,Female,2003-09-23,B+,9654334737,aditya1943@cit.edu.in,"55 Gandhi Road",Kolkata,Karnataka,636656,"Ananya Singh",9668467579,2023,D,5,"Chennai Institute of Technology",Active
1944,"Priya Sharma",CSE,3,Female,2006-11-12,O-,9531857006,priya1944@cit.edu.in,"75 Gandhi Road",Hyderabad,Delhi,645090,"Rohan Sharma",9417061953,2023,D,5,"Chennai Institute of Technology",Active
1945,"Vikram Chopra",IT,4,Female,2006-08-07,B-,9511141526,vikram1945@cit.edu.in,"92 Gandhi Road",Kolkata,Telangana,644150,"Rahul Chopra",9437010277,2022,A,7,"Chennai Institute of Technology",Active
1946,"Neha Rao",IT,4,Female,2002-03-05,AB-,9361095142,neha1946@cit.edu.in,"89 Gandhi Road",Chennai,Maharashtra,677344,"Rahul Rao",9816548075,2022,D,8,"Chennai Institute of Technology",Active
1947,"Diya Patel",IT,1,Male,2006-12-03,A+,9296873840,diya1947@cit.edu.in,"17 Gandhi Road",Pune,Telangana,699445,"Kavya Patel",9906262465,2025,B,1,"Chennai Institute of Technology",Active
1948,"Rohan Reddy",ECE,2,Male,2002-10-25,O+,9368559546,rohan1948@cit.edu.in,"99 Gandhi Road",Delhi,Maharashtra,615356,"Vikram Reddy",9781384334,2024,B,3,"Chennai Institute of Technology",Active
1949,"Sanya Mehta",AIML,4,Male,2004-10-17,B+,9623435332,sanya1949@cit.edu.in,"16 Gandhi Road",Hyderabad,Maharashtra,615537,"Varun Mehta",9552561008,2022,D,7,"Chennai Institute of Technology",Active
1950,"Rohan Gupta",IT,4,Female,2003-04-26,O-,9046197860,rohan1950@cit.edu.in,"27 Gandhi Road",Delhi,Karnataka,670510,"Pooja Gupta",9244146907,2022,C,7,"Chennai Institute of Technology",Active
1951,"Sanya Singh",AIML,4,Male,2002-07-23,O-,9273459864,sanya1951@cit.edu.in,"61 Gandhi Road",Chennai,Maharashtra,687164,"Ananya Singh",9366308833,2022,B,8,"Chennai Institute of Technology",Active
1952,"Diya Nair",MECH,4,Female,2003-11-09,A+,9538832660,diya1952@cit.edu.in,"22 Gandhi Road",Bengaluru,Tamil Nadu,680736,"Karan Nair",9170782581,2022,B,8,"Chennai Institute of Technology",Active
1953,"Kavya Sharma",CIVIL,2,Male,2003-03-13,A+,9846299882,kavya1953@cit.edu.in,"87 Gandhi Road",Pune,Telangana,631258,"Pooja Sharma",9670770715,2024,A,3,"Chennai Institute of Technology",Active
1954,"Karan Verma",AIDS,2,Female,2004-12-20,AB+,9550188250,karan1954@cit.edu.in,"83 Gandhi Road",Mumbai,Karnataka,640771,"Ananya Verma",9799979729,2024,C,3,"Chennai Institute of Technology",Active
1955,"Sanya Reddy",AIDS,4,Male,2005-10-08,AB+,9028583272,sanya1955@cit.edu.in,"88 Gandhi Road",Mumbai,Maharashtra,624915,"Rahul Reddy",9009224694,2022,B,7,"Chennai Institute of Technology",Active
1956,"Pooja Singh",CIVIL,4,Male,2003-08-16,A+,9587703157,pooja1956@cit.edu.in,"56 Gandhi Road",Mumbai,Karnataka,602943,"Aditya Singh",9151927860,2022,B,7,"Chennai Institute of Technology",Active
1957,"Varun Singh",MECH,4,Male,2006-11-18,AB-,9810740585,varun1957@cit.edu.in,"30 Gandhi Road",Pune,West Bengal,672160,"Diya Singh",9572494275,2022,B,7,"Chennai Institute of Technology",Active
1958,"Arjun Verma",EEE,3,Male,2004-04-28,B+,9976031964,arjun1958@cit.edu.in,"72 Gandhi Road",Chennai,Telangana,602799,"Ananya Verma",9480711593,2023,B,5,"Chennai Institute of Technology",Active
1959,"Aarav Kumar",AIDS,4,Female,2004-03-10,AB-,9159935998,aarav1959@cit.edu.in,"33 Gandhi Road",Delhi,Maharashtra,615839,"Rohan Kumar",9450448937,2022,C,7,"Chennai Institute of Technology",Active
1960,"Vikram Sharma",AIML,4,Female,2006-08-23,A-,9553749051,vikram1960@cit.edu.in,"31 Gandhi Road",Bengaluru,West Bengal,637999,"Sanya Sharma",9125241487,2022,D,8,"Chennai Institute of Technology",Active
1961,"Priya Mehta",CSE,2,Male,2002-10-06,B-,9961239137,priya1961@cit.edu.in,"21 Gandhi Road",Kolkata,Tamil Nadu,633282,"Kavya Mehta",9982431720,2024,B,3,"Chennai Institute of Technology",Active
1962,"Arjun Sharma",MECH,1,Female,2006-03-20,A-,9881293661,arjun1962@cit.edu.in,"82 Gandhi Road",Chennai,Tamil Nadu,674370,"Aarav Sharma",9596333622,2025,C,1,"Chennai Institute of Technology",Active
1963,"Rohan Chopra",CIVIL,1,Female,2004-04-14,B-,9169138199,rohan1963@cit.edu.in,"54 Gandhi Road",Hyderabad,Karnataka,622835,"Aarav Chopra",9798974256,2025,B,2,"Chennai Institute of Technology",Active
1964,"Aarav Patel",CIVIL,1,Female,2006-08-07,B-,9865747307,aarav1964@cit.edu.in,"60 Gandhi Road",Mumbai,Maharashtra,676688,"Aarav Patel",9085699693,2025,C,1,"Chennai Institute of Technology",Active
1965,"Priya Reddy",AIDS,2,Male,2004-12-20,A+,9299175755,priya1965@cit.edu.in,"45 Gandhi Road",Hyderabad,Telangana,648322,"Sanya Reddy",9017433224,2024,A,3,"Chennai Institute of Technology",Active
1966,"Diya Verma",AIML,3,Female,2002-03-08,AB-,9183264071,diya1966@cit.edu.in,"78 Gandhi Road",Hyderabad,West Bengal,674889,"Meera Verma",9210273614,2023,D,6,"Chennai Institute of Technology",Active
1967,"Pooja Kumar",CSE,4,Male,2003-10-09,AB+,9254892227,pooja1967@cit.edu.in,"92 Gandhi Road",Chennai,West Bengal,681294,"Varun Kumar",9766033110,2022,B,8,"Chennai Institute of Technology",Active
1968,"Meera Mehta",CIVIL,1,Female,2006-01-07,A-,9377880663,meera1968@cit.edu.in,"46 Gandhi Road",Bengaluru,Delhi,696931,"Sanya Mehta",9261943758,2025,B,2,"Chennai Institute of Technology",Active
1969,"Neha Verma",AIML,3,Male,2005-02-01,AB+,9918949360,neha1969@cit.edu.in,"38 Gandhi Road",Kolkata,Maharashtra,677501,"Aditya Verma",9893960971,2023,B,5,"Chennai Institute of Technology",Active
1970,"Rohan Chopra",CSE,4,Male,2002-11-20,AB-,9502763102,rohan1970@cit.edu.in,"68 Gandhi Road",Delhi,Delhi,619929,"Diya Chopra",9421152514,2022,C,8,"Chennai Institute of Technology",Active
1971,"Karan Singh",CSE,1,Male,2002-01-27,O+,9011180836,karan1971@cit.edu.in,"27 Gandhi Road",Pune,West Bengal,672581,"Kavya Singh",9607815019,2025,B,1,"Chennai Institute of Technology",Active
1972,"Karan Kumar",MECH,2,Male,2002-11-05,O+,9483188357,karan1972@cit.edu.in,"29 Gandhi Road",Pune,Karnataka,621845,"Diya Kumar",9828294640,2024,C,3,"Chennai Institute of Technology",Active
1973,"Aarav Rao",ECE,2,Female,2004-05-04,A+,9868587486,aarav1973@cit.edu.in,"20 Gandhi Road",Hyderabad,Delhi,673403,"Vikram Rao",9656917622,2024,B,3,"Chennai Institute of Technology",Active
1974,"Aarav Nair",IT,3,Female,2004-06-08,O+,9126714233,aarav1974@cit.edu.in,"39 Gandhi Road",Pune,Maharashtra,622861,"Meera Nair",9022801423,2023,D,5,"Chennai Institute of Technology",Active
1975,"Vikram Singh",CSE,3,Male,2003-02-15,AB+,9531572032,vikram1975@cit.edu.in,"91 Gandhi Road",Delhi,Tamil Nadu,691264,"Arjun Singh",9642795381,2023,C,5,"Chennai Institute of Technology",Active
1976,"Arjun Mehta",EEE,4,Female,2002-01-01,A-,9454825645,arjun1976@cit.edu.in,"55 Gandhi Road",Delhi,West Bengal,662035,"Kavya Mehta",9573418076,2022,B,7,"Chennai Institute of Technology",Active
1977,"Priya Verma",MECH,3,Female,2005-09-19,AB-,9028486817,priya1977@cit.edu.in,"81 Gandhi Road",Kolkata,West Bengal,679848,"Arjun Verma",9363214500,2023,D,6,"Chennai Institute of Technology",Active
1978,"Neha Chopra",CSE,3,Female,2006-07-13,AB+,9673901248,neha1978@cit.edu.in,"15 Gandhi Road",Kolkata,Karnataka,640432,"Aditya Chopra",9066452249,2023,D,6,"Chennai Institute of Technology",Active
1979,"Varun Reddy",ECE,2,Male,2004-10-04,B-,9302686269,varun1979@cit.edu.in,"51 Gandhi Road",Delhi,Delhi,668133,"Diya Reddy",9118912760,2024,D,4,"Chennai Institute of Technology",Active
1980,"Aditya Kumar",AIML,1,Female,2002-04-02,B+,9491192568,aditya1980@cit.edu.in,"17 Gandhi Road",Hyderabad,Delhi,608316,"Ananya Kumar",9526951459,2025,A,1,"Chennai Institute of Technology",Active
1981,"Rohan Kumar",AIML,1,Male,2003-01-02,AB+,9614524426,rohan1981@cit.edu.in,"92 Gandhi Road",Delhi,Delhi,639389,"Aarav Kumar",9365732748,2025,C,1,"Chennai Institute of Technology",Active
1982,"Neha Nair",EEE,2,Female,2002-03-27,O+,9755404269,neha1982@cit.edu.in,"56 Gandhi Road",Mumbai,Maharashtra,679395,"Neha Nair",9488386031,2024,A,3,"Chennai Institute of Technology",Active
1983,"Aarav Sharma",AIDS,4,Female,2005-07-26,A-,9662748333,aarav1983@cit.edu.in,"66 Gandhi Road",Delhi,West Bengal,605956,"Aditya Sharma",9352704360,2022,A,7,"Chennai Institute of Technology",Active
1984,"Kavya Patel",AIDS,3,Female,2004-06-08,AB+,9291283353,kavya1984@cit.edu.in,"22 Gandhi Road",Pune,Delhi,665240,"Karan Patel",9762374365,2023,B,6,"Chennai Institute of Technology",Active
1985,"Kavya Kumar",ECE,4,Female,2006-08-16,A-,9120018274,kavya1985@cit.edu.in,"12 Gandhi Road",Hyderabad,West Bengal,678313,"Aditya Kumar",9252500511,2022,D,8,"Chennai Institute of Technology",Active
1986,"Priya Singh",EEE,3,Male,2005-07-15,O+,9571968593,priya1986@cit.edu.in,"71 Gandhi Road",Hyderabad,Maharashtra,689340,"Rohan Singh",9893517439,2023,B,5,"Chennai Institute of Technology",Active
1987,"Diya Reddy",CSE,2,Female,2003-04-28,A+,9634958237,diya1987@cit.edu.in,"54 Gandhi Road",Delhi,Telangana,694975,"Meera Reddy",9643577450,2024,D,3,"Chennai Institute of Technology",Active
1988,"Meera Kumar",CIVIL,1,Male,2003-04-28,B+,9197094943,meera1988@cit.edu.in,"36 Gandhi Road",Mumbai,Karnataka,600061,"Varun Kumar",9010346477,2025,D,1,"Chennai Institute of Technology",Active
1989,"Sanya Gupta",ECE,1,Male,2004-02-12,O-,9410322964,sanya1989@cit.edu.in,"90 Gandhi Road",Hyderabad,Tamil Nadu,607250,"Arjun Gupta",9242017427,2025,A,1,"Chennai Institute of Technology",Active
1990,"Vikram Sharma",MECH,3,Male,2006-10-05,A-,9086991334,vikram1990@cit.edu.in,"26 Gandhi Road",Kolkata,West Bengal,628349,"Rohan Sharma",9660341347,2023,A,5,"Chennai Institute of Technology",Active
1991,"Sanya Verma",AIDS,3,Male,2006-01-02,O-,9843885392,sanya1991@cit.edu.in,"43 Gandhi Road",Kolkata,Telangana,680970,"Ananya Verma",9654975570,2023,C,6,"Chennai Institute of Technology",Active
1992,"Meera Gupta",EEE,4,Male,2004-03-20,O+,9418005126,meera1992@cit.edu.in,"56 Gandhi Road",Kolkata,West Bengal,685718,"Priya Gupta",9070657597,2022,B,8,"Chennai Institute of Technology",Active
1993,"Kavya Reddy",IT,2,Female,2004-12-12,B+,9934517109,kavya1993@cit.edu.in,"92 Gandhi Road",Chennai,West Bengal,678253,"Ananya Reddy",9592014606,2024,B,3,"Chennai Institute of Technology",Active
1994,"Sanya Patel",AIML,3,Female,2004-04-13,O-,9209001255,sanya1994@cit.edu.in,"18 Gandhi Road",Kolkata,West Bengal,657943,"Vikram Patel",9228917500,2023,D,5,"Chennai Institute of Technology",Active
1995,"Kavya Rao",AIML,3,Female,2003-08-28,O+,9676087821,kavya1995@cit.edu.in,"94 Gandhi Road",Kolkata,West Bengal,678216,"Vikram Rao",9361213051,2023,B,5,"Chennai Institute of Technology",Active
1996,"Arjun Nair",EEE,1,Male,2004-05-08,A-,9890127656,arjun1996@cit.edu.in,"44 Gandhi Road",Chennai,Karnataka,664209,"Aarav Nair",9025132778,2025,A,1,"Chennai Institute of Technology",Active
1997,"Meera Verma",IT,2,Female,2004-06-02,AB-,9047745096,meera1997@cit.edu.in,"81 Gandhi Road",Hyderabad,Telangana,698435,"Kavya Verma",9309138416,2024,C,3,"Chennai Institute of Technology",Active
1998,"Rahul Reddy",EEE,3,Male,2005-09-10,B-,9955723548,rahul1998@cit.edu.in,"43 Gandhi Road",Kolkata,West Bengal,695018,"Rahul Reddy",9003544290,2023,D,5,"Chennai Institute of Technology",Active
1999,"Meera Joshi",AIML,1,Male,2003-06-16,A+,9671898616,meera1999@cit.edu.in,"36 Gandhi Road",Mumbai,Tamil Nadu,638855,"Priya Joshi",9094710718,2025,C,2,"Chennai Institute of Technology",Active
2000,"Vikram Nair",AIDS,2,Male,2005-07-16,O-,9970248361,vikram2000@cit.edu.in,"82 Gandhi Road",Hyderabad,Karnataka,621443,"Meera Nair",9000300963,2024,B,4,"Chennai Institute of Technology",Active
2001,"Rahul Reddy",EEE,4,Male,2003-05-28,A+,9494443157,rahul2001@cit.edu.in,"98 Gandhi Road",Kolkata,Delhi,610583,"Neha Reddy",9545745624,2022,C,8,"Chennai Institute of Technology",Active
2002,"Aarav Rao",CIVIL,4,Male,2006-01-03,B+,9901090515,aarav2002@cit.edu.in,"35 Gandhi Road",Mumbai,Karnataka,609760,"Kavya Rao",9269894201,2022,A,8,"Chennai Institute of Technology",Active
2003,"Diya Kumar",AIDS,2,Male,2003-09-06,A+,9285656617,diya2003@cit.edu.in,"84 Gandhi Road",Hyderabad,Karnataka,677351,"Priya Kumar",9150999538,2024,C,3,"Chennai Institute of Technology",Active
2004,"Rohan Chopra",CIVIL,2,Female,2004-11-25,A+,9137197771,rohan2004@cit.edu.in,"90 Gandhi Road",Chennai,Tamil Nadu,639149,"Priya Chopra",9942906451,2024,C,4,"Chennai Institute of Technology",Active
2005,"Priya Sharma",CSE,4,Male,2002-06-10,O+,9833857226,priya2005@cit.edu.in,"16 Gandhi Road",Kolkata,West Bengal,679050,"Karan Sharma",9532927617,2022,A,8,"Chennai Institute of Technology",Active
2006,"Neha Kumar",IT,4,Male,2002-02-23,A-,9710593143,neha2006@cit.edu.in,"76 Gandhi Road",Mumbai,Delhi,661746,"Aarav Kumar",9903489202,2022,D,7,"Chennai Institute of Technology",Active
2007,"Vikram Gupta",CIVIL,1,Female,2003-06-21,B+,9133082768,vikram2007@cit.edu.in,"40 Gandhi Road",Mumbai,Telangana,646721,"Vikram Gupta",9325977326,2025,A,1,"Chennai Institute of Technology",Active
2008,"Aarav Gupta",EEE,2,Male,2005-08-18,B+,9584864252,aarav2008@cit.edu.in,"65 Gandhi Road",Mumbai,West Bengal,654911,"Aditya Gupta",9287776999,2024,D,4,"Chennai Institute of Technology",Active
2009,"Aditya Patel",MECH,1,Female,2004-10-10,A+,9225316143,aditya2009@cit.edu.in,"47 Gandhi Road",Chennai,West Bengal,659309,"Sanya Patel",9230015346,2025,D,1,"Chennai Institute of Technology",Active
2010,"Karan Patel",CSE,2,Female,2002-02-01,AB-,9429003425,karan2010@cit.edu.in,"46 Gandhi Road",Chennai,Tamil Nadu,671712,"Meera Patel",9647278102,2024,A,4,"Chennai Institute of Technology",Active
2011,"Rohan Mehta",CSE,2,Female,2004-09-13,AB+,9003291629,rohan2011@cit.edu.in,"67 Gandhi Road",Pune,Delhi,668659,"Rahul Mehta",9492081774,2024,A,4,"Chennai Institute of Technology",Active
2012,"Karan Gupta",ECE,2,Female,2005-10-02,A+,9079320685,karan2012@cit.edu.in,"50 Gandhi Road",Chennai,Telangana,642955,"Rahul Gupta",9148213301,2024,C,3,"Chennai Institute of Technology",Active
2013,"Kavya Sharma",MECH,2,Male,2006-12-14,O+,9769896690,kavya2013@cit.edu.in,"17 Gandhi Road",Chennai,Maharashtra,638662,"Varun Sharma",9294966860,2024,B,3,"Chennai Institute of Technology",Active
2014,"Karan Gupta",CIVIL,2,Female,2002-11-12,AB+,9646433706,karan2014@cit.edu.in,"48 Gandhi Road",Mumbai,Delhi,687813,"Meera Gupta",9204201325,2024,B,3,"Chennai Institute of Technology",Active
2015,"Diya Reddy",ECE,4,Male,2005-10-19,O+,9966900665,diya2015@cit.edu.in,"46 Gandhi Road",Hyderabad,Delhi,671442,"Meera Reddy",9890616679,2022,A,7,"Chennai Institute of Technology",Active
2016,"Aditya Joshi",MECH,3,Male,2004-04-04,AB+,9066981359,aditya2016@cit.edu.in,"91 Gandhi Road",Kolkata,Karnataka,659640,"Varun Joshi",9903939284,2023,D,6,"Chennai Institute of Technology",Active
2017,"Arjun Patel",CSE,4,Female,2006-04-20,A+,9720145510,arjun2017@cit.edu.in,"39 Gandhi Road",Hyderabad,Karnataka,600192,"Vikram Patel",9353741142,2022,C,8,"Chennai Institute of Technology",Active
2018,"Ananya Gupta",AIDS,1,Female,2002-07-06,AB+,9427716235,ananya2018@cit.edu.in,"97 Gandhi Road",Delhi,Maharashtra,677151,"Karan Gupta",9436875161,2025,C,1,"Chennai Institute of Technology",Active
2019,"Rahul Verma",ECE,3,Female,2003-03-02,B-,9126117833,rahul2019@cit.edu.in,"53 Gandhi Road",Hyderabad,Tamil Nadu,633556,"Vikram Verma",9503644263,2023,D,5,"Chennai Institute of Technology",Active
2020,"Ananya Mehta",AIML,3,Male,2004-02-12,AB-,9700501128,ananya2020@cit.edu.in,"21 Gandhi Road",Delhi,Telangana,610926,"Aarav Mehta",9205877570,2023,A,6,"Chennai Institute of Technology",Active
2021,"Varun Mehta",AIDS,2,Female,2002-12-04,O+,9307435502,varun2021@cit.edu.in,"10 Gandhi Road",Bengaluru,West Bengal,650404,"Aditya Mehta",9930412839,2024,B,3,"Chennai Institute of Technology",Active
2022,"Kavya Singh",AIML,3,Male,2005-01-20,B-,9719707741,kavya2022@cit.edu.in,"38 Gandhi Road",Mumbai,Delhi,635501,"Arjun Singh",9287475469,2023,B,6,"Chennai Institute of Technology",Active
2023,"Aditya Sharma",MECH,4,Male,2006-12-24,A+,9869619551,aditya2023@cit.edu.in,"54 Gandhi Road",Pune,Maharashtra,679752,"Aditya Sharma",9986462369,2022,B,7,"Chennai Institute of Technology",Active
2024,"Aarav Sharma",CIVIL,1,Male,2005-01-05,A+,9217155698,aarav2024@cit.edu.in,"40 Gandhi Road",Hyderabad,Telangana,654353,"Vikram Sharma",9650089827,2025,A,1,"Chennai Institute of Technology",Active
2025,"Rahul Sharma",EEE,1,Female,2002-05-17,B-,9687546663,rahul2025@cit.edu.in,"38 Gandhi Road",Chennai,West Bengal,667111,"Ananya Sharma",9375336591,2025,B,1,"Chennai Institute of Technology",Active
2026,"Rahul Kumar",CIVIL,2,Male,2006-02-09,O+,9335575262,rahul2026@cit.edu.in,"87 Gandhi Road",Bengaluru,Telangana,635556,"Ananya Kumar",9098207504,2024,C,4,"Chennai Institute of Technology",Active
2027,"Diya Gupta",AIDS,3,Female,2003-10-27,B+,9351787948,diya2027@cit.edu.in,"29 Gandhi Road",Chennai,Maharashtra,676802,"Sanya Gupta",9799781815,2023,D,5,"Chennai Institute of Technology",Active
2028,"Karan Reddy",EEE,3,Female,2002-10-26,O+,9679979921,karan2028@cit.edu.in,"66 Gandhi Road",Delhi,Tamil Nadu,680997,"Priya Reddy",9515778220,2023,B,5,"Chennai Institute of Technology",Active
2029,"Diya Chopra",CSE,2,Female,2005-05-11,A+,9884293339,diya2029@cit.edu.in,"99 Gandhi Road",Delhi,Karnataka,682049,"Pooja Chopra",9048018330,2024,C,3,"Chennai Institute of Technology",Active
2030,"Ananya Patel",CIVIL,1,Male,2002-06-04,B+,9027152691,ananya2030@cit.edu.in,"18 Gandhi Road",Kolkata,Delhi,672830,"Meera Patel",9916491391,2025,A,1,"Chennai Institute of Technology",Active
2031,"Vikram Joshi",EEE,3,Female,2004-10-21,A-,9640579920,vikram2031@cit.edu.in,"39 Gandhi Road",Delhi,Maharashtra,636756,"Aarav Joshi",9928760851,2023,C,5,"Chennai Institute of Technology",Active
2032,"Rohan Verma",AIML,1,Male,2003-01-08,B+,9994126389,rohan2032@cit.edu.in,"26 Gandhi Road",Mumbai,West Bengal,609994,"Neha Verma",9129161948,2025,C,1,"Chennai Institute of Technology",Active
2033,"Rohan Verma",MECH,2,Female,2006-12-28,B+,9046313607,rohan2033@cit.edu.in,"85 Gandhi Road",Delhi,Maharashtra,627492,"Sanya Verma",9572816671,2024,C,4,"Chennai Institute of Technology",Active
2034,"Varun Joshi",ECE,3,Female,2002-03-18,AB+,9060950807,varun2034@cit.edu.in,"99 Gandhi Road",Pune,Karnataka,627114,"Meera Joshi",9805798414,2023,A,5,"Chennai Institute of Technology",Active
2035,"Aditya Mehta",ECE,3,Male,2004-10-05,AB-,9373023588,aditya2035@cit.edu.in,"34 Gandhi Road",Hyderabad,Telangana,682824,"Meera Mehta",9720370069,2023,A,5,"Chennai Institute of Technology",Active
2036,"Vikram Joshi",EEE,3,Male,2002-12-27,A+,9159929729,vikram2036@cit.edu.in,"76 Gandhi Road",Chennai,West Bengal,698692,"Meera Joshi",9985184365,2023,C,5,"Chennai Institute of Technology",Active
2037,"Aditya Sharma",IT,4,Male,2004-06-09,B+,9469566554,aditya2037@cit.edu.in,"53 Gandhi Road",Delhi,West Bengal,644381,"Vikram Sharma",9587448594,2022,B,8,"Chennai Institute of Technology",Active
2038,"Karan Joshi",CSE,1,Male,2005-09-08,AB+,9120079870,karan2038@cit.edu.in,"18 Gandhi Road",Chennai,West Bengal,629106,"Diya Joshi",9292566159,2025,C,1,"Chennai Institute of Technology",Active
2039,"Rahul Patel",AIDS,4,Female,2006-05-21,A-,9908475635,rahul2039@cit.edu.in,"61 Gandhi Road",Chennai,Karnataka,666388,"Meera Patel",9794121884,2022,D,8,"Chennai Institute of Technology",Active
2040,"Aarav Nair",EEE,2,Female,2005-08-25,AB+,9131253659,aarav2040@cit.edu.in,"27 Gandhi Road",Pune,Telangana,647138,"Varun Nair",9653166920,2024,B,4,"Chennai Institute of Technology",Active
2041,"Diya Mehta",CSE,3,Female,2004-04-09,A+,9909251195,diya2041@cit.edu.in,"11 Gandhi Road",Mumbai,West Bengal,606165,"Meera Mehta",9282640473,2023,D,5,"Chennai Institute of Technology",Active
2042,"Priya Verma",CSE,4,Female,2004-05-14,O-,9970780089,priya2042@cit.edu.in,"92 Gandhi Road",Hyderabad,Delhi,686043,"Karan Verma",9207363410,2022,B,7,"Chennai Institute of Technology",Active
2043,"Sanya Patel",CSE,2,Male,2005-08-23,B+,9886042644,sanya2043@cit.edu.in,"40 Gandhi Road",Delhi,Karnataka,681030,"Neha Patel",9292092478,2024,A,4,"Chennai Institute of Technology",Active
2044,"Rohan Reddy",AIDS,2,Male,2003-01-06,O-,9791162390,rohan2044@cit.edu.in,"58 Gandhi Road",Mumbai,Maharashtra,689866,"Kavya Reddy",9417277090,2024,D,4,"Chennai Institute of Technology",Active
2045,"Kavya Reddy",AIML,4,Female,2004-07-02,B-,9476434943,kavya2045@cit.edu.in,"75 Gandhi Road",Bengaluru,Maharashtra,606918,"Karan Reddy",9415208762,2022,B,8,"Chennai Institute of Technology",Active
2046,"Rahul Gupta",EEE,4,Male,2005-02-11,B+,9830486420,rahul2046@cit.edu.in,"92 Gandhi Road",Pune,Tamil Nadu,614186,"Neha Gupta",9856948525,2022,D,7,"Chennai Institute of Technology",Active
2047,"Varun Chopra",EEE,3,Female,2006-05-12,A+,9688540664,varun2047@cit.edu.in,"41 Gandhi Road",Mumbai,Maharashtra,638924,"Sanya Chopra",9055589656,2023,C,6,"Chennai Institute of Technology",Active
2048,"Karan Gupta",AIDS,4,Male,2003-11-25,O-,9143496641,karan2048@cit.edu.in,"22 Gandhi Road",Bengaluru,Delhi,672200,"Diya Gupta",9077029678,2022,D,7,"Chennai Institute of Technology",Active
2049,"Sanya Mehta",EEE,4,Male,2003-09-16,A-,9206894940,sanya2049@cit.edu.in,"61 Gandhi Road",Mumbai,West Bengal,611761,"Kavya Mehta",9524577782,2022,A,8,"Chennai Institute of Technology",Active
2050,"Kavya Chopra",CSE,2,Male,2006-06-05,A-,9907248403,kavya2050@cit.edu.in,"42 Gandhi Road",Delhi,Tamil Nadu,623278,"Priya Chopra",9017712245,2024,C,3,"Chennai Institute of Technology",Active
2051,"Arjun Nair",CSE,4,Female,2003-11-25,AB-,9062134126,arjun2051@cit.edu.in,"64 Gandhi Road",Bengaluru,Telangana,655224,"Diya Nair",9108591280,2022,D,7,"Chennai Institute of Technology",Active
2052,"Sanya Patel",AIDS,2,Female,2003-10-23,B+,9469144483,sanya2052@cit.edu.in,"39 Gandhi Road",Bengaluru,Telangana,631009,"Ananya Patel",9766605879,2024,D,3,"Chennai Institute of Technology",Active
2053,"Ananya Mehta",EEE,1,Male,2004-07-27,B+,9615099890,ananya2053@cit.edu.in,"83 Gandhi Road",Bengaluru,Telangana,635835,"Vikram Mehta",9424833535,2025,B,2,"Chennai Institute of Technology",Active
2054,"Aditya Kumar",CIVIL,1,Male,2006-10-12,A-,9661166289,aditya2054@cit.edu.in,"23 Gandhi Road",Kolkata,Telangana,670379,"Varun Kumar",9498773346,2025,D,1,"Chennai Institute of Technology",Active
2055,"Aditya Rao",IT,3,Female,2002-11-27,AB-,9156445192,aditya2055@cit.edu.in,"91 Gandhi Road",Chennai,Tamil Nadu,648373,"Rahul Rao",9572389459,2023,D,6,"Chennai Institute of Technology",Active
2056,"Aditya Nair",ECE,3,Female,2006-04-05,B-,9308170142,aditya2056@cit.edu.in,"79 Gandhi Road",Delhi,Maharashtra,601001,"Aarav Nair",9893033856,2023,A,5,"Chennai Institute of Technology",Active
2057,"Aditya Gupta",MECH,4,Female,2004-06-24,O-,9007938207,aditya2057@cit.edu.in,"55 Gandhi Road",Chennai,Delhi,690737,"Ananya Gupta",9997588456,2022,C,8,"Chennai Institute of Technology",Active
2058,"Aarav Chopra",MECH,4,Female,2006-09-06,A-,9468166880,aarav2058@cit.edu.in,"50 Gandhi Road",Bengaluru,West Bengal,650125,"Aditya Chopra",9554012969,2022,C,8,"Chennai Institute of Technology",Active
2059,"Ananya Singh",CSE,2,Male,2006-11-24,A-,9797243505,ananya2059@cit.edu.in,"98 Gandhi Road",Bengaluru,Maharashtra,638416,"Sanya Singh",9877166887,2024,C,4,"Chennai Institute of Technology",Active
2060,"Aditya Sharma",ECE,1,Female,2002-05-26,AB+,9190467091,aditya2060@cit.edu.in,"82 Gandhi Road",Chennai,Maharashtra,662899,"Diya Sharma",9229173419,2025,B,1,"Chennai Institute of Technology",Active
2061,"Diya Reddy",CIVIL,1,Male,2002-01-25,O+,9509558709,diya2061@cit.edu.in,"58 Gandhi Road",Pune,Tamil Nadu,696025,"Sanya Reddy",9702896664,2025,D,2,"Chennai Institute of Technology",Active
2062,"Priya Nair",AIDS,2,Female,2006-03-21,A+,9272059743,priya2062@cit.edu.in,"82 Gandhi Road",Mumbai,Karnataka,686241,"Aditya Nair",9079325832,2024,B,3,"Chennai Institute of Technology",Active
2063,"Priya Patel",IT,1,Female,2006-08-16,AB-,9234419624,priya2063@cit.edu.in,"43 Gandhi Road",Kolkata,Karnataka,676966,"Priya Patel",9634122100,2025,C,2,"Chennai Institute of Technology",Active
2064,"Sanya Joshi",EEE,2,Female,2004-05-12,AB-,9503674895,sanya2064@cit.edu.in,"56 Gandhi Road",Chennai,Karnataka,657205,"Neha Joshi",9105442817,2024,B,4,"Chennai Institute of Technology",Active
2065,"Neha Gupta",ECE,4,Female,2004-10-22,O-,9713718317,neha2065@cit.edu.in,"91 Gandhi Road",Pune,West Bengal,618530,"Arjun Gupta",9099070534,2022,B,8,"Chennai Institute of Technology",Active
2066,"Karan Chopra",CSE,3,Male,2003-08-09,AB-,9966103918,karan2066@cit.edu.in,"89 Gandhi Road",Bengaluru,Maharashtra,622163,"Karan Chopra",9848269459,2023,D,6,"Chennai Institute of Technology",Active
2067,"Karan Nair",AIML,1,Female,2003-07-09,B+,9210250743,karan2067@cit.edu.in,"16 Gandhi Road",Chennai,West Bengal,697832,"Priya Nair",9275336036,2025,A,2,"Chennai Institute of Technology",Active
2068,"Aditya Rao",CIVIL,1,Female,2003-08-14,A+,9682739089,aditya2068@cit.edu.in,"26 Gandhi Road",Bengaluru,Delhi,633423,"Meera Rao",9465633851,2025,A,2,"Chennai Institute of Technology",Active
2069,"Rohan Singh",AIDS,3,Female,2002-09-21,O+,9640564877,rohan2069@cit.edu.in,"74 Gandhi Road",Mumbai,Delhi,666391,"Arjun Singh",9342003784,2023,A,6,"Chennai Institute of Technology",Active
2070,"Karan Patel",CIVIL,2,Male,2002-11-15,A-,9624320689,karan2070@cit.edu.in,"70 Gandhi Road",Mumbai,Tamil Nadu,616857,"Diya Patel",9448764262,2024,A,4,"Chennai Institute of Technology",Active
2071,"Kavya Nair",EEE,4,Female,2002-11-15,A+,9080888683,kavya2071@cit.edu.in,"38 Gandhi Road",Hyderabad,Maharashtra,608442,"Rohan Nair",9523589259,2022,D,8,"Chennai Institute of Technology",Active
2072,"Meera Kumar",EEE,1,Female,2006-11-07,O-,9122400405,meera2072@cit.edu.in,"19 Gandhi Road",Kolkata,Maharashtra,663893,"Aditya Kumar",9531708023,2025,C,2,"Chennai Institute of Technology",Active
2073,"Karan Patel",IT,3,Male,2004-09-24,AB+,9960381508,karan2073@cit.edu.in,"89 Gandhi Road",Bengaluru,Telangana,605236,"Aditya Patel",9806090750,2023,C,5,"Chennai Institute of Technology",Active
2074,"Meera Kumar",EEE,4,Male,2002-02-01,B-,9891824685,meera2074@cit.edu.in,"34 Gandhi Road",Hyderabad,Delhi,641911,"Priya Kumar",9268710133,2022,C,7,"Chennai Institute of Technology",Active
2075,"Aditya Mehta",CSE,1,Male,2006-03-07,A+,9181527141,aditya2075@cit.edu.in,"47 Gandhi Road",Hyderabad,West Bengal,651248,"Priya Mehta",9792806246,2025,A,1,"Chennai Institute of Technology",Active
2076,"Rahul Chopra",AIDS,4,Male,2004-04-16,AB-,9068697403,rahul2076@cit.edu.in,"45 Gandhi Road",Kolkata,Maharashtra,657326,"Karan Chopra",9448730192,2022,A,8,"Chennai Institute of Technology",Active
2077,"Varun Verma",AIDS,3,Male,2002-06-23,O+,9382075700,varun2077@cit.edu.in,"41 Gandhi Road",Bengaluru,Maharashtra,638335,"Pooja Verma",9152431571,2023,A,5,"Chennai Institute of Technology",Active
2078,"Varun Verma",EEE,1,Male,2005-01-17,A-,9752768555,varun2078@cit.edu.in,"66 Gandhi Road",Delhi,Delhi,633636,"Priya Verma",9421510735,2025,D,1,"Chennai Institute of Technology",Active
2079,"Pooja Kumar",IT,2,Female,2006-05-25,B+,9255143580,pooja2079@cit.edu.in,"99 Gandhi Road",Pune,Maharashtra,688976,"Kavya Kumar",9555130371,2024,D,3,"Chennai Institute of Technology",Active
2080,"Rohan Rao",AIML,1,Female,2004-06-10,A-,9011075865,rohan2080@cit.edu.in,"20 Gandhi Road",Kolkata,Karnataka,666972,"Meera Rao",9034257011,2025,B,2,"Chennai Institute of Technology",Active
2081,"Sanya Chopra",IT,3,Female,2002-05-24,A-,9535629306,sanya2081@cit.edu.in,"69 Gandhi Road",Pune,Karnataka,696401,"Sanya Chopra",9017282514,2023,C,5,"Chennai Institute of Technology",Active
2082,"Varun Nair",ECE,1,Female,2006-06-16,A+,9743980253,varun2082@cit.edu.in,"82 Gandhi Road",Bengaluru,West Bengal,698970,"Varun Nair",9214280295,2025,B,2,"Chennai Institute of Technology",Active
2083,"Meera Mehta",IT,4,Female,2006-04-08,A-,9206341695,meera2083@cit.edu.in,"67 Gandhi Road",Hyderabad,Tamil Nadu,652586,"Varun Mehta",9167497434,2022,A,8,"Chennai Institute of Technology",Active
2084,"Aditya Kumar",IT,3,Male,2006-11-15,O+,9763025696,aditya2084@cit.edu.in,"86 Gandhi Road",Bengaluru,Karnataka,693490,"Pooja Kumar",9179749831,2023,A,6,"Chennai Institute of Technology",Active
2085,"Rohan Reddy",IT,1,Male,2004-06-13,AB-,9486759347,rohan2085@cit.edu.in,"71 Gandhi Road",Kolkata,Telangana,676877,"Aditya Reddy",9891164553,2025,C,2,"Chennai Institute of Technology",Active
2086,"Rohan Nair",MECH,4,Female,2004-06-24,B-,9342781018,rohan2086@cit.edu.in,"15 Gandhi Road",Pune,Tamil Nadu,638298,"Vikram Nair",9463809950,2022,D,8,"Chennai Institute of Technology",Active
2087,"Ananya Nair",CSE,3,Female,2004-05-13,B-,9585548075,ananya2087@cit.edu.in,"36 Gandhi Road",Hyderabad,Telangana,684156,"Varun Nair",9695853916,2023,A,5,"Chennai Institute of Technology",Active
2088,"Priya Gupta",ECE,4,Male,2003-03-09,O+,9831735465,priya2088@cit.edu.in,"43 Gandhi Road",Kolkata,Delhi,656084,"Rahul Gupta",9599482046,2022,B,7,"Chennai Institute of Technology",Active
2089,"Ananya Reddy",CIVIL,3,Male,2005-07-12,O-,9231400438,ananya2089@cit.edu.in,"53 Gandhi Road",Chennai,Karnataka,620359,"Kavya Reddy",9999024077,2023,A,6,"Chennai Institute of Technology",Active
2090,"Priya Singh",AIML,3,Female,2003-05-27,O-,9871666139,priya2090@cit.edu.in,"65 Gandhi Road",Kolkata,Tamil Nadu,624609,"Arjun Singh",9346174376,2023,B,6,"Chennai Institute of Technology",Active
2091,"Aarav Nair",AIDS,4,Male,2005-05-06,A+,9821421372,aarav2091@cit.edu.in,"50 Gandhi Road",Chennai,Delhi,688983,"Diya Nair",9641820738,2022,D,7,"Chennai Institute of Technology",Active
2092,"Neha Verma",CSE,3,Male,2004-01-04,B+,9232798910,neha2092@cit.edu.in,"54 Gandhi Road",Hyderabad,Tamil Nadu,688431,"Ananya Verma",9251673656,2023,D,6,"Chennai Institute of Technology",Active
2093,"Meera Singh",IT,2,Female,2004-12-25,B-,9243774256,meera2093@cit.edu.in,"95 Gandhi Road",Delhi,Maharashtra,613735,"Rohan Singh",9325457290,2024,C,3,"Chennai Institute of Technology",Active
2094,"Ananya Patel",AIDS,2,Male,2004-06-01,B-,9394529271,ananya2094@cit.edu.in,"34 Gandhi Road",Bengaluru,Delhi,682765,"Rohan Patel",9393002804,2024,D,4,"Chennai Institute of Technology",Active
2095,"Diya Singh",IT,1,Female,2006-02-15,B-,9915813140,diya2095@cit.edu.in,"80 Gandhi Road",Hyderabad,Tamil Nadu,676229,"Vikram Singh",9801957013,2025,D,2,"Chennai Institute of Technology",Active
2096,"Kavya Singh",IT,1,Male,2006-06-19,B-,9351282488,kavya2096@cit.edu.in,"42 Gandhi Road",Chennai,Tamil Nadu,671950,"Aditya Singh",9269157919,2025,B,2,"Chennai Institute of Technology",Active
2097,"Ananya Kumar",CIVIL,4,Female,2004-09-14,AB+,9977548955,ananya2097@cit.edu.in,"28 Gandhi Road",Mumbai,West Bengal,670097,"Meera Kumar",9460871276,2022,A,8,"Chennai Institute of Technology",Active
2098,"Neha Patel",AIML,4,Male,2005-08-24,A-,9325336785,neha2098@cit.edu.in,"99 Gandhi Road",Mumbai,West Bengal,614614,"Rohan Patel",9584050519,2022,D,7,"Chennai Institute of Technology",Active
2099,"Vikram Reddy",IT,4,Male,2003-04-17,O+,9850344256,vikram2099@cit.edu.in,"19 Gandhi Road",Chennai,Telangana,699045,"Sanya Reddy",9081929832,2022,C,7,"Chennai Institute of Technology",Active
2100,"Aarav Nair",MECH,3,Male,2002-03-24,A-,9467886759,aarav2100@cit.edu.in,"60 Gandhi Road",Kolkata,Maharashtra,615528,"Kavya Nair",9687196493,2023,B,5,"Chennai Institute of Technology",Active
2101,"Sanya Gupta",AIML,1,Female,2004-01-09,AB-,9566838597,sanya2101@cit.edu.in,"51 Gandhi Road",Pune,Delhi,625094,"Kavya Gupta",9838369783,2025,C,2,"Chennai Institute of Technology",Active
2102,"Aditya Mehta",EEE,2,Female,2004-07-01,A+,9174577655,aditya2102@cit.edu.in,"22 Gandhi Road",Hyderabad,Telangana,639164,"Karan Mehta",9103304049,2024,C,4,"Chennai Institute of Technology",Active
2103,"Arjun Kumar",CSE,1,Female,2003-06-26,AB+,9299885559,arjun2103@cit.edu.in,"88 Gandhi Road",Mumbai,Telangana,687505,"Sanya Kumar",9887517927,2025,A,1,"Chennai Institute of Technology",Active
2104,"Rohan Joshi",EEE,1,Male,2004-06-01,A+,9706631655,rohan2104@cit.edu.in,"78 Gandhi Road",Pune,Tamil Nadu,629961,"Neha Joshi",9662170907,2025,A,1,"Chennai Institute of Technology",Active
2105,"Varun Gupta",IT,1,Female,2004-12-02,O+,9518600315,varun2105@cit.edu.in,"29 Gandhi Road",Pune,Karnataka,683736,"Arjun Gupta",9040215393,2025,A,1,"Chennai Institute of Technology",Active
2106,"Kavya Reddy",AIDS,1,Male,2005-11-01,AB+,9079525499,kavya2106@cit.edu.in,"85 Gandhi Road",Bengaluru,Karnataka,600843,"Vikram Reddy",9795659112,2025,C,1,"Chennai Institute of Technology",Active
2107,"Diya Kumar",EEE,2,Male,2006-12-11,B+,9685649186,diya2107@cit.edu.in,"86 Gandhi Road",Kolkata,West Bengal,657406,"Diya Kumar",9356812715,2024,A,4,"Chennai Institute of Technology",Active
2108,"Kavya Rao",CIVIL,3,Female,2005-03-24,B+,9240239087,kavya2108@cit.edu.in,"33 Gandhi Road",Bengaluru,Maharashtra,621902,"Aarav Rao",9487517725,2023,A,5,"Chennai Institute of Technology",Active
2109,"Ananya Rao",CIVIL,3,Female,2005-11-07,O-,9010585098,ananya2109@cit.edu.in,"73 Gandhi Road",Chennai,West Bengal,635012,"Priya Rao",9231263010,2023,C,5,"Chennai Institute of Technology",Active
2110,"Arjun Kumar",EEE,1,Female,2002-01-02,B+,9652693931,arjun2110@cit.edu.in,"69 Gandhi Road",Mumbai,Tamil Nadu,643198,"Priya Kumar",9806077540,2025,D,1,"Chennai Institute of Technology",Active
2111,"Diya Patel",MECH,4,Female,2003-01-28,B-,9969741778,diya2111@cit.edu.in,"80 Gandhi Road",Kolkata,Tamil Nadu,639120,"Priya Patel",9311408120,2022,B,8,"Chennai Institute of Technology",Active
2112,"Neha Singh",IT,2,Male,2005-12-22,B+,9783820516,neha2112@cit.edu.in,"18 Gandhi Road",Pune,West Bengal,672115,"Rahul Singh",9670346399,2024,B,4,"Chennai Institute of Technology",Active
2113,"Ananya Chopra",ECE,1,Male,2002-01-13,AB-,9889170099,ananya2113@cit.edu.in,"11 Gandhi Road",Hyderabad,Karnataka,683650,"Varun Chopra",9172365495,2025,B,2,"Chennai Institute of Technology",Active
2114,"Varun Mehta",IT,4,Male,2006-02-25,O-,9693231413,varun2114@cit.edu.in,"97 Gandhi Road",Bengaluru,West Bengal,671317,"Karan Mehta",9189589720,2022,C,7,"Chennai Institute of Technology",Active
2115,"Ananya Gupta",EEE,2,Male,2002-05-15,O-,9230384257,ananya2115@cit.edu.in,"60 Gandhi Road",Chennai,Karnataka,655538,"Priya Gupta",9622301757,2024,D,3,"Chennai Institute of Technology",Active
2116,"Vikram Gupta",CIVIL,3,Female,2004-03-15,AB-,9711657116,vikram2116@cit.edu.in,"27 Gandhi Road",Delhi,Karnataka,685530,"Arjun Gupta",9841362386,2023,A,6,"Chennai Institute of Technology",Active
2117,"Priya Mehta",AIDS,3,Male,2004-10-02,B+,9312039735,priya2117@cit.edu.in,"88 Gandhi Road",Bengaluru,West Bengal,694518,"Karan Mehta",9171576373,2023,C,6,"Chennai Institute of Technology",Active
2118,"Rahul Mehta",EEE,4,Female,2005-02-03,A-,9332498480,rahul2118@cit.edu.in,"13 Gandhi Road",Hyderabad,Delhi,612890,"Aditya Mehta",9015056414,2022,A,7,"Chennai Institute of Technology",Active
2119,"Priya Gupta",AIDS,4,Female,2002-03-05,B+,9111276585,priya2119@cit.edu.in,"84 Gandhi Road",Hyderabad,Maharashtra,661877,"Ananya Gupta",9275968710,2022,C,8,"Chennai Institute of Technology",Active
2120,"Sanya Mehta",CIVIL,3,Female,2002-12-17,B+,9158029896,sanya2120@cit.edu.in,"85 Gandhi Road",Hyderabad,Delhi,663408,"Neha Mehta",9411638012,2023,C,6,"Chennai Institute of Technology",Active
2121,"Aarav Mehta",EEE,1,Female,2004-03-21,O+,9020095676,aarav2121@cit.edu.in,"23 Gandhi Road",Bengaluru,Delhi,690241,"Priya Mehta",9025305028,2025,C,1,"Chennai Institute of Technology",Active
2122,"Karan Patel",AIML,4,Female,2006-04-19,A-,9677283144,karan2122@cit.edu.in,"47 Gandhi Road",Delhi,Tamil Nadu,629652,"Arjun Patel",9282538595,2022,A,8,"Chennai Institute of Technology",Active
2123,"Sanya Chopra",AIDS,3,Male,2005-04-11,AB-,9862943172,sanya2123@cit.edu.in,"15 Gandhi Road",Delhi,Delhi,660143,"Aarav Chopra",9738555397,2023,C,6,"Chennai Institute of Technology",Active
2124,"Diya Joshi",EEE,3,Male,2005-10-27,B-,9107414024,diya2124@cit.edu.in,"81 Gandhi Road",Delhi,Karnataka,680202,"Diya Joshi",9850149915,2023,C,6,"Chennai Institute of Technology",Active
2125,"Rahul Kumar",AIDS,3,Female,2003-08-12,B-,9582642553,rahul2125@cit.edu.in,"60 Gandhi Road",Pune,Tamil Nadu,667767,"Priya Kumar",9497403600,2023,C,5,"Chennai Institute of Technology",Active
2126,"Rahul Sharma",CIVIL,1,Male,2006-02-08,B-,9227316705,rahul2126@cit.edu.in,"21 Gandhi Road",Delhi,West Bengal,658366,"Diya Sharma",9376315399,2025,A,2,"Chennai Institute of Technology",Active
2127,"Arjun Patel",AIML,2,Male,2003-01-18,B-,9864849430,arjun2127@cit.edu.in,"70 Gandhi Road",Bengaluru,West Bengal,656801,"Kavya Patel",9435078002,2024,A,4,"Chennai Institute of Technology",Active
2128,"Ananya Patel",AIML,3,Male,2005-01-17,B-,9554303360,ananya2128@cit.edu.in,"10 Gandhi Road",Mumbai,Delhi,634809,"Pooja Patel",9800288020,2023,D,5,"Chennai Institute of Technology",Active
2129,"Sanya Chopra",AIML,3,Female,2005-10-13,B+,9883950108,sanya2129@cit.edu.in,"56 Gandhi Road",Mumbai,Delhi,688942,"Kavya Chopra",9150996368,2023,C,5,"Chennai Institute of Technology",Active
2130,"Priya Gupta",AIML,3,Female,2006-07-04,O+,9564652727,priya2130@cit.edu.in,"52 Gandhi Road",Delhi,Telangana,671263,"Diya Gupta",9536013985,2023,D,6,"Chennai Institute of Technology",Active
2131,"Vikram Verma",EEE,2,Male,2002-11-10,A-,9911273676,vikram2131@cit.edu.in,"43 Gandhi Road",Delhi,West Bengal,656093,"Diya Verma",9296094635,2024,C,4,"Chennai Institute of Technology",Active
2132,"Rohan Sharma",ECE,1,Male,2006-09-06,AB+,9773352915,rohan2132@cit.edu.in,"45 Gandhi Road",Delhi,Delhi,677703,"Priya Sharma",9475303417,2025,A,1,"Chennai Institute of Technology",Active
2133,"Aditya Nair",AIML,1,Female,2003-02-06,AB-,9746153388,aditya2133@cit.edu.in,"54 Gandhi Road",Chennai,West Bengal,648700,"Vikram Nair",9657055080,2025,B,1,"Chennai Institute of Technology",Active
2134,"Kavya Gupta",EEE,1,Male,2004-04-14,AB+,9604878683,kavya2134@cit.edu.in,"17 Gandhi Road",Bengaluru,Telangana,619809,"Aarav Gupta",9915549678,2025,C,2,"Chennai Institute of Technology",Active
2135,"Neha Mehta",AIDS,3,Male,2006-10-07,A+,9344673621,neha2135@cit.edu.in,"78 Gandhi Road",Pune,West Bengal,693305,"Priya Mehta",9737042299,2023,B,6,"Chennai Institute of Technology",Active
2136,"Sanya Singh",MECH,3,Male,2003-08-06,AB+,9516366907,sanya2136@cit.edu.in,"21 Gandhi Road",Pune,Karnataka,667720,"Ananya Singh",9562350025,2023,D,6,"Chennai Institute of Technology",Active
2137,"Neha Gupta",EEE,1,Male,2006-05-16,AB-,9858393271,neha2137@cit.edu.in,"81 Gandhi Road",Pune,Delhi,613996,"Vikram Gupta",9840303636,2025,C,1,"Chennai Institute of Technology",Active
2138,"Diya Gupta",IT,1,Male,2002-04-04,B+,9184708247,diya2138@cit.edu.in,"27 Gandhi Road",Kolkata,Maharashtra,619663,"Priya Gupta",9412712160,2025,A,1,"Chennai Institute of Technology",Active
2139,"Ananya Sharma",IT,4,Male,2005-07-22,AB+,9836574627,ananya2139@cit.edu.in,"30 Gandhi Road",Hyderabad,Telangana,665983,"Vikram Sharma",9895725585,2022,D,7,"Chennai Institute of Technology",Active
2140,"Rahul Mehta",EEE,1,Female,2004-09-19,A-,9493623139,rahul2140@cit.edu.in,"70 Gandhi Road",Delhi,Delhi,641629,"Meera Mehta",9898105547,2025,B,2,"Chennai Institute of Technology",Active
2141,"Aarav Rao",AIDS,2,Female,2006-06-26,A-,9156750449,aarav2141@cit.edu.in,"47 Gandhi Road",Chennai,Telangana,638884,"Karan Rao",9595969615,2024,C,3,"Chennai Institute of Technology",Active
2142,"Vikram Chopra",CIVIL,2,Male,2005-09-09,AB+,9922616212,vikram2142@cit.edu.in,"41 Gandhi Road",Kolkata,Delhi,699957,"Arjun Chopra",9446247581,2024,A,3,"Chennai Institute of Technology",Active
2143,"Aarav Chopra",AIML,2,Female,2004-05-14,B-,9149742984,aarav2143@cit.edu.in,"62 Gandhi Road",Delhi,Telangana,607026,"Rohan Chopra",9598309356,2024,A,3,"Chennai Institute of Technology",Active
2144,"Priya Kumar",IT,3,Male,2006-11-26,A+,9906459457,priya2144@cit.edu.in,"17 Gandhi Road",Delhi,Maharashtra,613103,"Ananya Kumar",9960174641,2023,D,5,"Chennai Institute of Technology",Active
2145,"Aarav Chopra",AIDS,3,Female,2002-07-17,B+,9257805220,aarav2145@cit.edu.in,"70 Gandhi Road",Chennai,Delhi,624562,"Kavya Chopra",9071372805,2023,C,5,"Chennai Institute of Technology",Active
2146,"Kavya Kumar",AIDS,1,Male,2006-03-18,A-,9125873063,kavya2146@cit.edu.in,"59 Gandhi Road",Mumbai,Maharashtra,661546,"Priya Kumar",9716889370,2025,D,2,"Chennai Institute of Technology",Active
2147,"Vikram Gupta",CSE,3,Male,2005-09-19,AB+,9062780333,vikram2147@cit.edu.in,"15 Gandhi Road",Pune,Telangana,647981,"Kavya Gupta",9475167231,2023,D,6,"Chennai Institute of Technology",Active
2148,"Karan Nair",EEE,4,Male,2002-06-27,O-,9229620945,karan2148@cit.edu.in,"67 Gandhi Road",Bengaluru,West Bengal,626997,"Kavya Nair",9780898270,2022,C,7,"Chennai Institute of Technology",Active
2149,"Sanya Gupta",EEE,3,Female,2005-03-12,AB-,9453353165,sanya2149@cit.edu.in,"84 Gandhi Road",Delhi,Delhi,606112,"Priya Gupta",9702187210,2023,C,5,"Chennai Institute of Technology",Active
2150,"Rahul Verma",ECE,4,Male,2005-09-10,AB+,9838696468,rahul2150@cit.edu.in,"41 Gandhi Road",Delhi,Tamil Nadu,661642,"Arjun Verma",9730074806,2022,A,7,"Chennai Institute of Technology",Active
2151,"Varun Kumar",CIVIL,2,Male,2004-05-19,B+,9289566360,varun2151@cit.edu.in,"27 Gandhi Road",Pune,Tamil Nadu,646443,"Pooja Kumar",9404566460,2024,A,3,"Chennai Institute of Technology",Active
2152,"Neha Verma",AIDS,3,Male,2004-02-08,B-,9340849617,neha2152@cit.edu.in,"43 Gandhi Road",Hyderabad,West Bengal,662983,"Aarav Verma",9949307136,2023,A,5,"Chennai Institute of Technology",Active
2153,"Varun Sharma",MECH,3,Female,2005-04-11,A+,9591733292,varun2153@cit.edu.in,"51 Gandhi Road",Bengaluru,Karnataka,694019,"Aditya Sharma",9157745195,2023,A,6,"Chennai Institute of Technology",Active
2154,"Karan Kumar",MECH,1,Female,2002-11-24,AB-,9838286764,karan2154@cit.edu.in,"36 Gandhi Road",Delhi,Telangana,640422,"Kavya Kumar",9340831898,2025,D,2,"Chennai Institute of Technology",Active
2155,"Sanya Reddy",IT,1,Female,2006-11-13,AB-,9255839869,sanya2155@cit.edu.in,"45 Gandhi Road",Delhi,Karnataka,647897,"Rahul Reddy",9660524895,2025,A,1,"Chennai Institute of Technology",Active
2156,"Neha Patel",MECH,1,Male,2004-08-14,A+,9304452273,neha2156@cit.edu.in,"43 Gandhi Road",Mumbai,Maharashtra,652870,"Kavya Patel",9346543275,2025,B,2,"Chennai Institute of Technology",Active
2157,"Aditya Reddy",IT,4,Female,2006-04-26,A+,9051375732,aditya2157@cit.edu.in,"86 Gandhi Road",Hyderabad,Maharashtra,682416,"Priya Reddy",9577472395,2022,C,8,"Chennai Institute of Technology",Active
2158,"Varun Mehta",AIML,3,Female,2002-11-13,B+,9261316203,varun2158@cit.edu.in,"58 Gandhi Road",Mumbai,West Bengal,647544,"Arjun Mehta",9481338652,2023,A,5,"Chennai Institute of Technology",Active
2159,"Rohan Gupta",IT,2,Male,2006-10-02,A-,9156382750,rohan2159@cit.edu.in,"45 Gandhi Road",Bengaluru,Maharashtra,665834,"Neha Gupta",9793731236,2024,D,3,"Chennai Institute of Technology",Active
2160,"Vikram Verma",MECH,3,Female,2002-11-01,O+,9834506199,vikram2160@cit.edu.in,"34 Gandhi Road",Mumbai,Tamil Nadu,604947,"Arjun Verma",9726756446,2023,B,5,"Chennai Institute of Technology",Active
2161,"Diya Singh",IT,2,Female,2002-06-20,AB+,9087082035,diya2161@cit.edu.in,"14 Gandhi Road",Bengaluru,West Bengal,655871,"Sanya Singh",9735736766,2024,D,4,"Chennai Institute of Technology",Active
2162,"Neha Joshi",ECE,4,Female,2002-10-25,A-,9193054254,neha2162@cit.edu.in,"58 Gandhi Road",Hyderabad,West Bengal,633871,"Aditya Joshi",9366333445,2022,C,8,"Chennai Institute of Technology",Active
2163,"Pooja Sharma",CSE,3,Male,2006-04-23,A+,9424731088,pooja2163@cit.edu.in,"86 Gandhi Road",Pune,Karnataka,636526,"Karan Sharma",9926837747,2023,D,6,"Chennai Institute of Technology",Active
2164,"Neha Mehta",CIVIL,2,Male,2004-12-12,B-,9090034192,neha2164@cit.edu.in,"23 Gandhi Road",Chennai,Maharashtra,688543,"Pooja Mehta",9804995165,2024,D,3,"Chennai Institute of Technology",Active
2165,"Priya Sharma",EEE,4,Male,2006-06-24,O-,9420338731,priya2165@cit.edu.in,"40 Gandhi Road",Hyderabad,Delhi,606491,"Ananya Sharma",9855572014,2022,A,8,"Chennai Institute of Technology",Active
2166,"Aditya Patel",ECE,2,Female,2005-11-21,AB+,9935794299,aditya2166@cit.edu.in,"34 Gandhi Road",Delhi,Tamil Nadu,647245,"Rohan Patel",9741762486,2024,A,3,"Chennai Institute of Technology",Active
2167,"Neha Patel",AIDS,1,Female,2004-05-23,B+,9762247453,neha2167@cit.edu.in,"64 Gandhi Road",Hyderabad,Karnataka,620776,"Aditya Patel",9522434227,2025,D,1,"Chennai Institute of Technology",Active
2168,"Varun Rao",EEE,2,Female,2002-02-01,A+,9059141066,varun2168@cit.edu.in,"11 Gandhi Road",Delhi,Delhi,698496,"Diya Rao",9210651839,2024,A,3,"Chennai Institute of Technology",Active
2169,"Rohan Singh",ECE,2,Male,2004-02-16,B-,9213265494,rohan2169@cit.edu.in,"76 Gandhi Road",Chennai,Tamil Nadu,604020,"Varun Singh",9572961006,2024,C,3,"Chennai Institute of Technology",Active
2170,"Varun Sharma",EEE,4,Female,2004-01-17,A+,9390408284,varun2170@cit.edu.in,"95 Gandhi Road",Hyderabad,Karnataka,635194,"Rahul Sharma",9827837098,2022,A,8,"Chennai Institute of Technology",Active
2171,"Vikram Sharma",CIVIL,4,Male,2005-05-26,B-,9742633783,vikram2171@cit.edu.in,"90 Gandhi Road",Mumbai,Telangana,697936,"Ananya Sharma",9380495991,2022,D,7,"Chennai Institute of Technology",Active
2172,"Kavya Verma",EEE,2,Male,2006-02-27,A-,9298383191,kavya2172@cit.edu.in,"70 Gandhi Road",Pune,Tamil Nadu,664734,"Meera Verma",9557394419,2024,D,3,"Chennai Institute of Technology",Active
2173,"Diya Verma",ECE,2,Female,2005-01-02,O-,9918526202,diya2173@cit.edu.in,"51 Gandhi Road",Hyderabad,Maharashtra,664130,"Aditya Verma",9648421148,2024,D,4,"Chennai Institute of Technology",Active
2174,"Meera Rao",EEE,2,Male,2006-06-10,AB-,9168170237,meera2174@cit.edu.in,"44 Gandhi Road",Mumbai,Delhi,610818,"Priya Rao",9843378640,2024,A,4,"Chennai Institute of Technology",Active
2175,"Priya Reddy",EEE,3,Female,2004-09-03,O+,9917826144,priya2175@cit.edu.in,"82 Gandhi Road",Mumbai,Tamil Nadu,643836,"Karan Reddy",9911616135,2023,C,6,"Chennai Institute of Technology",Active
2176,"Meera Rao",IT,4,Male,2004-04-10,B+,9854755203,meera2176@cit.edu.in,"64 Gandhi Road",Pune,Karnataka,634743,"Priya Rao",9420215404,2022,C,7,"Chennai Institute of Technology",Active
2177,"Karan Singh",EEE,1,Male,2006-07-08,O-,9356108295,karan2177@cit.edu.in,"80 Gandhi Road",Kolkata,Tamil Nadu,682290,"Pooja Singh",9227374403,2025,D,1,"Chennai Institute of Technology",Active
2178,"Meera Kumar",CIVIL,3,Female,2003-02-25,O+,9602430279,meera2178@cit.edu.in,"80 Gandhi Road",Delhi,Karnataka,653127,"Vikram Kumar",9900091062,2023,B,6,"Chennai Institute of Technology",Active
2179,"Rahul Reddy",MECH,4,Male,2006-07-08,A+,9416522665,rahul2179@cit.edu.in,"15 Gandhi Road",Hyderabad,Telangana,651455,"Pooja Reddy",9764750207,2022,C,7,"Chennai Institute of Technology",Active
2180,"Priya Rao",ECE,2,Male,2004-08-02,A+,9668881913,priya2180@cit.edu.in,"84 Gandhi Road",Hyderabad,Delhi,688801,"Rohan Rao",9325685602,2024,C,4,"Chennai Institute of Technology",Active
2181,"Aarav Reddy",CIVIL,3,Male,2006-09-12,O+,9204788974,aarav2181@cit.edu.in,"15 Gandhi Road",Mumbai,West Bengal,691677,"Sanya Reddy",9934006187,2023,A,6,"Chennai Institute of Technology",Active
2182,"Sanya Kumar",IT,2,Male,2005-06-16,AB+,9160140538,sanya2182@cit.edu.in,"95 Gandhi Road",Hyderabad,West Bengal,600694,"Aditya Kumar",9694676457,2024,D,3,"Chennai Institute of Technology",Active
2183,"Ananya Singh",IT,3,Female,2004-05-05,B-,9352678827,ananya2183@cit.edu.in,"58 Gandhi Road",Delhi,Tamil Nadu,693880,"Arjun Singh",9911799450,2023,D,5,"Chennai Institute of Technology",Active
2184,"Neha Singh",CIVIL,3,Female,2004-06-06,A+,9292608402,neha2184@cit.edu.in,"66 Gandhi Road",Mumbai,West Bengal,671642,"Rahul Singh",9181948942,2023,D,5,"Chennai Institute of Technology",Active
2185,"Priya Gupta",CIVIL,2,Male,2004-05-10,B+,9424055873,priya2185@cit.edu.in,"38 Gandhi Road",Kolkata,West Bengal,681843,"Varun Gupta",9876056979,2024,C,4,"Chennai Institute of Technology",Active
2186,"Sanya Mehta",IT,4,Female,2003-01-09,AB-,9417278326,sanya2186@cit.edu.in,"57 Gandhi Road",Chennai,Karnataka,627369,"Aarav Mehta",9997344363,2022,D,7,"Chennai Institute of Technology",Active
2187,"Aarav Joshi",IT,4,Female,2002-12-27,O-,9567317735,aarav2187@cit.edu.in,"92 Gandhi Road",Hyderabad,Tamil Nadu,670977,"Vikram Joshi",9777349989,2022,B,7,"Chennai Institute of Technology",Active
2188,"Karan Gupta",AIML,2,Male,2006-09-19,A-,9589045861,karan2188@cit.edu.in,"84 Gandhi Road",Delhi,West Bengal,634574,"Sanya Gupta",9540022748,2024,A,3,"Chennai Institute of Technology",Active
2189,"Sanya Rao",MECH,3,Male,2006-06-09,AB+,9880443394,sanya2189@cit.edu.in,"31 Gandhi Road",Hyderabad,Delhi,682414,"Neha Rao",9762445864,2023,A,5,"Chennai Institute of Technology",Active
2190,"Priya Patel",MECH,2,Male,2005-10-03,O-,9307167123,priya2190@cit.edu.in,"63 Gandhi Road",Hyderabad,Maharashtra,665965,"Meera Patel",9574747887,2024,A,4,"Chennai Institute of Technology",Active
2191,"Rohan Singh",IT,1,Male,2003-12-13,AB-,9836496659,rohan2191@cit.edu.in,"21 Gandhi Road",Hyderabad,Tamil Nadu,677659,"Neha Singh",9811803604,2025,C,1,"Chennai Institute of Technology",Active
2192,"Rohan Rao",AIML,1,Male,2004-06-24,A-,9113688538,rohan2192@cit.edu.in,"47 Gandhi Road",Bengaluru,West Bengal,688746,"Priya Rao",9699995655,2025,B,2,"Chennai Institute of Technology",Active
2193,"Ananya Mehta",AIDS,3,Female,2006-05-07,AB+,9352254320,ananya2193@cit.edu.in,"10 Gandhi Road",Pune,Tamil Nadu,653717,"Arjun Mehta",9973846852,2023,C,5,"Chennai Institute of Technology",Active
2194,"Neha Reddy",CSE,3,Female,2004-09-09,AB-,9233165182,neha2194@cit.edu.in,"26 Gandhi Road",Kolkata,Maharashtra,662302,"Pooja Reddy",9585691979,2023,A,5,"Chennai Institute of Technology",Active
2195,"Rahul Singh",CIVIL,3,Male,2006-11-01,AB-,9504490046,rahul2195@cit.edu.in,"47 Gandhi Road",Kolkata,Telangana,628428,"Pooja Singh",9417911772,2023,D,5,"Chennai Institute of Technology",Active
2196,"Rahul Mehta",EEE,1,Female,2003-06-14,O-,9833436697,rahul2196@cit.edu.in,"83 Gandhi Road",Delhi,West Bengal,655360,"Rahul Mehta",9115329660,2025,B,1,"Chennai Institute of Technology",Active
2197,"Aarav Gupta",MECH,1,Male,2003-10-02,AB+,9352188004,aarav2197@cit.edu.in,"52 Gandhi Road",Kolkata,Maharashtra,608923,"Vikram Gupta",9131091606,2025,D,1,"Chennai Institute of Technology",Active
2198,"Vikram Verma",AIDS,4,Female,2004-04-17,B-,9091684748,vikram2198@cit.edu.in,"13 Gandhi Road",Pune,Tamil Nadu,687323,"Aarav Verma",9163901695,2022,D,8,"Chennai Institute of Technology",Active
2199,"Aditya Verma",CSE,3,Female,2002-11-06,B-,9741065697,aditya2199@cit.edu.in,"50 Gandhi Road",Mumbai,Telangana,653447,"Sanya Verma",9053406893,2023,D,6,"Chennai Institute of Technology",Active
2200,"Ananya Verma",AIDS,2,Female,2004-06-14,AB-,9447742790,ananya2200@cit.edu.in,"40 Gandhi Road",Chennai,Maharashtra,607626,"Karan Verma",9918187519,2024,D,4,"Chennai Institute of Technology",Active
2201,"Sanya Joshi",ECE,3,Female,2005-08-06,O-,9363397273,sanya2201@cit.edu.in,"33 Gandhi Road",Kolkata,Telangana,656158,"Rahul Joshi",9826343255,2023,C,5,"Chennai Institute of Technology",Active
2202,"Rohan Chopra",AIDS,3,Male,2003-07-18,O+,9545653393,rohan2202@cit.edu.in,"94 Gandhi Road",Kolkata,Maharashtra,664392,"Aditya Chopra",9609627273,2023,C,6,"Chennai Institute of Technology",Active
2203,"Karan Rao",CIVIL,4,Female,2006-08-21,O-,9663776021,karan2203@cit.edu.in,"58 Gandhi Road",Pune,Maharashtra,646895,"Meera Rao",9271432361,2022,A,8,"Chennai Institute of Technology",Active
2204,"Vikram Mehta",AIDS,3,Male,2004-02-27,O-,9200418770,vikram2204@cit.edu.in,"55 Gandhi Road",Pune,Tamil Nadu,646118,"Priya Mehta",9758091246,2023,D,5,"Chennai Institute of Technology",Active
2205,"Arjun Patel",CIVIL,1,Male,2002-08-13,B+,9223703129,arjun2205@cit.edu.in,"15 Gandhi Road",Chennai,Tamil Nadu,673998,"Rahul Patel",9777446392,2025,C,1,"Chennai Institute of Technology",Active
2206,"Arjun Patel",MECH,2,Male,2005-08-14,B-,9141623214,arjun2206@cit.edu.in,"60 Gandhi Road",Kolkata,Delhi,633799,"Pooja Patel",9305290606,2024,D,4,"Chennai Institute of Technology",Active
2207,"Diya Rao",IT,2,Female,2003-02-20,AB-,9054342507,diya2207@cit.edu.in,"72 Gandhi Road",Pune,Karnataka,646541,"Varun Rao",9490337041,2024,D,4,"Chennai Institute of Technology",Active
2208,"Arjun Chopra",CSE,2,Male,2006-07-24,A+,9951511497,arjun2208@cit.edu.in,"31 Gandhi Road",Bengaluru,Karnataka,684494,"Diya Chopra",9465622474,2024,D,3,"Chennai Institute of Technology",Active
2209,"Diya Kumar",CIVIL,1,Male,2002-08-08,B+,9826396525,diya2209@cit.edu.in,"60 Gandhi Road",Chennai,Delhi,698496,"Pooja Kumar",9537350842,2025,D,1,"Chennai Institute of Technology",Active
2210,"Pooja Joshi",ECE,1,Female,2004-11-03,A+,9827893589,pooja2210@cit.edu.in,"78 Gandhi Road",Mumbai,Maharashtra,627132,"Vikram Joshi",9132961880,2025,B,2,"Chennai Institute of Technology",Active
2211,"Meera Rao",AIML,3,Female,2004-06-14,O+,9710540809,meera2211@cit.edu.in,"90 Gandhi Road",Delhi,Telangana,667018,"Kavya Rao",9401027962,2023,D,6,"Chennai Institute of Technology",Active
2212,"Arjun Reddy",AIDS,4,Female,2006-08-17,AB+,9682928545,arjun2212@cit.edu.in,"72 Gandhi Road",Hyderabad,Telangana,684899,"Karan Reddy",9667393291,2022,C,8,"Chennai Institute of Technology",Active
2213,"Arjun Chopra",CSE,2,Male,2003-04-21,O-,9022051602,arjun2213@cit.edu.in,"69 Gandhi Road",Kolkata,West Bengal,695503,"Meera Chopra",9479540793,2024,A,4,"Chennai Institute of Technology",Active
2214,"Pooja Singh",AIML,3,Female,2005-05-10,AB+,9176477102,pooja2214@cit.edu.in,"26 Gandhi Road",Hyderabad,West Bengal,652988,"Arjun Singh",9567863638,2023,A,6,"Chennai Institute of Technology",Active
2215,"Diya Rao",CIVIL,4,Female,2004-11-19,O+,9152038630,diya2215@cit.edu.in,"51 Gandhi Road",Hyderabad,Telangana,673646,"Diya Rao",9945468477,2022,C,7,"Chennai Institute of Technology",Active
2216,"Arjun Joshi",EEE,1,Male,2005-05-25,AB-,9370778170,arjun2216@cit.edu.in,"98 Gandhi Road",Delhi,Maharashtra,687013,"Rahul Joshi",9971335816,2025,D,2,"Chennai Institute of Technology",Active
2217,"Ananya Chopra",EEE,3,Female,2005-01-22,O-,9046524757,ananya2217@cit.edu.in,"49 Gandhi Road",Bengaluru,Telangana,695214,"Neha Chopra",9978930674,2023,B,6,"Chennai Institute of Technology",Active
2218,"Kavya Rao",CIVIL,4,Female,2005-08-21,AB-,9172795974,kavya2218@cit.edu.in,"87 Gandhi Road",Delhi,Delhi,672211,"Kavya Rao",9248162768,2022,D,7,"Chennai Institute of Technology",Active
2219,"Vikram Kumar",CIVIL,3,Male,2004-03-15,A-,9971723545,vikram2219@cit.edu.in,"56 Gandhi Road",Bengaluru,Karnataka,635973,"Aarav Kumar",9920328132,2023,C,5,"Chennai Institute of Technology",Active
2220,"Kavya Kumar",MECH,2,Male,2002-09-04,O-,9531886970,kavya2220@cit.edu.in,"89 Gandhi Road",Kolkata,Delhi,649223,"Arjun Kumar",9976569582,2024,B,4,"Chennai Institute of Technology",Active
2221,"Karan Nair",IT,3,Male,2004-08-12,B-,9924921577,karan2221@cit.edu.in,"24 Gandhi Road",Mumbai,Delhi,647093,"Vikram Nair",9946965525,2023,B,6,"Chennai Institute of Technology",Active
2222,"Aditya Joshi",AIML,1,Male,2002-11-21,A+,9771022650,aditya2222@cit.edu.in,"77 Gandhi Road",Delhi,West Bengal,622052,"Sanya Joshi",9328553475,2025,D,2,"Chennai Institute of Technology",Active
2223,"Vikram Kumar",AIML,3,Female,2004-09-16,A-,9278092274,vikram2223@cit.edu.in,"79 Gandhi Road",Bengaluru,Telangana,645417,"Arjun Kumar",9224164890,2023,B,5,"Chennai Institute of Technology",Active
2224,"Pooja Joshi",CSE,4,Female,2005-10-16,B-,9771730952,pooja2224@cit.edu.in,"78 Gandhi Road",Pune,Telangana,603649,"Kavya Joshi",9139210698,2022,B,7,"Chennai Institute of Technology",Active
2225,"Rahul Gupta",MECH,2,Female,2006-05-07,B+,9646196921,rahul2225@cit.edu.in,"47 Gandhi Road",Kolkata,West Bengal,656152,"Aditya Gupta",9141453877,2024,C,4,"Chennai Institute of Technology",Active
2226,"Karan Gupta",AIDS,4,Female,2005-01-15,AB-,9566051639,karan2226@cit.edu.in,"90 Gandhi Road",Chennai,Telangana,688828,"Rahul Gupta",9553583506,2022,A,7,"Chennai Institute of Technology",Active
2227,"Priya Kumar",AIDS,3,Female,2006-02-14,B+,9736728471,priya2227@cit.edu.in,"85 Gandhi Road",Mumbai,Maharashtra,605880,"Vikram Kumar",9943112678,2023,C,6,"Chennai Institute of Technology",Active
2228,"Rohan Singh",CSE,1,Male,2006-12-19,A-,9774536411,rohan2228@cit.edu.in,"70 Gandhi Road",Bengaluru,Maharashtra,667224,"Varun Singh",9055114780,2025,D,2,"Chennai Institute of Technology",Active
2229,"Rahul Chopra",IT,4,Male,2003-07-01,B+,9261963428,rahul2229@cit.edu.in,"13 Gandhi Road",Mumbai,Tamil Nadu,678848,"Arjun Chopra",9748497818,2022,A,8,"Chennai Institute of Technology",Active
2230,"Aarav Mehta",MECH,1,Female,2006-07-06,AB-,9740897611,aarav2230@cit.edu.in,"15 Gandhi Road",Delhi,Tamil Nadu,647987,"Sanya Mehta",9893404907,2025,D,2,"Chennai Institute of Technology",Active
2231,"Arjun Singh",CIVIL,4,Female,2006-04-15,AB+,9191220992,arjun2231@cit.edu.in,"89 Gandhi Road",Pune,Tamil Nadu,620879,"Meera Singh",9948264784,2022,A,8,"Chennai Institute of Technology",Active
2232,"Karan Gupta",CSE,1,Female,2002-02-13,A-,9817161544,karan2232@cit.edu.in,"59 Gandhi Road",Pune,Tamil Nadu,678970,"Vikram Gupta",9469329461,2025,D,1,"Chennai Institute of Technology",Active
2233,"Aditya Rao",EEE,1,Male,2006-11-11,AB-,9001097530,aditya2233@cit.edu.in,"94 Gandhi Road",Kolkata,Tamil Nadu,649529,"Sanya Rao",9166639231,2025,B,1,"Chennai Institute of Technology",Active
2234,"Sanya Reddy",CIVIL,3,Male,2005-01-06,O-,9085877553,sanya2234@cit.edu.in,"54 Gandhi Road",Kolkata,West Bengal,688473,"Priya Reddy",9656185720,2023,A,6,"Chennai Institute of Technology",Active
2235,"Aditya Gupta",ECE,4,Male,2006-12-27,B+,9300989459,aditya2235@cit.edu.in,"69 Gandhi Road",Delhi,Telangana,647234,"Arjun Gupta",9325825113,2022,A,7,"Chennai Institute of Technology",Active
2236,"Aarav Gupta",IT,2,Female,2004-06-21,B-,9000873788,aarav2236@cit.edu.in,"88 Gandhi Road",Kolkata,Telangana,684901,"Diya Gupta",9948554106,2024,D,4,"Chennai Institute of Technology",Active
2237,"Kavya Sharma",IT,1,Female,2006-07-04,O+,9340303723,kavya2237@cit.edu.in,"93 Gandhi Road",Pune,Delhi,601806,"Priya Sharma",9973338987,2025,C,1,"Chennai Institute of Technology",Active
2238,"Sanya Verma",IT,2,Female,2006-04-04,AB-,9410848750,sanya2238@cit.edu.in,"88 Gandhi Road",Bengaluru,Delhi,600293,"Neha Verma",9153862202,2024,A,3,"Chennai Institute of Technology",Active
2239,"Vikram Singh",IT,3,Female,2002-02-04,B-,9359960164,vikram2239@cit.edu.in,"21 Gandhi Road",Mumbai,Maharashtra,619560,"Kavya Singh",9500669317,2023,C,5,"Chennai Institute of Technology",Active
2240,"Aarav Joshi",CSE,3,Male,2002-03-01,O-,9925995269,aarav2240@cit.edu.in,"87 Gandhi Road",Pune,Telangana,678083,"Varun Joshi",9894186507,2023,C,6,"Chennai Institute of Technology",Active
2241,"Aditya Verma",CIVIL,2,Female,2002-07-14,AB+,9357509619,aditya2241@cit.edu.in,"26 Gandhi Road",Chennai,Maharashtra,671462,"Neha Verma",9897546704,2024,A,4,"Chennai Institute of Technology",Active
2242,"Rahul Mehta",CSE,1,Male,2005-04-11,A+,9321908900,rahul2242@cit.edu.in,"49 Gandhi Road",Delhi,West Bengal,608579,"Sanya Mehta",9207435314,2025,C,1,"Chennai Institute of Technology",Active
2243,"Vikram Patel",ECE,4,Female,2005-09-27,B+,9336806345,vikram2243@cit.edu.in,"61 Gandhi Road",Kolkata,West Bengal,613272,"Diya Patel",9040388212,2022,A,8,"Chennai Institute of Technology",Active
2244,"Rohan Kumar",AIDS,2,Female,2003-01-20,B+,9353899443,rohan2244@cit.edu.in,"10 Gandhi Road",Mumbai,West Bengal,632196,"Priya Kumar",9723868369,2024,B,3,"Chennai Institute of Technology",Active
2245,"Meera Verma",IT,3,Male,2003-04-14,B-,9532046013,meera2245@cit.edu.in,"94 Gandhi Road",Pune,Tamil Nadu,694509,"Priya Verma",9067286729,2023,A,5,"Chennai Institute of Technology",Active
2246,"Rahul Mehta",ECE,1,Male,2006-11-06,A+,9196506892,rahul2246@cit.edu.in,"44 Gandhi Road",Hyderabad,Delhi,612373,"Meera Mehta",9786803042,2025,D,2,"Chennai Institute of Technology",Active
2247,"Varun Patel",ECE,3,Male,2003-02-03,B+,9850969614,varun2247@cit.edu.in,"69 Gandhi Road",Pune,Maharashtra,615541,"Rohan Patel",9447875280,2023,D,5,"Chennai Institute of Technology",Active
2248,"Aditya Nair",MECH,3,Female,2002-07-15,AB+,9083650144,aditya2248@cit.edu.in,"65 Gandhi Road",Hyderabad,Telangana,657717,"Rahul Nair",9085141619,2023,A,5,"Chennai Institute of Technology",Active
2249,"Rahul Sharma",EEE,4,Male,2005-10-18,A+,9274872770,rahul2249@cit.edu.in,"97 Gandhi Road",Mumbai,Karnataka,658533,"Rohan Sharma",9238159571,2022,D,8,"Chennai Institute of Technology",Active
2250,"Varun Kumar",IT,3,Male,2003-05-05,O+,9473773419,varun2250@cit.edu.in,"97 Gandhi Road",Hyderabad,Telangana,692708,"Priya Kumar",9640733484,2023,A,6,"Chennai Institute of Technology",Active
2251,"Neha Sharma",CSE,2,Male,2002-06-20,B-,9524679740,neha2251@cit.edu.in,"89 Gandhi Road",Chennai,Delhi,679867,"Aditya Sharma",9118130038,2024,D,3,"Chennai Institute of Technology",Active
2252,"Kavya Patel",IT,1,Female,2003-04-13,AB-,9156860920,kavya2252@cit.edu.in,"12 Gandhi Road",Pune,Maharashtra,672050,"Arjun Patel",9229335982,2025,C,2,"Chennai Institute of Technology",Active
2253,"Pooja Chopra",AIDS,3,Female,2006-05-02,A-,9772245400,pooja2253@cit.edu.in,"81 Gandhi Road",Bengaluru,Tamil Nadu,628849,"Aarav Chopra",9229629246,2023,A,5,"Chennai Institute of Technology",Active
2254,"Pooja Reddy",CSE,3,Male,2005-04-14,O+,9061948696,pooja2254@cit.edu.in,"94 Gandhi Road",Kolkata,Telangana,669946,"Vikram Reddy",9202961440,2023,D,5,"Chennai Institute of Technology",Active
2255,"Aditya Verma",MECH,4,Female,2002-01-11,A+,9955863845,aditya2255@cit.edu.in,"52 Gandhi Road",Chennai,West Bengal,648859,"Diya Verma",9768441184,2022,A,8,"Chennai Institute of Technology",Active
2256,"Ananya Nair",ECE,2,Male,2006-09-20,B-,9910621121,ananya2256@cit.edu.in,"62 Gandhi Road",Kolkata,Delhi,671328,"Aarav Nair",9875300014,2024,C,3,"Chennai Institute of Technology",Active
2257,"Karan Rao",AIDS,4,Female,2005-07-19,AB+,9577189014,karan2257@cit.edu.in,"19 Gandhi Road",Kolkata,West Bengal,614713,"Kavya Rao",9119731414,2022,B,7,"Chennai Institute of Technology",Active
2258,"Karan Gupta",AIDS,3,Female,2003-12-05,O+,9011658031,karan2258@cit.edu.in,"49 Gandhi Road",Mumbai,Telangana,688168,"Aarav Gupta",9458332952,2023,D,6,"Chennai Institute of Technology",Active
2259,"Varun Kumar",MECH,2,Female,2002-09-04,A+,9402197299,varun2259@cit.edu.in,"49 Gandhi Road",Hyderabad,Tamil Nadu,669942,"Arjun Kumar",9750665143,2024,A,4,"Chennai Institute of Technology",Active
2260,"Aarav Patel",IT,1,Male,2005-12-14,A+,9486107173,aarav2260@cit.edu.in,"18 Gandhi Road",Pune,Karnataka,604217,"Vikram Patel",9865296628,2025,D,1,"Chennai Institute of Technology",Active
2261,"Pooja Singh",AIDS,4,Female,2003-09-09,A-,9812815765,pooja2261@cit.edu.in,"19 Gandhi Road",Chennai,Delhi,632638,"Rahul Singh",9130907120,2022,A,7,"Chennai Institute of Technology",Active
2262,"Rohan Kumar",CIVIL,4,Female,2005-06-09,B+,9124294595,rohan2262@cit.edu.in,"54 Gandhi Road",Bengaluru,West Bengal,697690,"Rohan Kumar",9929818481,2022,D,8,"Chennai Institute of Technology",Active
2263,"Ananya Reddy",MECH,4,Female,2005-02-14,AB+,9019306418,ananya2263@cit.edu.in,"99 Gandhi Road",Hyderabad,Maharashtra,602703,"Rohan Reddy",9021535909,2022,B,7,"Chennai Institute of Technology",Active
2264,"Rohan Reddy",AIML,2,Female,2002-10-05,AB-,9336229262,rohan2264@cit.edu.in,"47 Gandhi Road",Hyderabad,Tamil Nadu,603148,"Aditya Reddy",9194059413,2024,D,3,"Chennai Institute of Technology",Active
2265,"Aarav Mehta",AIML,1,Male,2005-11-13,O-,9543898388,aarav2265@cit.edu.in,"81 Gandhi Road",Chennai,Maharashtra,698005,"Ananya Mehta",9926907733,2025,D,2,"Chennai Institute of Technology",Active
2266,"Varun Reddy",MECH,1,Female,2006-04-20,B-,9566434314,varun2266@cit.edu.in,"94 Gandhi Road",Mumbai,Delhi,639724,"Priya Reddy",9037743249,2025,B,1,"Chennai Institute of Technology",Active
2267,"Diya Rao",MECH,1,Male,2005-07-13,A-,9954950566,diya2267@cit.edu.in,"24 Gandhi Road",Mumbai,West Bengal,640481,"Rohan Rao",9687119658,2025,C,1,"Chennai Institute of Technology",Active
2268,"Rahul Verma",CIVIL,3,Female,2002-12-13,B+,9380201625,rahul2268@cit.edu.in,"43 Gandhi Road",Mumbai,Maharashtra,652760,"Diya Verma",9161804730,2023,C,5,"Chennai Institute of Technology",Active
2269,"Ananya Rao",AIDS,3,Male,2006-08-05,B-,9035866403,ananya2269@cit.edu.in,"77 Gandhi Road",Pune,Maharashtra,672748,"Ananya Rao",9579444395,2023,B,6,"Chennai Institute of Technology",Active
2270,"Pooja Rao",CIVIL,3,Female,2003-10-16,O+,9639425092,pooja2270@cit.edu.in,"12 Gandhi Road",Bengaluru,Karnataka,694692,"Rahul Rao",9092143118,2023,D,5,"Chennai Institute of Technology",Active
2271,"Pooja Sharma",MECH,2,Female,2005-07-05,O-,9708886063,pooja2271@cit.edu.in,"64 Gandhi Road",Mumbai,Maharashtra,619948,"Diya Sharma",9094265249,2024,C,4,"Chennai Institute of Technology",Active
2272,"Diya Patel",AIML,4,Female,2002-09-09,A+,9085797630,diya2272@cit.edu.in,"48 Gandhi Road",Delhi,Delhi,661991,"Varun Patel",9558755800,2022,C,8,"Chennai Institute of Technology",Active
2273,"Ananya Kumar",CSE,3,Male,2005-05-16,AB-,9051218156,ananya2273@cit.edu.in,"38 Gandhi Road",Bengaluru,Delhi,663974,"Aarav Kumar",9806259582,2023,A,5,"Chennai Institute of Technology",Active
2274,"Rahul Verma",CIVIL,3,Male,2002-11-13,B-,9133490884,rahul2274@cit.edu.in,"21 Gandhi Road",Chennai,West Bengal,656563,"Sanya Verma",9623699153,2023,B,6,"Chennai Institute of Technology",Active
2275,"Meera Nair",AIDS,1,Female,2006-03-21,AB+,9286803082,meera2275@cit.edu.in,"69 Gandhi Road",Chennai,Maharashtra,681677,"Aditya Nair",9712467627,2025,B,2,"Chennai Institute of Technology",Active
2276,"Arjun Sharma",IT,4,Male,2002-11-04,AB+,9894893902,arjun2276@cit.edu.in,"13 Gandhi Road",Kolkata,Maharashtra,676939,"Aarav Sharma",9973413005,2022,C,7,"Chennai Institute of Technology",Active
2277,"Meera Mehta",ECE,2,Female,2003-10-06,A+,9751934997,meera2277@cit.edu.in,"14 Gandhi Road",Mumbai,Karnataka,608712,"Rohan Mehta",9885366450,2024,B,4,"Chennai Institute of Technology",Active
2278,"Ananya Joshi",EEE,1,Male,2003-07-06,O-,9971556440,ananya2278@cit.edu.in,"30 Gandhi Road",Delhi,Tamil Nadu,604962,"Varun Joshi",9730608281,2025,A,1,"Chennai Institute of Technology",Active
2279,"Pooja Reddy",EEE,1,Female,2004-07-28,A-,9838781926,pooja2279@cit.edu.in,"53 Gandhi Road",Mumbai,Delhi,633293,"Sanya Reddy",9156638940,2025,C,1,"Chennai Institute of Technology",Active
2280,"Priya Joshi",IT,2,Female,2002-08-24,A+,9856284378,priya2280@cit.edu.in,"22 Gandhi Road",Hyderabad,Tamil Nadu,676930,"Priya Joshi",9629531531,2024,C,3,"Chennai Institute of Technology",Active
2281,"Rohan Patel",ECE,3,Male,2006-04-09,A-,9243039418,rohan2281@cit.edu.in,"65 Gandhi Road",Pune,Maharashtra,651682,"Diya Patel",9983591165,2023,A,5,"Chennai Institute of Technology",Active
2282,"Arjun Gupta",CIVIL,1,Female,2003-08-13,B-,9127504308,arjun2282@cit.edu.in,"21 Gandhi Road",Chennai,Maharashtra,640022,"Ananya Gupta",9474960525,2025,D,2,"Chennai Institute of Technology",Active
2283,"Ananya Verma",AIDS,1,Female,2004-06-28,A+,9775629169,ananya2283@cit.edu.in,"47 Gandhi Road",Pune,Tamil Nadu,634018,"Karan Verma",9481493130,2025,D,2,"Chennai Institute of Technology",Active
2284,"Diya Chopra",MECH,3,Male,2002-01-09,A+,9910920043,diya2284@cit.edu.in,"89 Gandhi Road",Pune,West Bengal,684809,"Kavya Chopra",9844998806,2023,B,5,"Chennai Institute of Technology",Active
2285,"Karan Singh",CIVIL,3,Male,2005-12-08,AB-,9579321780,karan2285@cit.edu.in,"70 Gandhi Road",Bengaluru,Maharashtra,694690,"Varun Singh",9205823860,2023,D,6,"Chennai Institute of Technology",Active
2286,"Diya Nair",MECH,3,Male,2006-01-22,B+,9232537655,diya2286@cit.edu.in,"73 Gandhi Road",Pune,Delhi,641390,"Varun Nair",9712926243,2023,C,5,"Chennai Institute of Technology",Active
2287,"Pooja Reddy",CSE,3,Male,2005-10-14,A+,9559080861,pooja2287@cit.edu.in,"89 Gandhi Road",Mumbai,Karnataka,647502,"Rohan Reddy",9210489879,2023,D,6,"Chennai Institute of Technology",Active
2288,"Sanya Singh",ECE,3,Female,2006-11-04,A-,9402457241,sanya2288@cit.edu.in,"25 Gandhi Road",Delhi,West Bengal,641493,"Sanya Singh",9694957551,2023,A,6,"Chennai Institute of Technology",Active
2289,"Vikram Singh",AIDS,1,Female,2005-06-19,O-,9069528886,vikram2289@cit.edu.in,"24 Gandhi Road",Bengaluru,Karnataka,669621,"Aditya Singh",9499243864,2025,B,2,"Chennai Institute of Technology",Active
2290,"Varun Mehta",CSE,4,Female,2004-03-17,A-,9076150456,varun2290@cit.edu.in,"68 Gandhi Road",Mumbai,Maharashtra,682998,"Neha Mehta",9209594454,2022,D,8,"Chennai Institute of Technology",Active
2291,"Kavya Reddy",MECH,2,Female,2006-07-04,O-,9656567609,kavya2291@cit.edu.in,"17 Gandhi Road",Hyderabad,Tamil Nadu,679828,"Arjun Reddy",9141982773,2024,D,3,"Chennai Institute of Technology",Active
2292,"Ananya Singh",MECH,4,Male,2003-06-15,A+,9455989695,ananya2292@cit.edu.in,"73 Gandhi Road",Kolkata,Karnataka,635576,"Ananya Singh",9736212403,2022,C,7,"Chennai Institute of Technology",Active
2293,"Aditya Joshi",IT,3,Male,2005-08-24,O+,9161352663,aditya2293@cit.edu.in,"65 Gandhi Road",Hyderabad,West Bengal,665565,"Priya Joshi",9964328636,2023,A,6,"Chennai Institute of Technology",Active
2294,"Pooja Reddy",CIVIL,2,Male,2006-12-19,B+,9020621891,pooja2294@cit.edu.in,"98 Gandhi Road",Chennai,West Bengal,674526,"Neha Reddy",9418790590,2024,B,3,"Chennai Institute of Technology",Active
2295,"Diya Joshi",CSE,2,Female,2002-10-17,B-,9262348991,diya2295@cit.edu.in,"37 Gandhi Road",Pune,West Bengal,675237,"Priya Joshi",9999934506,2024,B,3,"Chennai Institute of Technology",Active
2296,"Ananya Patel",EEE,1,Male,2005-02-11,A-,9843444232,ananya2296@cit.edu.in,"71 Gandhi Road",Kolkata,Tamil Nadu,648466,"Rohan Patel",9981333454,2025,C,1,"Chennai Institute of Technology",Active
2297,"Arjun Patel",ECE,4,Female,2002-03-23,O+,9812216644,arjun2297@cit.edu.in,"85 Gandhi Road",Kolkata,Telangana,678318,"Vikram Patel",9208752274,2022,D,8,"Chennai Institute of Technology",Active
2298,"Rohan Nair",MECH,2,Male,2003-12-22,A+,9188936150,rohan2298@cit.edu.in,"41 Gandhi Road",Kolkata,West Bengal,632891,"Priya Nair",9495612507,2024,C,4,"Chennai Institute of Technology",Active
2299,"Sanya Chopra",CSE,3,Female,2002-10-24,AB+,9614885188,sanya2299@cit.edu.in,"24 Gandhi Road",Hyderabad,Tamil Nadu,682605,"Kavya Chopra",9422070414,2023,D,5,"Chennai Institute of Technology",Active
2300,"Neha Nair",AIDS,4,Female,2005-03-24,O+,9990630899,neha2300@cit.edu.in,"71 Gandhi Road",Bengaluru,Delhi,613812,"Meera Nair",9233081158,2022,D,7,"Chennai Institute of Technology",Active
2301,"Meera Nair",CIVIL,1,Male,2004-06-12,A-,9597109776,meera2301@cit.edu.in,"26 Gandhi Road",Kolkata,Maharashtra,604430,"Ananya Nair",9349988026,2025,A,1,"Chennai Institute of Technology",Active
2302,"Sanya Sharma",CIVIL,2,Female,2004-10-27,A+,9497795101,sanya2302@cit.edu.in,"92 Gandhi Road",Delhi,Telangana,656432,"Rohan Sharma",9109143300,2024,B,3,"Chennai Institute of Technology",Active
2303,"Karan Sharma",CSE,2,Female,2005-05-18,AB-,9167838046,karan2303@cit.edu.in,"19 Gandhi Road",Mumbai,West Bengal,674834,"Sanya Sharma",9008616011,2024,A,4,"Chennai Institute of Technology",Active
2304,"Karan Joshi",MECH,4,Female,2005-06-01,AB-,9162477753,karan2304@cit.edu.in,"88 Gandhi Road",Chennai,Maharashtra,686445,"Arjun Joshi",9258126530,2022,B,8,"Chennai Institute of Technology",Active
2305,"Sanya Singh",EEE,2,Female,2004-12-21,AB-,9948456734,sanya2305@cit.edu.in,"74 Gandhi Road",Bengaluru,Delhi,602290,"Diya Singh",9071356053,2024,D,4,"Chennai Institute of Technology",Active
2306,"Vikram Kumar",AIML,2,Male,2005-01-28,AB+,9557405649,vikram2306@cit.edu.in,"74 Gandhi Road",Kolkata,West Bengal,695104,"Diya Kumar",9634500089,2024,B,3,"Chennai Institute of Technology",Active
2307,"Rahul Gupta",CIVIL,1,Female,2002-10-28,O+,9706191873,rahul2307@cit.edu.in,"54 Gandhi Road",Chennai,West Bengal,649922,"Rahul Gupta",9655664006,2025,C,2,"Chennai Institute of Technology",Active
2308,"Aditya Joshi",CIVIL,4,Female,2004-07-05,B-,9877860409,aditya2308@cit.edu.in,"59 Gandhi Road",Pune,Telangana,676476,"Aditya Joshi",9082463409,2022,A,7,"Chennai Institute of Technology",Active
2309,"Aditya Gupta",EEE,1,Female,2005-02-23,B-,9675197962,aditya2309@cit.edu.in,"13 Gandhi Road",Kolkata,Delhi,603720,"Pooja Gupta",9834367338,2025,D,1,"Chennai Institute of Technology",Active
2310,"Arjun Sharma",MECH,1,Male,2005-02-22,A-,9874673114,arjun2310@cit.edu.in,"19 Gandhi Road",Bengaluru,West Bengal,666494,"Meera Sharma",9903147733,2025,A,2,"Chennai Institute of Technology",Active
2311,"Arjun Verma",AIML,1,Male,2006-07-14,B+,9455083658,arjun2311@cit.edu.in,"30 Gandhi Road",Delhi,Telangana,684893,"Varun Verma",9871361035,2025,C,1,"Chennai Institute of Technology",Active
2312,"Pooja Kumar",CIVIL,2,Male,2003-07-06,O-,9586707505,pooja2312@cit.edu.in,"20 Gandhi Road",Pune,Maharashtra,600498,"Meera Kumar",9247028584,2024,C,4,"Chennai Institute of Technology",Active
2313,"Vikram Chopra",MECH,3,Female,2005-09-11,B+,9981560293,vikram2313@cit.edu.in,"65 Gandhi Road",Hyderabad,Delhi,688664,"Kavya Chopra",9427961143,2023,B,5,"Chennai Institute of Technology",Active
2314,"Karan Singh",ECE,1,Male,2004-05-05,B+,9492887233,karan2314@cit.edu.in,"53 Gandhi Road",Mumbai,Tamil Nadu,640123,"Arjun Singh",9417605685,2025,A,1,"Chennai Institute of Technology",Active
2315,"Vikram Nair",CSE,2,Female,2003-02-10,AB+,9673563122,vikram2315@cit.edu.in,"21 Gandhi Road",Delhi,West Bengal,659081,"Vikram Nair",9549614384,2024,B,3,"Chennai Institute of Technology",Active
2316,"Neha Singh",CIVIL,2,Female,2004-10-05,B-,9098735613,neha2316@cit.edu.in,"45 Gandhi Road",Hyderabad,Delhi,650038,"Rahul Singh",9794084657,2024,C,3,"Chennai Institute of Technology",Active
2317,"Rohan Mehta",AIML,3,Male,2003-10-19,A-,9879119500,rohan2317@cit.edu.in,"21 Gandhi Road",Kolkata,Maharashtra,657357,"Meera Mehta",9407843296,2023,D,5,"Chennai Institute of Technology",Active
2318,"Aditya Chopra",AIML,1,Male,2006-06-06,AB-,9816831193,aditya2318@cit.edu.in,"40 Gandhi Road",Kolkata,Tamil Nadu,673954,"Priya Chopra",9263230793,2025,B,2,"Chennai Institute of Technology",Active
2319,"Meera Chopra",MECH,2,Male,2006-06-10,A+,9103624126,meera2319@cit.edu.in,"39 Gandhi Road",Pune,Maharashtra,653545,"Arjun Chopra",9740527957,2024,C,4,"Chennai Institute of Technology",Active
2320,"Meera Rao",EEE,2,Female,2006-10-16,A-,9357412435,meera2320@cit.edu.in,"82 Gandhi Road",Hyderabad,Telangana,651236,"Kavya Rao",9838073961,2024,A,3,"Chennai Institute of Technology",Active
2321,"Kavya Rao",ECE,1,Female,2004-12-17,AB-,9740063834,kavya2321@cit.edu.in,"72 Gandhi Road",Chennai,Tamil Nadu,640680,"Karan Rao",9318711496,2025,D,2,"Chennai Institute of Technology",Active
2322,"Ananya Singh",MECH,4,Male,2004-12-28,AB+,9149889945,ananya2322@cit.edu.in,"26 Gandhi Road",Mumbai,West Bengal,632175,"Sanya Singh",9253101405,2022,B,8,"Chennai Institute of Technology",Active
2323,"Kavya Joshi",AIML,1,Male,2005-01-15,B+,9904133045,kavya2323@cit.edu.in,"60 Gandhi Road",Bengaluru,West Bengal,682033,"Meera Joshi",9463201489,2025,C,1,"Chennai Institute of Technology",Active
2324,"Ananya Joshi",CSE,1,Male,2004-04-06,O+,9770311638,ananya2324@cit.edu.in,"96 Gandhi Road",Kolkata,Tamil Nadu,649436,"Ananya Joshi",9541060821,2025,A,1,"Chennai Institute of Technology",Active
2325,"Diya Nair",ECE,3,Female,2003-06-26,O-,9178604985,diya2325@cit.edu.in,"82 Gandhi Road",Kolkata,Tamil Nadu,684562,"Karan Nair",9674681541,2023,A,5,"Chennai Institute of Technology",Active
2326,"Karan Mehta",CSE,1,Male,2003-11-25,A+,9918450566,karan2326@cit.edu.in,"88 Gandhi Road",Mumbai,Delhi,688639,"Meera Mehta",9034904078,2025,C,1,"Chennai Institute of Technology",Active
2327,"Karan Singh",IT,1,Female,2005-07-09,O-,9072204778,karan2327@cit.edu.in,"44 Gandhi Road",Chennai,Maharashtra,640809,"Rahul Singh",9444426112,2025,B,2,"Chennai Institute of Technology",Active
2328,"Sanya Joshi",AIDS,4,Male,2005-05-01,AB-,9973854061,sanya2328@cit.edu.in,"89 Gandhi Road",Pune,West Bengal,671019,"Pooja Joshi",9716235608,2022,D,7,"Chennai Institute of Technology",Active
2329,"Arjun Singh",AIDS,3,Male,2004-06-11,B+,9228556418,arjun2329@cit.edu.in,"61 Gandhi Road",Pune,Tamil Nadu,693445,"Ananya Singh",9901464040,2023,C,6,"Chennai Institute of Technology",Active
2330,"Priya Patel",AIML,2,Male,2004-07-26,O-,9432234029,priya2330@cit.edu.in,"49 Gandhi Road",Mumbai,Telangana,671376,"Aarav Patel",9521345685,2024,D,4,"Chennai Institute of Technology",Active
2331,"Arjun Mehta",MECH,2,Male,2003-08-10,AB-,9624886790,arjun2331@cit.edu.in,"58 Gandhi Road",Kolkata,Maharashtra,615973,"Aditya Mehta",9846333852,2024,A,3,"Chennai Institute of Technology",Active
2332,"Kavya Joshi",AIML,4,Female,2005-08-22,A-,9997536921,kavya2332@cit.edu.in,"96 Gandhi Road",Mumbai,Delhi,640929,"Pooja Joshi",9492243082,2022,D,8,"Chennai Institute of Technology",Active
2333,"Vikram Rao",ECE,4,Male,2005-04-03,O+,9083836723,vikram2333@cit.edu.in,"54 Gandhi Road",Chennai,Delhi,621296,"Meera Rao",9484113631,2022,D,8,"Chennai Institute of Technology",Active
2334,"Vikram Joshi",MECH,1,Male,2002-12-25,A+,9284542798,vikram2334@cit.edu.in,"16 Gandhi Road",Delhi,West Bengal,641874,"Diya Joshi",9736380179,2025,A,2,"Chennai Institute of Technology",Active
2335,"Rohan Joshi",ECE,1,Male,2005-03-15,A+,9210743792,rohan2335@cit.edu.in,"86 Gandhi Road",Chennai,West Bengal,611079,"Pooja Joshi",9421250470,2025,C,1,"Chennai Institute of Technology",Active
2336,"Ananya Joshi",AIML,3,Female,2005-01-13,AB+,9182089847,ananya2336@cit.edu.in,"23 Gandhi Road",Kolkata,Karnataka,664463,"Aarav Joshi",9203679933,2023,C,6,"Chennai Institute of Technology",Active
2337,"Ananya Nair",MECH,1,Male,2005-04-01,A+,9177699422,ananya2337@cit.edu.in,"67 Gandhi Road",Delhi,Tamil Nadu,639953,"Ananya Nair",9850390588,2025,B,2,"Chennai Institute of Technology",Active
2338,"Neha Mehta",ECE,3,Female,2004-12-18,AB+,9880370355,neha2338@cit.edu.in,"47 Gandhi Road",Bengaluru,Telangana,647772,"Karan Mehta",9967931475,2023,C,5,"Chennai Institute of Technology",Active
2339,"Pooja Patel",ECE,1,Male,2002-09-09,A+,9064968083,pooja2339@cit.edu.in,"99 Gandhi Road",Kolkata,Tamil Nadu,622825,"Pooja Patel",9433096798,2025,D,2,"Chennai Institute of Technology",Active
2340,"Vikram Verma",CSE,4,Female,2005-02-19,A-,9832144530,vikram2340@cit.edu.in,"52 Gandhi Road",Pune,Telangana,624695,"Aarav Verma",9550390995,2022,A,7,"Chennai Institute of Technology",Active
2341,"Rahul Joshi",CIVIL,3,Male,2003-12-19,A+,9272476052,rahul2341@cit.edu.in,"49 Gandhi Road",Pune,Delhi,608307,"Pooja Joshi",9004161150,2023,D,6,"Chennai Institute of Technology",Active
2342,"Karan Singh",AIML,1,Male,2004-05-13,A-,9605864893,karan2342@cit.edu.in,"20 Gandhi Road",Chennai,Maharashtra,687399,"Varun Singh",9944329796,2025,A,1,"Chennai Institute of Technology",Active
2343,"Aarav Nair",CSE,1,Male,2003-07-06,B-,9446469005,aarav2343@cit.edu.in,"20 Gandhi Road",Chennai,Karnataka,673334,"Aditya Nair",9961086882,2025,C,2,"Chennai Institute of Technology",Active
2344,"Aditya Sharma",CSE,2,Male,2005-04-12,O-,9642876146,aditya2344@cit.edu.in,"45 Gandhi Road",Hyderabad,Tamil Nadu,600860,"Vikram Sharma",9561600125,2024,B,3,"Chennai Institute of Technology",Active
2345,"Kavya Mehta",CIVIL,2,Male,2002-08-24,AB-,9213044144,kavya2345@cit.edu.in,"49 Gandhi Road",Delhi,Tamil Nadu,685364,"Ananya Mehta",9881938492,2024,C,4,"Chennai Institute of Technology",Active
2346,"Kavya Mehta",MECH,2,Male,2006-07-18,AB+,9915373693,kavya2346@cit.edu.in,"88 Gandhi Road",Kolkata,West Bengal,627735,"Meera Mehta",9157340137,2024,C,3,"Chennai Institute of Technology",Active
2347,"Pooja Reddy",EEE,3,Female,2005-03-21,O+,9676158969,pooja2347@cit.edu.in,"11 Gandhi Road",Hyderabad,Telangana,623801,"Pooja Reddy",9768743213,2023,D,6,"Chennai Institute of Technology",Active
2348,"Rahul Verma",IT,3,Male,2004-02-13,B+,9544656327,rahul2348@cit.edu.in,"14 Gandhi Road",Mumbai,Tamil Nadu,683833,"Pooja Verma",9745345103,2023,D,6,"Chennai Institute of Technology",Active
2349,"Aditya Mehta",IT,1,Female,2004-06-25,B+,9529235556,aditya2349@cit.edu.in,"91 Gandhi Road",Mumbai,West Bengal,658507,"Kavya Mehta",9523878962,2025,C,1,"Chennai Institute of Technology",Active
2350,"Pooja Chopra",MECH,4,Male,2002-09-23,O-,9612939583,pooja2350@cit.edu.in,"27 Gandhi Road",Kolkata,Karnataka,637142,"Rohan Chopra",9139818047,2022,A,8,"Chennai Institute of Technology",Active
2351,"Meera Reddy",MECH,2,Female,2006-09-17,AB-,9032653701,meera2351@cit.edu.in,"85 Gandhi Road",Hyderabad,Maharashtra,692732,"Rohan Reddy",9848837860,2024,B,4,"Chennai Institute of Technology",Active
2352,"Rohan Verma",CSE,4,Female,2006-05-08,O+,9509676310,rohan2352@cit.edu.in,"21 Gandhi Road",Mumbai,Tamil Nadu,622765,"Rohan Verma",9722582732,2022,D,8,"Chennai Institute of Technology",Active
2353,"Aditya Sharma",CIVIL,1,Female,2006-04-16,B+,9299968998,aditya2353@cit.edu.in,"46 Gandhi Road",Bengaluru,Karnataka,697041,"Karan Sharma",9892867263,2025,A,2,"Chennai Institute of Technology",Active
2354,"Priya Singh",AIML,4,Female,2005-09-19,A+,9102395218,priya2354@cit.edu.in,"28 Gandhi Road",Mumbai,Maharashtra,678377,"Rohan Singh",9117220868,2022,B,8,"Chennai Institute of Technology",Active
2355,"Kavya Gupta",ECE,3,Male,2006-03-21,AB+,9368998486,kavya2355@cit.edu.in,"14 Gandhi Road",Hyderabad,Karnataka,601256,"Sanya Gupta",9494495723,2023,A,5,"Chennai Institute of Technology",Active
2356,"Sanya Singh",AIDS,3,Male,2003-07-09,AB-,9275944218,sanya2356@cit.edu.in,"12 Gandhi Road",Pune,Telangana,674273,"Kavya Singh",9953874373,2023,A,5,"Chennai Institute of Technology",Active
2357,"Meera Sharma",ECE,4,Female,2005-07-07,B+,9454502102,meera2357@cit.edu.in,"53 Gandhi Road",Delhi,Delhi,604599,"Aditya Sharma",9030602383,2022,B,7,"Chennai Institute of Technology",Active
2358,"Sanya Kumar",CSE,1,Female,2006-02-27,AB-,9890016962,sanya2358@cit.edu.in,"78 Gandhi Road",Pune,Maharashtra,698329,"Arjun Kumar",9996623892,2025,A,2,"Chennai Institute of Technology",Active
2359,"Neha Mehta",EEE,1,Female,2004-02-01,AB-,9381705141,neha2359@cit.edu.in,"27 Gandhi Road",Delhi,Karnataka,648975,"Arjun Mehta",9885912457,2025,A,2,"Chennai Institute of Technology",Active
2360,"Diya Chopra",EEE,4,Male,2006-11-11,B+,9512315470,diya2360@cit.edu.in,"66 Gandhi Road",Bengaluru,Tamil Nadu,694091,"Aarav Chopra",9908418493,2022,D,8,"Chennai Institute of Technology",Active
2361,"Vikram Sharma",AIDS,1,Male,2005-12-15,A-,9864729157,vikram2361@cit.edu.in,"30 Gandhi Road",Hyderabad,West Bengal,693460,"Neha Sharma",9118936240,2025,C,2,"Chennai Institute of Technology",Active
2362,"Kavya Nair",AIDS,1,Female,2005-10-18,A+,9858826022,kavya2362@cit.edu.in,"56 Gandhi Road",Bengaluru,West Bengal,612725,"Ananya Nair",9032852372,2025,B,2,"Chennai Institute of Technology",Active
2363,"Diya Mehta",CSE,4,Female,2005-01-16,A+,9298963887,diya2363@cit.edu.in,"77 Gandhi Road",Chennai,Tamil Nadu,646869,"Varun Mehta",9064865277,2022,C,8,"Chennai Institute of Technology",Active
2364,"Vikram Rao",CIVIL,1,Male,2006-06-23,AB-,9782386173,vikram2364@cit.edu.in,"65 Gandhi Road",Pune,West Bengal,665222,"Priya Rao",9039236094,2025,A,2,"Chennai Institute of Technology",Active
2365,"Ananya Reddy",CIVIL,1,Female,2005-11-25,B-,9296183886,ananya2365@cit.edu.in,"77 Gandhi Road",Kolkata,Maharashtra,677566,"Rahul Reddy",9651699388,2025,A,2,"Chennai Institute of Technology",Active
2366,"Rohan Joshi",ECE,2,Male,2005-07-18,AB-,9999899690,rohan2366@cit.edu.in,"88 Gandhi Road",Delhi,Tamil Nadu,656507,"Aarav Joshi",9704501469,2024,C,3,"Chennai Institute of Technology",Active
2367,"Karan Reddy",ECE,4,Male,2005-09-16,B-,9342772964,karan2367@cit.edu.in,"72 Gandhi Road",Bengaluru,Telangana,652417,"Priya Reddy",9746284184,2022,C,8,"Chennai Institute of Technology",Active
2368,"Pooja Kumar",EEE,2,Female,2003-11-14,O-,9760647296,pooja2368@cit.edu.in,"67 Gandhi Road",Pune,Telangana,628026,"Rohan Kumar",9866648827,2024,A,3,"Chennai Institute of Technology",Active
2369,"Kavya Gupta",MECH,3,Male,2005-11-22,O+,9685659972,kavya2369@cit.edu.in,"40 Gandhi Road",Mumbai,Telangana,651061,"Ananya Gupta",9184812688,2023,C,6,"Chennai Institute of Technology",Active
2370,"Aarav Mehta",EEE,1,Female,2005-11-12,AB+,9596267065,aarav2370@cit.edu.in,"13 Gandhi Road",Pune,West Bengal,633649,"Kavya Mehta",9005539802,2025,A,1,"Chennai Institute of Technology",Active
2371,"Sanya Mehta",CIVIL,3,Female,2006-03-05,AB+,9969566472,sanya2371@cit.edu.in,"46 Gandhi Road",Delhi,Tamil Nadu,694660,"Varun Mehta",9661506948,2023,B,6,"Chennai Institute of Technology",Active
2372,"Sanya Patel",CIVIL,4,Female,2002-11-05,A-,9188775632,sanya2372@cit.edu.in,"86 Gandhi Road",Mumbai,Telangana,686088,"Rahul Patel",9132653804,2022,A,7,"Chennai Institute of Technology",Active
2373,"Arjun Nair",CSE,1,Male,2003-08-06,A+,9766410186,arjun2373@cit.edu.in,"36 Gandhi Road",Kolkata,Maharashtra,688946,"Neha Nair",9522831819,2025,C,1,"Chennai Institute of Technology",Active
2374,"Rohan Nair",MECH,1,Male,2003-04-04,AB-,9915047329,rohan2374@cit.edu.in,"71 Gandhi Road",Hyderabad,Karnataka,680770,"Priya Nair",9821112288,2025,A,1,"Chennai Institute of Technology",Active
2375,"Sanya Chopra",MECH,4,Female,2005-02-05,B-,9933172505,sanya2375@cit.edu.in,"17 Gandhi Road",Pune,Karnataka,623837,"Karan Chopra",9373290585,2022,B,8,"Chennai Institute of Technology",Active
2376,"Karan Gupta",AIDS,2,Female,2002-09-01,AB-,9793535291,karan2376@cit.edu.in,"83 Gandhi Road",Bengaluru,Delhi,662500,"Rahul Gupta",9242315661,2024,A,3,"Chennai Institute of Technology",Active
2377,"Vikram Reddy",EEE,2,Male,2005-12-02,A-,9560494197,vikram2377@cit.edu.in,"25 Gandhi Road",Bengaluru,Telangana,676103,"Neha Reddy",9965155545,2024,A,3,"Chennai Institute of Technology",Active
2378,"Sanya Reddy",CIVIL,4,Male,2005-01-23,A+,9183210788,sanya2378@cit.edu.in,"84 Gandhi Road",Chennai,West Bengal,699311,"Arjun Reddy",9408637687,2022,A,8,"Chennai Institute of Technology",Active
2379,"Pooja Verma",ECE,1,Male,2003-05-01,B-,9917667098,pooja2379@cit.edu.in,"75 Gandhi Road",Hyderabad,Telangana,606294,"Rohan Verma",9869271761,2025,B,1,"Chennai Institute of Technology",Active
2380,"Aditya Joshi",CSE,3,Female,2002-04-12,A+,9508582610,aditya2380@cit.edu.in,"53 Gandhi Road",Pune,Delhi,629399,"Neha Joshi",9841292172,2023,B,5,"Chennai Institute of Technology",Active
2381,"Neha Joshi",AIML,2,Male,2002-11-09,AB-,9406033711,neha2381@cit.edu.in,"28 Gandhi Road",Chennai,Delhi,641104,"Priya Joshi",9816072681,2024,B,4,"Chennai Institute of Technology",Active
2382,"Pooja Mehta",MECH,3,Female,2002-10-19,O-,9659062701,pooja2382@cit.edu.in,"12 Gandhi Road",Mumbai,Karnataka,661399,"Priya Mehta",9437830659,2023,C,6,"Chennai Institute of Technology",Active
2383,"Varun Joshi",EEE,3,Female,2006-02-25,O+,9596526879,varun2383@cit.edu.in,"59 Gandhi Road",Hyderabad,West Bengal,626637,"Karan Joshi",9716578264,2023,C,5,"Chennai Institute of Technology",Active
2384,"Aarav Nair",AIDS,1,Female,2004-02-15,B-,9702090290,aarav2384@cit.edu.in,"83 Gandhi Road",Delhi,Delhi,692721,"Priya Nair",9457420237,2025,B,2,"Chennai Institute of Technology",Active
2385,"Neha Kumar",AIML,2,Female,2002-11-13,B+,9590968068,neha2385@cit.edu.in,"72 Gandhi Road",Pune,West Bengal,648430,"Rohan Kumar",9934277611,2024,B,4,"Chennai Institute of Technology",Active
2386,"Diya Sharma",EEE,3,Female,2005-11-06,AB-,9585724985,diya2386@cit.edu.in,"47 Gandhi Road",Hyderabad,Telangana,636605,"Rohan Sharma",9601055030,2023,B,6,"Chennai Institute of Technology",Active
2387,"Kavya Verma",CIVIL,1,Female,2006-05-28,O+,9891002941,kavya2387@cit.edu.in,"59 Gandhi Road",Delhi,Maharashtra,662686,"Varun Verma",9975657521,2025,D,2,"Chennai Institute of Technology",Active
2388,"Priya Reddy",IT,4,Male,2002-07-13,B-,9206246477,priya2388@cit.edu.in,"69 Gandhi Road",Bengaluru,West Bengal,602502,"Varun Reddy",9269304860,2022,B,7,"Chennai Institute of Technology",Active
2389,"Rohan Patel",CIVIL,3,Male,2004-05-09,AB-,9553066786,rohan2389@cit.edu.in,"69 Gandhi Road",Delhi,Tamil Nadu,686410,"Aarav Patel",9496143431,2023,A,5,"Chennai Institute of Technology",Active
2390,"Aarav Kumar",AIDS,3,Male,2002-01-23,AB+,9356457018,aarav2390@cit.edu.in,"42 Gandhi Road",Kolkata,Tamil Nadu,620517,"Pooja Kumar",9152415050,2023,B,5,"Chennai Institute of Technology",Active
2391,"Aditya Gupta",MECH,4,Female,2005-07-07,AB+,9472077519,aditya2391@cit.edu.in,"94 Gandhi Road",Kolkata,West Bengal,604035,"Kavya Gupta",9508075452,2022,C,7,"Chennai Institute of Technology",Active
2392,"Priya Rao",IT,2,Female,2003-06-04,AB+,9759101605,priya2392@cit.edu.in,"70 Gandhi Road",Delhi,Karnataka,698884,"Priya Rao",9460854386,2024,B,3,"Chennai Institute of Technology",Active
2393,"Ananya Rao",ECE,3,Female,2005-01-15,AB+,9124322587,ananya2393@cit.edu.in,"52 Gandhi Road",Bengaluru,Delhi,639536,"Meera Rao",9248703010,2023,D,5,"Chennai Institute of Technology",Active
2394,"Kavya Mehta",CIVIL,1,Female,2006-10-26,A+,9618663381,kavya2394@cit.edu.in,"65 Gandhi Road",Kolkata,Tamil Nadu,624502,"Kavya Mehta",9549769412,2025,A,2,"Chennai Institute of Technology",Active
2395,"Pooja Reddy",CSE,4,Male,2006-01-17,O-,9378194092,pooja2395@cit.edu.in,"40 Gandhi Road",Pune,Delhi,673757,"Meera Reddy",9516456626,2022,C,7,"Chennai Institute of Technology",Active
2396,"Ananya Reddy",IT,3,Female,2004-09-27,B+,9025002895,ananya2396@cit.edu.in,"91 Gandhi Road",Chennai,Karnataka,630486,"Aditya Reddy",9050519086,2023,A,6,"Chennai Institute of Technology",Active
2397,"Rahul Patel",EEE,2,Female,2004-08-11,O+,9139083555,rahul2397@cit.edu.in,"23 Gandhi Road",Chennai,Karnataka,608383,"Ananya Patel",9382812057,2024,B,4,"Chennai Institute of Technology",Active
2398,"Sanya Kumar",MECH,3,Male,2002-11-02,AB+,9284923422,sanya2398@cit.edu.in,"47 Gandhi Road",Pune,Tamil Nadu,672939,"Varun Kumar",9164536625,2023,B,5,"Chennai Institute of Technology",Active
2399,"Aarav Chopra",CSE,4,Female,2005-05-26,AB-,9747556722,aarav2399@cit.edu.in,"49 Gandhi Road",Delhi,Delhi,674692,"Neha Chopra",9768401636,2022,A,8,"Chennai Institute of Technology",Active
2400,"Arjun Nair",MECH,1,Female,2005-03-03,O+,9504243313,arjun2400@cit.edu.in,"18 Gandhi Road",Kolkata,West Bengal,674381,"Meera Nair",9183487837,2025,C,2,"Chennai Institute of Technology",Active
2401,"Neha Rao",ECE,3,Male,2005-12-10,A-,9429765709,neha2401@cit.edu.in,"37 Gandhi Road",Mumbai,Telangana,644365,"Priya Rao",9551461125,2023,A,6,"Chennai Institute of Technology",Active
2402,"Rohan Singh",CSE,1,Male,2004-09-01,AB+,9624594781,rohan2402@cit.edu.in,"73 Gandhi Road",Pune,Telangana,696129,"Aditya Singh",9856734314,2025,B,1,"Chennai Institute of Technology",Active
2403,"Neha Joshi",CIVIL,3,Female,2004-11-10,B+,9282357950,neha2403@cit.edu.in,"98 Gandhi Road",Delhi,Tamil Nadu,605825,"Sanya Joshi",9571077377,2023,C,6,"Chennai Institute of Technology",Active
2404,"Meera Joshi",ECE,4,Male,2003-01-08,A-,9884989443,meera2404@cit.edu.in,"28 Gandhi Road",Chennai,Maharashtra,669196,"Sanya Joshi",9279655412,2022,C,7,"Chennai Institute of Technology",Active
2405,"Aarav Singh",IT,2,Female,2003-10-14,B-,9815480530,aarav2405@cit.edu.in,"60 Gandhi Road",Kolkata,Maharashtra,616614,"Diya Singh",9425072740,2024,D,4,"Chennai Institute of Technology",Active
2406,"Arjun Verma",MECH,1,Male,2002-05-27,A+,9218885585,arjun2406@cit.edu.in,"89 Gandhi Road",Hyderabad,West Bengal,691616,"Priya Verma",9076355344,2025,A,2,"Chennai Institute of Technology",Active
2407,"Sanya Chopra",MECH,2,Male,2005-05-28,B+,9856137679,sanya2407@cit.edu.in,"13 Gandhi Road",Delhi,Telangana,633692,"Priya Chopra",9991600884,2024,D,3,"Chennai Institute of Technology",Active
2408,"Priya Verma",IT,1,Male,2002-07-26,O-,9064147730,priya2408@cit.edu.in,"19 Gandhi Road",Delhi,Maharashtra,658924,"Rahul Verma",9621537930,2025,A,1,"Chennai Institute of Technology",Active
2409,"Varun Reddy",EEE,2,Female,2004-02-12,B+,9165738940,varun2409@cit.edu.in,"55 Gandhi Road",Delhi,Karnataka,679021,"Aarav Reddy",9433945267,2024,C,3,"Chennai Institute of Technology",Active
2410,"Diya Chopra",AIDS,4,Male,2002-11-22,AB-,9173768083,diya2410@cit.edu.in,"43 Gandhi Road",Pune,Karnataka,684884,"Arjun Chopra",9164780280,2022,A,7,"Chennai Institute of Technology",Active
2411,"Arjun Reddy",AIDS,4,Female,2002-06-06,AB+,9946838382,arjun2411@cit.edu.in,"15 Gandhi Road",Hyderabad,Maharashtra,696557,"Ananya Reddy",9325878498,2022,A,7,"Chennai Institute of Technology",Active
2412,"Aditya Mehta",AIDS,1,Female,2003-03-22,B-,9453296704,aditya2412@cit.edu.in,"35 Gandhi Road",Bengaluru,Karnataka,676184,"Kavya Mehta",9617764908,2025,B,2,"Chennai Institute of Technology",Active
2413,"Rahul Chopra",IT,3,Male,2002-04-04,AB+,9160228888,rahul2413@cit.edu.in,"84 Gandhi Road",Delhi,Karnataka,634175,"Priya Chopra",9943109330,2023,B,5,"Chennai Institute of Technology",Active
2414,"Arjun Singh",ECE,1,Female,2002-06-24,A-,9468129766,arjun2414@cit.edu.in,"80 Gandhi Road",Kolkata,Tamil Nadu,639387,"Rahul Singh",9257793932,2025,A,2,"Chennai Institute of Technology",Active
2415,"Pooja Verma",MECH,2,Female,2003-04-28,AB+,9151174268,pooja2415@cit.edu.in,"82 Gandhi Road",Pune,Karnataka,606492,"Sanya Verma",9970406853,2024,D,4,"Chennai Institute of Technology",Active
2416,"Karan Gupta",CSE,4,Female,2003-01-27,B+,9990176515,karan2416@cit.edu.in,"87 Gandhi Road",Delhi,Telangana,642538,"Pooja Gupta",9896331996,2022,C,7,"Chennai Institute of Technology",Active
2417,"Pooja Kumar",EEE,4,Male,2002-10-18,AB-,9367462182,pooja2417@cit.edu.in,"59 Gandhi Road",Delhi,Delhi,629360,"Kavya Kumar",9764954747,2022,C,7,"Chennai Institute of Technology",Active
2418,"Pooja Mehta",AIML,2,Male,2003-11-12,AB+,9805758000,pooja2418@cit.edu.in,"78 Gandhi Road",Chennai,Telangana,667271,"Aditya Mehta",9547551134,2024,A,4,"Chennai Institute of Technology",Active
2419,"Sanya Patel",CIVIL,3,Female,2002-08-02,AB-,9778578550,sanya2419@cit.edu.in,"64 Gandhi Road",Kolkata,Delhi,614650,"Ananya Patel",9523699990,2023,D,6,"Chennai Institute of Technology",Active
2420,"Kavya Verma",ECE,4,Male,2003-07-13,A-,9226256314,kavya2420@cit.edu.in,"83 Gandhi Road",Delhi,Tamil Nadu,680225,"Karan Verma",9907063739,2022,D,8,"Chennai Institute of Technology",Active
2421,"Arjun Verma",AIML,3,Female,2004-05-24,O-,9665481751,arjun2421@cit.edu.in,"68 Gandhi Road",Pune,Maharashtra,600227,"Rohan Verma",9363747848,2023,B,6,"Chennai Institute of Technology",Active
2422,"Vikram Verma",AIDS,1,Male,2005-06-16,B+,9764362550,vikram2422@cit.edu.in,"58 Gandhi Road",Delhi,West Bengal,675786,"Rahul Verma",9018162133,2025,B,2,"Chennai Institute of Technology",Active
2423,"Meera Patel",MECH,3,Female,2004-08-05,O-,9607783688,meera2423@cit.edu.in,"13 Gandhi Road",Kolkata,West Bengal,609710,"Rohan Patel",9707181193,2023,C,6,"Chennai Institute of Technology",Active
2424,"Aarav Nair",IT,3,Male,2003-01-09,O-,9191400622,aarav2424@cit.edu.in,"20 Gandhi Road",Delhi,Telangana,673210,"Priya Nair",9924186936,2023,B,5,"Chennai Institute of Technology",Active
2425,"Kavya Rao",CIVIL,2,Male,2006-10-05,AB+,9153258757,kavya2425@cit.edu.in,"93 Gandhi Road",Hyderabad,Maharashtra,600666,"Arjun Rao",9635254832,2024,B,4,"Chennai Institute of Technology",Active
2426,"Diya Sharma",EEE,3,Female,2002-03-15,A-,9240574418,diya2426@cit.edu.in,"91 Gandhi Road",Kolkata,Telangana,611257,"Meera Sharma",9115327173,2023,B,5,"Chennai Institute of Technology",Active
2427,"Aditya Sharma",AIDS,3,Male,2006-07-12,AB-,9677024569,aditya2427@cit.edu.in,"25 Gandhi Road",Hyderabad,Tamil Nadu,613513,"Diya Sharma",9329046557,2023,A,6,"Chennai Institute of Technology",Active
2428,"Pooja Rao",CSE,3,Female,2002-07-15,B+,9384050361,pooja2428@cit.edu.in,"69 Gandhi Road",Kolkata,West Bengal,692754,"Aarav Rao",9569240815,2023,A,5,"Chennai Institute of Technology",Active
2429,"Diya Singh",IT,3,Female,2003-02-09,AB-,9164089756,diya2429@cit.edu.in,"92 Gandhi Road",Kolkata,Tamil Nadu,696855,"Sanya Singh",9250031702,2023,B,6,"Chennai Institute of Technology",Active
2430,"Ananya Sharma",ECE,4,Female,2005-08-12,AB+,9598991443,ananya2430@cit.edu.in,"91 Gandhi Road",Hyderabad,West Bengal,680912,"Aditya Sharma",9143878366,2022,A,7,"Chennai Institute of Technology",Active
2431,"Varun Reddy",ECE,4,Female,2002-06-07,A+,9287592174,varun2431@cit.edu.in,"16 Gandhi Road",Mumbai,Karnataka,650009,"Sanya Reddy",9738943278,2022,D,7,"Chennai Institute of Technology",Active
2432,"Rahul Patel",AIML,1,Female,2002-06-05,O-,9764559470,rahul2432@cit.edu.in,"80 Gandhi Road",Chennai,Delhi,611582,"Karan Patel",9210153649,2025,A,2,"Chennai Institute of Technology",Active
2433,"Neha Nair",EEE,2,Male,2004-02-14,A-,9290851664,neha2433@cit.edu.in,"95 Gandhi Road",Delhi,West Bengal,675016,"Aditya Nair",9985957088,2024,A,3,"Chennai Institute of Technology",Active
2434,"Aditya Rao",AIDS,4,Female,2004-07-03,A-,9636761954,aditya2434@cit.edu.in,"38 Gandhi Road",Pune,Maharashtra,682318,"Aditya Rao",9274582752,2022,C,8,"Chennai Institute of Technology",Active
2435,"Arjun Singh",MECH,1,Male,2004-08-11,AB+,9267826555,arjun2435@cit.edu.in,"77 Gandhi Road",Bengaluru,Karnataka,629603,"Priya Singh",9346558780,2025,D,1,"Chennai Institute of Technology",Active
2436,"Pooja Nair",AIDS,2,Male,2003-07-14,B+,9851153243,pooja2436@cit.edu.in,"62 Gandhi Road",Bengaluru,West Bengal,677014,"Diya Nair",9390819519,2024,A,3,"Chennai Institute of Technology",Active
2437,"Aarav Chopra",IT,1,Female,2003-03-25,AB+,9560610462,aarav2437@cit.edu.in,"96 Gandhi Road",Hyderabad,Karnataka,605307,"Aditya Chopra",9029596024,2025,B,1,"Chennai Institute of Technology",Active
2438,"Neha Joshi",IT,4,Female,2005-09-10,O-,9966634818,neha2438@cit.edu.in,"69 Gandhi Road",Pune,Karnataka,636491,"Neha Joshi",9726345245,2022,D,7,"Chennai Institute of Technology",Active
2439,"Ananya Verma",IT,4,Female,2004-03-03,AB+,9014139097,ananya2439@cit.edu.in,"10 Gandhi Road",Delhi,Telangana,614118,"Pooja Verma",9365867047,2022,B,8,"Chennai Institute of Technology",Active
2440,"Sanya Chopra",ECE,3,Male,2006-07-19,B+,9312933704,sanya2440@cit.edu.in,"47 Gandhi Road",Hyderabad,Delhi,627556,"Sanya Chopra",9674920972,2023,A,5,"Chennai Institute of Technology",Active
2441,"Priya Chopra",AIML,3,Male,2002-12-15,B+,9527974993,priya2441@cit.edu.in,"91 Gandhi Road",Pune,Delhi,633112,"Aditya Chopra",9738722630,2023,C,6,"Chennai Institute of Technology",Active
2442,"Vikram Rao",IT,1,Female,2005-01-14,B-,9107921679,vikram2442@cit.edu.in,"33 Gandhi Road",Hyderabad,Delhi,674609,"Ananya Rao",9993625275,2025,D,1,"Chennai Institute of Technology",Active
2443,"Kavya Chopra",IT,3,Female,2006-07-12,AB+,9061881071,kavya2443@cit.edu.in,"36 Gandhi Road",Bengaluru,Karnataka,689205,"Rahul Chopra",9053315698,2023,A,6,"Chennai Institute of Technology",Active
2444,"Varun Nair",AIML,1,Male,2006-12-15,A+,9821761979,varun2444@cit.edu.in,"99 Gandhi Road",Chennai,Tamil Nadu,672342,"Neha Nair",9695979257,2025,D,2,"Chennai Institute of Technology",Active
2445,"Pooja Joshi",AIML,3,Female,2004-03-18,A+,9988604541,pooja2445@cit.edu.in,"99 Gandhi Road",Chennai,West Bengal,601078,"Arjun Joshi",9081131869,2023,D,6,"Chennai Institute of Technology",Active
2446,"Aarav Singh",MECH,4,Male,2005-02-16,A+,9492975182,aarav2446@cit.edu.in,"78 Gandhi Road",Hyderabad,Maharashtra,610849,"Priya Singh",9109628308,2022,A,8,"Chennai Institute of Technology",Active
2447,"Ananya Nair",EEE,2,Male,2003-02-15,O-,9887830550,ananya2447@cit.edu.in,"63 Gandhi Road",Mumbai,West Bengal,654362,"Pooja Nair",9851681352,2024,D,3,"Chennai Institute of Technology",Active
2448,"Aarav Gupta",EEE,2,Male,2004-12-02,AB+,9807480864,aarav2448@cit.edu.in,"21 Gandhi Road",Kolkata,Tamil Nadu,659807,"Varun Gupta",9540488461,2024,A,4,"Chennai Institute of Technology",Active
2449,"Aditya Chopra",AIDS,2,Female,2006-12-02,A-,9075664129,aditya2449@cit.edu.in,"44 Gandhi Road",Pune,Maharashtra,639374,"Neha Chopra",9800588637,2024,B,3,"Chennai Institute of Technology",Active
2450,"Sanya Gupta",ECE,1,Female,2006-04-22,A-,9974529206,sanya2450@cit.edu.in,"61 Gandhi Road",Mumbai,Delhi,644875,"Rohan Gupta",9732488050,2025,A,1,"Chennai Institute of Technology",Active
2451,"Pooja Patel",ECE,3,Female,2005-07-28,O+,9001959577,pooja2451@cit.edu.in,"51 Gandhi Road",Hyderabad,Telangana,681938,"Arjun Patel",9667250831,2023,A,6,"Chennai Institute of Technology",Active
2452,"Vikram Joshi",CSE,4,Female,2006-04-24,B-,9181470938,vikram2452@cit.edu.in,"30 Gandhi Road",Bengaluru,Maharashtra,615776,"Rahul Joshi",9756950640,2022,D,7,"Chennai Institute of Technology",Active
2453,"Meera Gupta",EEE,3,Female,2006-04-12,O-,9961483065,meera2453@cit.edu.in,"41 Gandhi Road",Kolkata,Karnataka,664538,"Meera Gupta",9401879909,2023,A,6,"Chennai Institute of Technology",Active
2454,"Pooja Kumar",AIML,4,Female,2002-12-04,A+,9107558329,pooja2454@cit.edu.in,"45 Gandhi Road",Delhi,Maharashtra,613679,"Priya Kumar",9106420009,2022,C,7,"Chennai Institute of Technology",Active
2455,"Aditya Kumar",AIML,4,Female,2002-03-18,O-,9614371006,aditya2455@cit.edu.in,"71 Gandhi Road",Kolkata,Tamil Nadu,659179,"Kavya Kumar",9084970280,2022,B,7,"Chennai Institute of Technology",Active
2456,"Rohan Patel",CIVIL,4,Male,2006-03-02,B+,9924936527,rohan2456@cit.edu.in,"18 Gandhi Road",Pune,Maharashtra,614091,"Ananya Patel",9650795077,2022,A,8,"Chennai Institute of Technology",Active
2457,"Aarav Chopra",CSE,1,Male,2005-01-16,O+,9254710785,aarav2457@cit.edu.in,"87 Gandhi Road",Chennai,Telangana,694698,"Sanya Chopra",9004036315,2025,A,2,"Chennai Institute of Technology",Active
2458,"Kavya Reddy",ECE,2,Female,2003-01-02,AB+,9453367563,kavya2458@cit.edu.in,"35 Gandhi Road",Mumbai,Telangana,628510,"Karan Reddy",9501264034,2024,B,3,"Chennai Institute of Technology",Active
2459,"Rohan Sharma",CIVIL,1,Female,2005-09-21,B+,9374356001,rohan2459@cit.edu.in,"11 Gandhi Road",Delhi,Tamil Nadu,686941,"Ananya Sharma",9128776132,2025,C,1,"Chennai Institute of Technology",Active
2460,"Diya Verma",EEE,1,Male,2006-07-10,AB-,9230307358,diya2460@cit.edu.in,"59 Gandhi Road",Bengaluru,Tamil Nadu,697368,"Pooja Verma",9029255450,2025,C,1,"Chennai Institute of Technology",Active
2461,"Kavya Reddy",EEE,2,Male,2003-12-16,AB+,9703126894,kavya2461@cit.edu.in,"79 Gandhi Road",Mumbai,Maharashtra,632070,"Ananya Reddy",9065043823,2024,C,3,"Chennai Institute of Technology",Active
2462,"Ananya Patel",CSE,3,Male,2004-12-26,O+,9466804914,ananya2462@cit.edu.in,"19 Gandhi Road",Pune,Tamil Nadu,654998,"Aarav Patel",9318224500,2023,A,6,"Chennai Institute of Technology",Active
2463,"Neha Sharma",CIVIL,3,Male,2003-10-20,AB-,9984329717,neha2463@cit.edu.in,"71 Gandhi Road",Hyderabad,Maharashtra,661238,"Meera Sharma",9022552347,2023,C,6,"Chennai Institute of Technology",Active
2464,"Pooja Patel",ECE,3,Male,2005-07-03,B-,9063497676,pooja2464@cit.edu.in,"31 Gandhi Road",Pune,Karnataka,640039,"Aarav Patel",9255907376,2023,C,6,"Chennai Institute of Technology",Active
2465,"Pooja Mehta",IT,1,Female,2005-11-22,A+,9447430229,pooja2465@cit.edu.in,"96 Gandhi Road",Mumbai,Tamil Nadu,643691,"Kavya Mehta",9077739884,2025,B,2,"Chennai Institute of Technology",Active
2466,"Neha Singh",AIDS,2,Female,2003-03-01,O+,9130596295,neha2466@cit.edu.in,"69 Gandhi Road",Chennai,Delhi,668736,"Pooja Singh",9678527760,2024,D,4,"Chennai Institute of Technology",Active
2467,"Priya Chopra",EEE,2,Female,2002-04-14,AB-,9724615113,priya2467@cit.edu.in,"85 Gandhi Road",Mumbai,Delhi,698207,"Sanya Chopra",9466714454,2024,B,4,"Chennai Institute of Technology",Active
2468,"Pooja Reddy",CIVIL,4,Female,2003-06-16,B-,9982526518,pooja2468@cit.edu.in,"54 Gandhi Road",Delhi,Telangana,627784,"Rahul Reddy",9642214221,2022,B,7,"Chennai Institute of Technology",Active
2469,"Diya Patel",CSE,4,Female,2005-10-25,B+,9540273506,diya2469@cit.edu.in,"79 Gandhi Road",Bengaluru,West Bengal,674806,"Arjun Patel",9400908194,2022,A,8,"Chennai Institute of Technology",Active
2470,"Aarav Chopra",ECE,3,Female,2006-05-02,B+,9360818047,aarav2470@cit.edu.in,"43 Gandhi Road",Bengaluru,Maharashtra,624998,"Sanya Chopra",9343357955,2023,A,6,"Chennai Institute of Technology",Active
2471,"Vikram Patel",AIDS,3,Female,2005-05-19,A-,9111729947,vikram2471@cit.edu.in,"17 Gandhi Road",Mumbai,Delhi,657970,"Aarav Patel",9351417463,2023,C,5,"Chennai Institute of Technology",Active
2472,"Neha Patel",ECE,1,Female,2004-09-01,O-,9973662889,neha2472@cit.edu.in,"60 Gandhi Road",Mumbai,Delhi,608022,"Karan Patel",9786465127,2025,D,1,"Chennai Institute of Technology",Active
2473,"Aditya Patel",IT,2,Male,2005-01-12,A-,9294414945,aditya2473@cit.edu.in,"10 Gandhi Road",Bengaluru,Tamil Nadu,654433,"Neha Patel",9654187895,2024,D,4,"Chennai Institute of Technology",Active
2474,"Ananya Verma",AIDS,4,Male,2006-05-26,B+,9402778106,ananya2474@cit.edu.in,"20 Gandhi Road",Mumbai,Karnataka,627808,"Neha Verma",9016691724,2022,A,7,"Chennai Institute of Technology",Active
2475,"Ananya Kumar",IT,4,Female,2005-07-20,AB-,9580762059,ananya2475@cit.edu.in,"61 Gandhi Road",Mumbai,Tamil Nadu,675214,"Pooja Kumar",9123117243,2022,B,8,"Chennai Institute of Technology",Active
2476,"Rahul Reddy",CSE,4,Female,2004-07-21,B-,9508916011,rahul2476@cit.edu.in,"46 Gandhi Road",Kolkata,Telangana,658390,"Sanya Reddy",9211967490,2022,A,7,"Chennai Institute of Technology",Active
2477,"Varun Chopra",AIDS,3,Female,2006-04-24,O-,9900656699,varun2477@cit.edu.in,"23 Gandhi Road",Bengaluru,Karnataka,682523,"Rahul Chopra",9286660067,2023,C,5,"Chennai Institute of Technology",Active
2478,"Kavya Gupta",MECH,1,Male,2003-05-15,B+,9595609559,kavya2478@cit.edu.in,"67 Gandhi Road",Kolkata,West Bengal,696969,"Varun Gupta",9605893873,2025,B,2,"Chennai Institute of Technology",Active
2479,"Aarav Sharma",CIVIL,2,Female,2002-03-25,B-,9693099677,aarav2479@cit.edu.in,"97 Gandhi Road",Mumbai,Telangana,640055,"Neha Sharma",9380148398,2024,C,3,"Chennai Institute of Technology",Active
2480,"Aarav Verma",CIVIL,2,Male,2003-06-15,A+,9092972536,aarav2480@cit.edu.in,"46 Gandhi Road",Delhi,Karnataka,654439,"Ananya Verma",9965710035,2024,C,4,"Chennai Institute of Technology",Active
2481,"Sanya Reddy",AIDS,1,Male,2006-07-17,AB+,9396926712,sanya2481@cit.edu.in,"65 Gandhi Road",Mumbai,Karnataka,645239,"Karan Reddy",9893285518,2025,B,2,"Chennai Institute of Technology",Active
2482,"Meera Rao",AIDS,4,Male,2002-08-24,O-,9069360826,meera2482@cit.edu.in,"75 Gandhi Road",Mumbai,Tamil Nadu,657314,"Kavya Rao",9677649529,2022,B,7,"Chennai Institute of Technology",Active
2483,"Diya Gupta",AIML,1,Female,2005-08-28,B+,9000606109,diya2483@cit.edu.in,"13 Gandhi Road",Delhi,Delhi,666870,"Varun Gupta",9687816238,2025,D,1,"Chennai Institute of Technology",Active
2484,"Meera Rao",MECH,2,Male,2004-06-04,AB-,9779896912,meera2484@cit.edu.in,"60 Gandhi Road",Hyderabad,West Bengal,607719,"Diya Rao",9443354482,2024,B,4,"Chennai Institute of Technology",Active
2485,"Meera Verma",MECH,1,Male,2004-09-04,B+,9912931584,meera2485@cit.edu.in,"11 Gandhi Road",Bengaluru,West Bengal,670928,"Aarav Verma",9348453533,2025,A,2,"Chennai Institute of Technology",Active
2486,"Vikram Mehta",IT,2,Male,2002-07-19,AB+,9189307697,vikram2486@cit.edu.in,"51 Gandhi Road",Pune,Karnataka,619549,"Varun Mehta",9569528161,2024,D,3,"Chennai Institute of Technology",Active
2487,"Varun Gupta",CSE,2,Male,2006-07-02,O-,9316263539,varun2487@cit.edu.in,"49 Gandhi Road",Hyderabad,West Bengal,695476,"Neha Gupta",9117028756,2024,B,4,"Chennai Institute of Technology",Active
2488,"Varun Nair",AIDS,3,Male,2005-04-27,O-,9946075544,varun2488@cit.edu.in,"71 Gandhi Road",Bengaluru,Maharashtra,646279,"Diya Nair",9603770356,2023,A,6,"Chennai Institute of Technology",Active
2489,"Karan Joshi",IT,1,Female,2005-11-27,A-,9376516378,karan2489@cit.edu.in,"47 Gandhi Road",Pune,West Bengal,647653,"Pooja Joshi",9082273179,2025,B,2,"Chennai Institute of Technology",Active
2490,"Rahul Sharma",IT,4,Female,2004-12-02,AB+,9188669834,rahul2490@cit.edu.in,"70 Gandhi Road",Chennai,Delhi,623834,"Diya Sharma",9885788248,2022,D,8,"Chennai Institute of Technology",Active
2491,"Aditya Gupta",CIVIL,2,Female,2005-12-05,A-,9392881133,aditya2491@cit.edu.in,"79 Gandhi Road",Bengaluru,Tamil Nadu,633292,"Rohan Gupta",9121943771,2024,C,4,"Chennai Institute of Technology",Active
2492,"Aarav Kumar",MECH,2,Female,2004-07-12,B+,9459643439,aarav2492@cit.edu.in,"31 Gandhi Road",Chennai,Telangana,614832,"Pooja Kumar",9498968362,2024,B,4,"Chennai Institute of Technology",Active
2493,"Priya Nair",IT,1,Male,2004-07-28,O+,9253674710,priya2493@cit.edu.in,"38 Gandhi Road",Mumbai,Tamil Nadu,635671,"Kavya Nair",9785415836,2025,C,2,"Chennai Institute of Technology",Active
2494,"Varun Joshi",AIML,2,Female,2005-11-16,O-,9473500481,varun2494@cit.edu.in,"65 Gandhi Road",Bengaluru,Maharashtra,672835,"Karan Joshi",9872589310,2024,C,3,"Chennai Institute of Technology",Active
2495,"Diya Verma",MECH,2,Female,2005-06-04,AB+,9457470714,diya2495@cit.edu.in,"99 Gandhi Road",Bengaluru,Delhi,653461,"Karan Verma",9412016993,2024,A,4,"Chennai Institute of Technology",Active
2496,"Karan Rao",ECE,3,Male,2006-08-10,B-,9646134429,karan2496@cit.edu.in,"75 Gandhi Road",Delhi,West Bengal,699518,"Rahul Rao",9196245129,2023,B,5,"Chennai Institute of Technology",Active
2497,"Neha Singh",AIDS,2,Female,2003-11-02,AB-,9489784340,neha2497@cit.edu.in,"32 Gandhi Road",Bengaluru,West Bengal,663923,"Meera Singh",9067674014,2024,C,4,"Chennai Institute of Technology",Active
2498,"Sanya Gupta",IT,3,Male,2006-03-07,A+,9549343734,sanya2498@cit.edu.in,"91 Gandhi Road",Kolkata,Delhi,611999,"Meera Gupta",9208585068,2023,C,6,"Chennai Institute of Technology",Active
2499,"Kavya Sharma",ECE,2,Female,2002-08-04,A+,9117672700,kavya2499@cit.edu.in,"30 Gandhi Road",Bengaluru,Karnataka,662208,"Arjun Sharma",9545434898,2024,A,3,"Chennai Institute of Technology",Active
2500,"Priya Singh",AIDS,3,Male,2002-07-13,O+,9875085480,priya2500@cit.edu.in,"85 Gandhi Road",Kolkata,Telangana,638130,"Sanya Singh",9720409246,2023,A,6,"Chennai Institute of Technology",Active
2501,"Aditya Mehta",AIML,2,Male,2003-04-26,A+,9622985542,aditya2501@cit.edu.in,"43 Gandhi Road",Mumbai,Maharashtra,688255,"Diya Mehta",9438584006,2024,D,3,"Chennai Institute of Technology",Active
2502,"Vikram Singh",ECE,1,Female,2006-12-26,O-,9652459945,vikram2502@cit.edu.in,"29 Gandhi Road",Mumbai,West Bengal,699800,"Rohan Singh",9776271222,2025,C,1,"Chennai Institute of Technology",Active
2503,"Sanya Verma",EEE,3,Female,2006-04-14,O-,9986476038,sanya2503@cit.edu.in,"18 Gandhi Road",Bengaluru,Telangana,607858,"Diya Verma",9397520802,2023,D,5,"Chennai Institute of Technology",Active
2504,"Sanya Verma",MECH,3,Male,2006-06-09,O-,9279220634,sanya2504@cit.edu.in,"87 Gandhi Road",Bengaluru,Delhi,638728,"Vikram Verma",9453099092,2023,C,6,"Chennai Institute of Technology",Active
2505,"Diya Patel",MECH,4,Female,2004-07-24,AB-,9909290929,diya2505@cit.edu.in,"84 Gandhi Road",Chennai,Karnataka,692668,"Rohan Patel",9669120936,2022,A,8,"Chennai Institute of Technology",Active
2506,"Meera Singh",CIVIL,4,Female,2003-07-08,B+,9195201789,meera2506@cit.edu.in,"11 Gandhi Road",Mumbai,Karnataka,665213,"Kavya Singh",9901067755,2022,C,7,"Chennai Institute of Technology",Active
2507,"Aarav Sharma",AIDS,1,Male,2006-05-19,O-,9388620063,aarav2507@cit.edu.in,"76 Gandhi Road",Delhi,West Bengal,621927,"Diya Sharma",9656956367,2025,D,2,"Chennai Institute of Technology",Active
2508,"Karan Kumar",AIML,2,Female,2004-02-25,A+,9539007617,karan2508@cit.edu.in,"91 Gandhi Road",Bengaluru,Maharashtra,633355,"Neha Kumar",9964727340,2024,C,3,"Chennai Institute of Technology",Active
2509,"Aarav Chopra",ECE,2,Male,2003-08-17,B-,9676417452,aarav2509@cit.edu.in,"42 Gandhi Road",Kolkata,Tamil Nadu,643664,"Vikram Chopra",9636058991,2024,C,3,"Chennai Institute of Technology",Active
2510,"Neha Gupta",MECH,3,Male,2003-08-13,O+,9879633105,neha2510@cit.edu.in,"20 Gandhi Road",Mumbai,Maharashtra,606484,"Priya Gupta",9816839436,2023,C,6,"Chennai Institute of Technology",Active
2511,"Ananya Rao",CIVIL,3,Female,2002-02-28,B+,9451584161,ananya2511@cit.edu.in,"90 Gandhi Road",Bengaluru,Tamil Nadu,690422,"Aarav Rao",9655514777,2023,C,6,"Chennai Institute of Technology",Active
2512,"Rohan Joshi",CSE,4,Female,2004-06-02,B+,9810820484,rohan2512@cit.edu.in,"31 Gandhi Road",Pune,West Bengal,622579,"Kavya Joshi",9515896372,2022,D,7,"Chennai Institute of Technology",Active
2513,"Aditya Verma",ECE,2,Female,2002-03-04,B-,9139615596,aditya2513@cit.edu.in,"23 Gandhi Road",Delhi,Tamil Nadu,697094,"Neha Verma",9894998150,2024,A,4,"Chennai Institute of Technology",Active
2514,"Varun Nair",AIML,3,Male,2004-01-25,B+,9472544683,varun2514@cit.edu.in,"54 Gandhi Road",Kolkata,Telangana,681704,"Priya Nair",9905754091,2023,C,6,"Chennai Institute of Technology",Active
2515,"Rohan Verma",IT,2,Female,2005-02-08,B-,9966346411,rohan2515@cit.edu.in,"54 Gandhi Road",Chennai,Maharashtra,613210,"Aarav Verma",9741199595,2024,A,4,"Chennai Institute of Technology",Active
2516,"Rohan Patel",EEE,2,Female,2004-07-13,B+,9904467923,rohan2516@cit.edu.in,"48 Gandhi Road",Bengaluru,Tamil Nadu,638314,"Rahul Patel",9857956146,2024,A,3,"Chennai Institute of Technology",Active
2517,"Pooja Gupta",ECE,3,Male,2006-09-21,A+,9667694532,pooja2517@cit.edu.in,"80 Gandhi Road",Bengaluru,Tamil Nadu,661673,"Vikram Gupta",9240679517,2023,C,5,"Chennai Institute of Technology",Active
2518,"Karan Sharma",CSE,2,Male,2004-02-06,O-,9606078133,karan2518@cit.edu.in,"71 Gandhi Road",Hyderabad,Telangana,665878,"Neha Sharma",9525990464,2024,D,4,"Chennai Institute of Technology",Active
2519,"Sanya Verma",MECH,3,Male,2003-05-26,AB-,9288658379,sanya2519@cit.edu.in,"68 Gandhi Road",Kolkata,West Bengal,602778,"Arjun Verma",9108033779,2023,A,6,"Chennai Institute of Technology",Active
2520,"Aditya Rao",EEE,3,Male,2004-05-14,O+,9672399104,aditya2520@cit.edu.in,"68 Gandhi Road",Hyderabad,Karnataka,682126,"Aarav Rao",9517893027,2023,A,5,"Chennai Institute of Technology",Active
2521,"Neha Kumar",MECH,3,Female,2005-11-07,A-,9926339707,neha2521@cit.edu.in,"40 Gandhi Road",Pune,Delhi,602729,"Rahul Kumar",9045831280,2023,C,6,"Chennai Institute of Technology",Active
2522,"Neha Patel",AIDS,2,Male,2003-11-27,AB-,9320334605,neha2522@cit.edu.in,"15 Gandhi Road",Chennai,Maharashtra,662475,"Rohan Patel",9438253219,2024,A,3,"Chennai Institute of Technology",Active
2523,"Priya Mehta",CSE,1,Female,2004-04-28,A+,9948100227,priya2523@cit.edu.in,"37 Gandhi Road",Hyderabad,Delhi,660201,"Karan Mehta",9798830102,2025,D,1,"Chennai Institute of Technology",Active
2524,"Meera Mehta",AIDS,4,Male,2005-07-20,AB-,9691224642,meera2524@cit.edu.in,"72 Gandhi Road",Kolkata,Telangana,650445,"Priya Mehta",9417673441,2022,A,8,"Chennai Institute of Technology",Active
2525,"Priya Mehta",AIML,1,Female,2002-08-28,A-,9570928751,priya2525@cit.edu.in,"47 Gandhi Road",Delhi,Maharashtra,608267,"Aarav Mehta",9718807952,2025,B,1,"Chennai Institute of Technology",Active
2526,"Arjun Kumar",AIDS,1,Female,2003-03-26,AB-,9925120112,arjun2526@cit.edu.in,"40 Gandhi Road",Delhi,Tamil Nadu,656000,"Sanya Kumar",9868243183,2025,C,2,"Chennai Institute of Technology",Active
2527,"Rahul Reddy",EEE,3,Male,2003-02-08,O+,9234655082,rahul2527@cit.edu.in,"52 Gandhi Road",Delhi,Delhi,607175,"Aarav Reddy",9647691416,2023,B,6,"Chennai Institute of Technology",Active
2528,"Diya Joshi",ECE,2,Female,2003-08-04,A-,9610054096,diya2528@cit.edu.in,"14 Gandhi Road",Bengaluru,West Bengal,681735,"Kavya Joshi",9899839297,2024,D,4,"Chennai Institute of Technology",Active
2529,"Aditya Chopra",AIDS,4,Female,2006-06-19,A+,9086372328,aditya2529@cit.edu.in,"62 Gandhi Road",Hyderabad,Maharashtra,640440,"Arjun Chopra",9868378548,2022,B,7,"Chennai Institute of Technology",Active
2530,"Sanya Sharma",MECH,1,Female,2003-08-03,A+,9241723042,sanya2530@cit.edu.in,"33 Gandhi Road",Hyderabad,Karnataka,656920,"Arjun Sharma",9620021886,2025,C,1,"Chennai Institute of Technology",Active
2531,"Aditya Nair",ECE,2,Female,2003-07-13,A+,9645353787,aditya2531@cit.edu.in,"19 Gandhi Road",Chennai,Delhi,619891,"Varun Nair",9016862553,2024,B,3,"Chennai Institute of Technology",Active
2532,"Priya Reddy",AIDS,1,Female,2005-05-15,O+,9300964558,priya2532@cit.edu.in,"76 Gandhi Road",Delhi,Telangana,619400,"Priya Reddy",9726031240,2025,D,2,"Chennai Institute of Technology",Active
2533,"Diya Singh",ECE,3,Male,2003-03-07,AB-,9504641652,diya2533@cit.edu.in,"41 Gandhi Road",Kolkata,West Bengal,698298,"Meera Singh",9832760615,2023,A,6,"Chennai Institute of Technology",Active
2534,"Vikram Reddy",CIVIL,1,Male,2004-04-16,B-,9908216671,vikram2534@cit.edu.in,"96 Gandhi Road",Pune,Karnataka,625564,"Neha Reddy",9468478148,2025,C,2,"Chennai Institute of Technology",Active
2535,"Sanya Kumar",IT,4,Male,2003-10-04,A-,9446084129,sanya2535@cit.edu.in,"68 Gandhi Road",Kolkata,West Bengal,650398,"Varun Kumar",9101814715,2022,B,7,"Chennai Institute of Technology",Active
2536,"Kavya Kumar",AIDS,1,Male,2005-02-15,AB+,9852135547,kavya2536@cit.edu.in,"84 Gandhi Road",Delhi,Tamil Nadu,606656,"Karan Kumar",9516365497,2025,D,2,"Chennai Institute of Technology",Active
2537,"Arjun Kumar",AIML,1,Female,2003-06-25,O-,9762736632,arjun2537@cit.edu.in,"38 Gandhi Road",Kolkata,Delhi,669164,"Priya Kumar",9935674189,2025,D,2,"Chennai Institute of Technology",Active
2538,"Priya Chopra",MECH,1,Female,2002-05-01,A+,9115962827,priya2538@cit.edu.in,"39 Gandhi Road",Pune,West Bengal,601741,"Karan Chopra",9696377137,2025,C,1,"Chennai Institute of Technology",Active
2539,"Neha Singh",ECE,3,Male,2005-03-14,O+,9750058792,neha2539@cit.edu.in,"32 Gandhi Road",Bengaluru,Telangana,676812,"Ananya Singh",9458804661,2023,C,5,"Chennai Institute of Technology",Active
2540,"Pooja Mehta",AIDS,3,Male,2006-12-21,AB-,9032368796,pooja2540@cit.edu.in,"82 Gandhi Road",Pune,Tamil Nadu,626195,"Aarav Mehta",9737958460,2023,D,5,"Chennai Institute of Technology",Active
2541,"Rahul Kumar",ECE,4,Male,2006-03-17,B-,9560214543,rahul2541@cit.edu.in,"32 Gandhi Road",Delhi,West Bengal,623298,"Varun Kumar",9942076343,2022,A,7,"Chennai Institute of Technology",Active
2542,"Neha Kumar",EEE,3,Female,2003-05-07,A+,9863086280,neha2542@cit.edu.in,"99 Gandhi Road",Mumbai,Maharashtra,603626,"Diya Kumar",9331206881,2023,A,5,"Chennai Institute of Technology",Active
2543,"Pooja Gupta",CIVIL,4,Female,2005-12-22,AB-,9709937095,pooja2543@cit.edu.in,"27 Gandhi Road",Chennai,Karnataka,621775,"Rohan Gupta",9881810185,2022,A,7,"Chennai Institute of Technology",Active
2544,"Karan Nair",CSE,1,Male,2002-12-03,B-,9610918774,karan2544@cit.edu.in,"76 Gandhi Road",Pune,West Bengal,627776,"Karan Nair",9843608448,2025,A,2,"Chennai Institute of Technology",Active
2545,"Priya Verma",CIVIL,1,Female,2004-01-08,O+,9700705341,priya2545@cit.edu.in,"64 Gandhi Road",Bengaluru,Delhi,688199,"Varun Verma",9987192523,2025,A,1,"Chennai Institute of Technology",Active
2546,"Rahul Kumar",IT,2,Male,2006-03-19,O+,9422701425,rahul2546@cit.edu.in,"52 Gandhi Road",Delhi,Tamil Nadu,650948,"Neha Kumar",9243930431,2024,D,4,"Chennai Institute of Technology",Active
2547,"Sanya Reddy",CSE,4,Male,2002-07-07,B-,9462867720,sanya2547@cit.edu.in,"63 Gandhi Road",Kolkata,Karnataka,638778,"Arjun Reddy",9021816184,2022,B,8,"Chennai Institute of Technology",Active
2548,"Priya Verma",CSE,3,Male,2006-07-04,O+,9629847520,priya2548@cit.edu.in,"74 Gandhi Road",Mumbai,West Bengal,649713,"Pooja Verma",9462078816,2023,D,6,"Chennai Institute of Technology",Active
2549,"Neha Kumar",MECH,3,Female,2004-08-26,O+,9618003377,neha2549@cit.edu.in,"15 Gandhi Road",Delhi,West Bengal,694412,"Arjun Kumar",9197803248,2023,D,5,"Chennai Institute of Technology",Active
2550,"Karan Singh",CIVIL,1,Female,2003-07-06,O-,9882775614,karan2550@cit.edu.in,"52 Gandhi Road",Pune,Maharashtra,669292,"Rahul Singh",9641727749,2025,D,2,"Chennai Institute of Technology",Active
2551,"Aarav Verma",EEE,4,Female,2005-09-04,B-,9489224229,aarav2551@cit.edu.in,"29 Gandhi Road",Hyderabad,Telangana,607806,"Pooja Verma",9570740607,2022,D,7,"Chennai Institute of Technology",Active
2552,"Karan Rao",IT,1,Male,2005-01-06,AB+,9289182607,karan2552@cit.edu.in,"24 Gandhi Road",Mumbai,Karnataka,650653,"Varun Rao",9786366334,2025,B,1,"Chennai Institute of Technology",Active
2553,"Vikram Patel",IT,2,Male,2005-11-20,O-,9056676810,vikram2553@cit.edu.in,"99 Gandhi Road",Kolkata,West Bengal,623027,"Rohan Patel",9441547619,2024,C,4,"Chennai Institute of Technology",Active
2554,"Karan Gupta",CIVIL,2,Female,2006-10-19,AB+,9982963894,karan2554@cit.edu.in,"96 Gandhi Road",Mumbai,Delhi,692612,"Meera Gupta",9962727739,2024,C,4,"Chennai Institute of Technology",Active
2555,"Karan Verma",AIML,1,Male,2003-03-14,A+,9095900105,karan2555@cit.edu.in,"83 Gandhi Road",Pune,West Bengal,640516,"Rohan Verma",9645254263,2025,C,2,"Chennai Institute of Technology",Active
2556,"Aditya Patel",AIDS,1,Male,2006-11-12,B+,9713855952,aditya2556@cit.edu.in,"81 Gandhi Road",Kolkata,Telangana,668082,"Vikram Patel",9289505489,2025,D,1,"Chennai Institute of Technology",Active
2557,"Priya Chopra",MECH,2,Female,2002-01-10,A-,9329692008,priya2557@cit.edu.in,"19 Gandhi Road",Pune,West Bengal,669636,"Neha Chopra",9991581320,2024,B,3,"Chennai Institute of Technology",Active
2558,"Priya Reddy",CSE,3,Female,2002-03-19,B-,9503222178,priya2558@cit.edu.in,"42 Gandhi Road",Delhi,Tamil Nadu,662967,"Pooja Reddy",9152253208,2023,D,5,"Chennai Institute of Technology",Active
2559,"Meera Gupta",CSE,2,Female,2005-03-23,AB+,9330809092,meera2559@cit.edu.in,"89 Gandhi Road",Kolkata,Telangana,670851,"Sanya Gupta",9626174917,2024,A,4,"Chennai Institute of Technology",Active
2560,"Karan Sharma",CSE,4,Male,2006-01-04,A-,9193008287,karan2560@cit.edu.in,"34 Gandhi Road",Mumbai,Karnataka,695782,"Varun Sharma",9217359473,2022,C,8,"Chennai Institute of Technology",Active
2561,"Rahul Rao",IT,3,Male,2006-10-05,B+,9706918825,rahul2561@cit.edu.in,"64 Gandhi Road",Pune,Delhi,601321,"Kavya Rao",9983643983,2023,A,6,"Chennai Institute of Technology",Active
2562,"Ananya Reddy",AIDS,3,Female,2004-06-05,B+,9943801236,ananya2562@cit.edu.in,"46 Gandhi Road",Delhi,Maharashtra,630689,"Aarav Reddy",9880696100,2023,A,6,"Chennai Institute of Technology",Active
2563,"Arjun Verma",MECH,4,Male,2004-03-18,A-,9975151439,arjun2563@cit.edu.in,"45 Gandhi Road",Delhi,Telangana,687176,"Kavya Verma",9635349999,2022,C,8,"Chennai Institute of Technology",Active
2564,"Aditya Verma",AIDS,2,Male,2005-08-17,B-,9665544177,aditya2564@cit.edu.in,"74 Gandhi Road",Bengaluru,Delhi,666940,"Rahul Verma",9353173734,2024,C,4,"Chennai Institute of Technology",Active
2565,"Rahul Mehta",AIDS,2,Female,2006-04-06,O+,9749520818,rahul2565@cit.edu.in,"21 Gandhi Road",Kolkata,Maharashtra,604667,"Rahul Mehta",9177030374,2024,A,4,"Chennai Institute of Technology",Active
2566,"Arjun Gupta",IT,2,Male,2003-11-16,AB-,9454008245,arjun2566@cit.edu.in,"89 Gandhi Road",Hyderabad,Karnataka,658178,"Meera Gupta",9454440313,2024,D,4,"Chennai Institute of Technology",Active
2567,"Aarav Mehta",MECH,1,Male,2005-02-12,B-,9098334431,aarav2567@cit.edu.in,"51 Gandhi Road",Delhi,Maharashtra,675833,"Vikram Mehta",9362063370,2025,C,1,"Chennai Institute of Technology",Active
2568,"Kavya Singh",MECH,2,Male,2005-09-23,B+,9909555310,kavya2568@cit.edu.in,"10 Gandhi Road",Chennai,Delhi,627022,"Rahul Singh",9533995861,2024,C,3,"Chennai Institute of Technology",Active
2569,"Ananya Kumar",EEE,4,Male,2002-06-18,O+,9727175424,ananya2569@cit.edu.in,"36 Gandhi Road",Chennai,West Bengal,669252,"Priya Kumar",9627910102,2022,B,8,"Chennai Institute of Technology",Active
2570,"Ananya Verma",CSE,4,Female,2002-12-25,B-,9684915717,ananya2570@cit.edu.in,"44 Gandhi Road",Kolkata,Telangana,693699,"Vikram Verma",9992336730,2022,B,7,"Chennai Institute of Technology",Active
2571,"Priya Rao",AIML,2,Female,2003-02-24,B-,9546496031,priya2571@cit.edu.in,"61 Gandhi Road",Chennai,West Bengal,626797,"Kavya Rao",9053790255,2024,C,4,"Chennai Institute of Technology",Active
2572,"Arjun Rao",CSE,2,Male,2006-07-19,A+,9476908341,arjun2572@cit.edu.in,"93 Gandhi Road",Bengaluru,Telangana,686242,"Rahul Rao",9665304884,2024,A,3,"Chennai Institute of Technology",Active
2573,"Rohan Nair",EEE,4,Female,2002-10-18,B-,9652067346,rohan2573@cit.edu.in,"28 Gandhi Road",Kolkata,Telangana,644794,"Vikram Nair",9780014537,2022,C,8,"Chennai Institute of Technology",Active
2574,"Neha Singh",EEE,4,Male,2003-04-21,O+,9256798918,neha2574@cit.edu.in,"96 Gandhi Road",Chennai,Telangana,655436,"Sanya Singh",9367401137,2022,D,7,"Chennai Institute of Technology",Active
2575,"Ananya Sharma",AIDS,4,Male,2005-04-14,O+,9574117150,ananya2575@cit.edu.in,"65 Gandhi Road",Delhi,Telangana,666499,"Neha Sharma",9523513517,2022,A,7,"Chennai Institute of Technology",Active
2576,"Sanya Singh",MECH,1,Female,2003-02-18,B-,9380000667,sanya2576@cit.edu.in,"87 Gandhi Road",Mumbai,Karnataka,677926,"Neha Singh",9991628344,2025,B,1,"Chennai Institute of Technology",Active
2577,"Varun Singh",MECH,4,Male,2003-03-04,AB+,9263967120,varun2577@cit.edu.in,"28 Gandhi Road",Kolkata,Delhi,653052,"Varun Singh",9682738534,2022,C,8,"Chennai Institute of Technology",Active
2578,"Neha Patel",ECE,3,Male,2006-12-17,AB+,9573699905,neha2578@cit.edu.in,"82 Gandhi Road",Hyderabad,Telangana,674790,"Aditya Patel",9374530324,2023,B,5,"Chennai Institute of Technology",Active
2579,"Rahul Nair",CIVIL,3,Female,2002-10-25,A-,9292093826,rahul2579@cit.edu.in,"10 Gandhi Road",Delhi,Delhi,614782,"Karan Nair",9753422752,2023,C,6,"Chennai Institute of Technology",Active
2580,"Vikram Gupta",MECH,4,Female,2005-11-13,O-,9554699691,vikram2580@cit.edu.in,"74 Gandhi Road",Mumbai,West Bengal,688452,"Arjun Gupta",9079792400,2022,C,8,"Chennai Institute of Technology",Active
2581,"Diya Gupta",MECH,1,Male,2006-02-21,O+,9941200359,diya2581@cit.edu.in,"28 Gandhi Road",Hyderabad,Delhi,600759,"Vikram Gupta",9311002773,2025,B,1,"Chennai Institute of Technology",Active
2582,"Priya Joshi",CIVIL,2,Male,2004-01-12,B-,9959673305,priya2582@cit.edu.in,"38 Gandhi Road",Hyderabad,Telangana,688471,"Kavya Joshi",9896633481,2024,C,3,"Chennai Institute of Technology",Active
2583,"Rohan Rao",CIVIL,4,Male,2002-11-22,A+,9060602551,rohan2583@cit.edu.in,"17 Gandhi Road",Delhi,West Bengal,677471,"Vikram Rao",9935492067,2022,D,8,"Chennai Institute of Technology",Active
2584,"Sanya Patel",CIVIL,2,Male,2002-05-25,AB-,9828208479,sanya2584@cit.edu.in,"71 Gandhi Road",Hyderabad,Karnataka,601769,"Rohan Patel",9548065079,2024,A,4,"Chennai Institute of Technology",Active
2585,"Rohan Rao",EEE,3,Male,2005-02-13,B-,9327607071,rohan2585@cit.edu.in,"91 Gandhi Road",Pune,Tamil Nadu,664639,"Varun Rao",9492524691,2023,A,5,"Chennai Institute of Technology",Active
2586,"Varun Joshi",ECE,1,Female,2005-01-04,B+,9126393478,varun2586@cit.edu.in,"91 Gandhi Road",Pune,Tamil Nadu,660369,"Aarav Joshi",9501512404,2025,D,1,"Chennai Institute of Technology",Active
2587,"Rahul Sharma",AIDS,2,Female,2006-04-27,A+,9690356250,rahul2587@cit.edu.in,"90 Gandhi Road",Kolkata,Tamil Nadu,608201,"Vikram Sharma",9866771587,2024,A,4,"Chennai Institute of Technology",Active
2588,"Priya Chopra",CSE,4,Male,2003-06-09,A-,9113960592,priya2588@cit.edu.in,"99 Gandhi Road",Kolkata,Telangana,611572,"Karan Chopra",9279619445,2022,A,8,"Chennai Institute of Technology",Active
2589,"Ananya Nair",CIVIL,3,Female,2006-10-08,A-,9933049994,ananya2589@cit.edu.in,"45 Gandhi Road",Bengaluru,Delhi,684721,"Rohan Nair",9768078465,2023,A,6,"Chennai Institute of Technology",Active
2590,"Pooja Nair",EEE,2,Female,2003-12-03,O-,9069522877,pooja2590@cit.edu.in,"10 Gandhi Road",Chennai,West Bengal,683233,"Rohan Nair",9701021632,2024,A,4,"Chennai Institute of Technology",Active
2591,"Kavya Singh",AIDS,4,Female,2005-02-27,A-,9224408015,kavya2591@cit.edu.in,"72 Gandhi Road",Chennai,Tamil Nadu,688169,"Rohan Singh",9309223906,2022,C,8,"Chennai Institute of Technology",Active
2592,"Arjun Reddy",MECH,3,Female,2003-03-26,B-,9387036408,arjun2592@cit.edu.in,"81 Gandhi Road",Bengaluru,Karnataka,627214,"Rohan Reddy",9235480666,2023,A,6,"Chennai Institute of Technology",Active
2593,"Arjun Nair",IT,1,Male,2002-11-06,B-,9493503752,arjun2593@cit.edu.in,"66 Gandhi Road",Hyderabad,West Bengal,649129,"Pooja Nair",9738880558,2025,B,1,"Chennai Institute of Technology",Active
2594,"Kavya Patel",IT,2,Female,2003-11-16,B+,9434827037,kavya2594@cit.edu.in,"36 Gandhi Road",Hyderabad,Tamil Nadu,628962,"Rahul Patel",9223025091,2024,B,3,"Chennai Institute of Technology",Active
2595,"Varun Chopra",MECH,2,Female,2004-03-24,B-,9276434979,varun2595@cit.edu.in,"42 Gandhi Road",Chennai,West Bengal,637215,"Sanya Chopra",9503380575,2024,B,3,"Chennai Institute of Technology",Active
2596,"Rohan Sharma",CSE,1,Male,2004-11-11,B-,9953610073,rohan2596@cit.edu.in,"25 Gandhi Road",Pune,West Bengal,641128,"Vikram Sharma",9167604884,2025,B,1,"Chennai Institute of Technology",Active
2597,"Aarav Reddy",CIVIL,3,Male,2006-06-10,B-,9451089920,aarav2597@cit.edu.in,"34 Gandhi Road",Chennai,West Bengal,651183,"Pooja Reddy",9117330226,2023,B,6,"Chennai Institute of Technology",Active
2598,"Rohan Kumar",ECE,2,Male,2004-03-22,AB+,9455931797,rohan2598@cit.edu.in,"52 Gandhi Road",Pune,Tamil Nadu,652375,"Diya Kumar",9727495448,2024,C,4,"Chennai Institute of Technology",Active
2599,"Neha Chopra",CSE,3,Male,2002-09-10,AB-,9416790843,neha2599@cit.edu.in,"11 Gandhi Road",Kolkata,West Bengal,608809,"Ananya Chopra",9512058220,2023,D,5,"Chennai Institute of Technology",Active
2600,"Karan Rao",CIVIL,1,Female,2006-03-23,AB-,9532611558,karan2600@cit.edu.in,"48 Gandhi Road",Hyderabad,Karnataka,611760,"Rahul Rao",9941842125,2025,D,2,"Chennai Institute of Technology",Active
2601,"Diya Mehta",CSE,3,Female,2004-03-22,O-,9746570893,diya2601@cit.edu.in,"66 Gandhi Road",Mumbai,West Bengal,612427,"Karan Mehta",9992255223,2023,C,6,"Chennai Institute of Technology",Active
2602,"Aditya Verma",ECE,4,Female,2003-02-12,O-,9926739455,aditya2602@cit.edu.in,"14 Gandhi Road",Kolkata,Maharashtra,620552,"Aditya Verma",9820260949,2022,D,7,"Chennai Institute of Technology",Active
2603,"Pooja Nair",EEE,4,Female,2004-03-11,O+,9924860187,pooja2603@cit.edu.in,"81 Gandhi Road",Kolkata,Delhi,676520,"Sanya Nair",9147541735,2022,A,7,"Chennai Institute of Technology",Active
2604,"Sanya Patel",CSE,1,Male,2005-11-18,AB-,9510407001,sanya2604@cit.edu.in,"53 Gandhi Road",Hyderabad,Karnataka,612524,"Rohan Patel",9657050680,2025,C,2,"Chennai Institute of Technology",Active
2605,"Sanya Singh",AIDS,4,Male,2006-03-09,B-,9255953460,sanya2605@cit.edu.in,"26 Gandhi Road",Chennai,Tamil Nadu,677208,"Arjun Singh",9807532630,2022,B,7,"Chennai Institute of Technology",Active
2606,"Pooja Reddy",IT,2,Female,2004-09-02,A-,9997128893,pooja2606@cit.edu.in,"17 Gandhi Road",Pune,Tamil Nadu,609778,"Sanya Reddy",9445541657,2024,C,3,"Chennai Institute of Technology",Active
2607,"Karan Sharma",CIVIL,3,Male,2003-03-28,O-,9164897287,karan2607@cit.edu.in,"91 Gandhi Road",Bengaluru,Maharashtra,649438,"Karan Sharma",9030267445,2023,D,5,"Chennai Institute of Technology",Active
2608,"Priya Rao",MECH,1,Male,2004-04-16,O+,9479260951,priya2608@cit.edu.in,"72 Gandhi Road",Delhi,West Bengal,634138,"Pooja Rao",9415382751,2025,A,1,"Chennai Institute of Technology",Active
2609,"Vikram Reddy",AIDS,2,Female,2003-07-06,O+,9796939884,vikram2609@cit.edu.in,"84 Gandhi Road",Mumbai,Delhi,648677,"Karan Reddy",9049255967,2024,D,4,"Chennai Institute of Technology",Active
2610,"Meera Joshi",CIVIL,1,Female,2006-06-16,AB+,9089262986,meera2610@cit.edu.in,"62 Gandhi Road",Hyderabad,Tamil Nadu,639546,"Karan Joshi",9369605642,2025,D,2,"Chennai Institute of Technology",Active
2611,"Diya Sharma",ECE,2,Male,2004-03-02,A-,9192291878,diya2611@cit.edu.in,"94 Gandhi Road",Pune,Delhi,689194,"Diya Sharma",9983607251,2024,A,4,"Chennai Institute of Technology",Active
2612,"Vikram Rao",CIVIL,4,Female,2005-01-09,AB+,9039612591,vikram2612@cit.edu.in,"79 Gandhi Road",Chennai,Karnataka,621702,"Rahul Rao",9254726813,2022,A,7,"Chennai Institute of Technology",Active
2613,"Varun Chopra",CIVIL,4,Female,2003-04-27,AB+,9475507326,varun2613@cit.edu.in,"68 Gandhi Road",Bengaluru,West Bengal,608833,"Priya Chopra",9196527716,2022,C,8,"Chennai Institute of Technology",Active
2614,"Karan Reddy",ECE,4,Female,2003-01-18,AB+,9198961258,karan2614@cit.edu.in,"71 Gandhi Road",Delhi,Delhi,600353,"Aditya Reddy",9340073138,2022,B,8,"Chennai Institute of Technology",Active
2615,"Vikram Mehta",ECE,4,Male,2002-04-05,B+,9051657454,vikram2615@cit.edu.in,"83 Gandhi Road",Kolkata,Karnataka,614202,"Pooja Mehta",9905239637,2022,B,7,"Chennai Institute of Technology",Active
2616,"Diya Kumar",IT,3,Female,2004-12-12,B-,9650938223,diya2616@cit.edu.in,"39 Gandhi Road",Hyderabad,Karnataka,664246,"Neha Kumar",9523351639,2023,C,5,"Chennai Institute of Technology",Active
2617,"Varun Sharma",CIVIL,1,Female,2005-07-14,A+,9291629773,varun2617@cit.edu.in,"76 Gandhi Road",Kolkata,West Bengal,606237,"Ananya Sharma",9347031926,2025,D,1,"Chennai Institute of Technology",Active
2618,"Pooja Singh",IT,4,Male,2005-07-13,A+,9418115556,pooja2618@cit.edu.in,"80 Gandhi Road",Hyderabad,West Bengal,663194,"Ananya Singh",9926659407,2022,D,8,"Chennai Institute of Technology",Active
2619,"Priya Kumar",MECH,3,Female,2006-03-22,AB+,9902712465,priya2619@cit.edu.in,"88 Gandhi Road",Hyderabad,West Bengal,668282,"Vikram Kumar",9148572675,2023,A,6,"Chennai Institute of Technology",Active
2620,"Sanya Kumar",IT,4,Female,2002-06-04,O-,9679237501,sanya2620@cit.edu.in,"26 Gandhi Road",Chennai,Delhi,620421,"Kavya Kumar",9938692683,2022,A,8,"Chennai Institute of Technology",Active
2621,"Ananya Reddy",AIML,3,Female,2005-02-24,AB+,9572375056,ananya2621@cit.edu.in,"79 Gandhi Road",Kolkata,Delhi,696512,"Neha Reddy",9779972990,2023,B,6,"Chennai Institute of Technology",Active
2622,"Arjun Patel",AIDS,4,Male,2004-02-15,AB+,9670091435,arjun2622@cit.edu.in,"98 Gandhi Road",Kolkata,Telangana,695871,"Kavya Patel",9651539952,2022,B,7,"Chennai Institute of Technology",Active
2623,"Aarav Kumar",AIML,2,Female,2004-07-11,A+,9104215709,aarav2623@cit.edu.in,"46 Gandhi Road",Hyderabad,Telangana,686955,"Rohan Kumar",9169993639,2024,C,4,"Chennai Institute of Technology",Active
2624,"Priya Rao",IT,4,Male,2002-08-01,B+,9953080165,priya2624@cit.edu.in,"18 Gandhi Road",Mumbai,Karnataka,682222,"Varun Rao",9279370684,2022,A,8,"Chennai Institute of Technology",Active
2625,"Kavya Joshi",CIVIL,4,Female,2006-07-16,A-,9215319484,kavya2625@cit.edu.in,"42 Gandhi Road",Pune,Maharashtra,656725,"Neha Joshi",9123779075,2022,A,8,"Chennai Institute of Technology",Active
2626,"Meera Verma",CSE,1,Female,2005-11-23,AB+,9637297308,meera2626@cit.edu.in,"79 Gandhi Road",Bengaluru,Delhi,658013,"Vikram Verma",9024461145,2025,C,1,"Chennai Institute of Technology",Active
2627,"Ananya Kumar",IT,4,Female,2006-08-09,A+,9303033252,ananya2627@cit.edu.in,"99 Gandhi Road",Kolkata,Tamil Nadu,689690,"Rohan Kumar",9822527032,2022,C,7,"Chennai Institute of Technology",Active
2628,"Karan Sharma",CSE,4,Male,2004-01-07,A+,9954477015,karan2628@cit.edu.in,"46 Gandhi Road",Mumbai,Telangana,636766,"Sanya Sharma",9050261041,2022,B,7,"Chennai Institute of Technology",Active
2629,"Aarav Mehta",IT,1,Female,2005-09-19,A-,9914538608,aarav2629@cit.edu.in,"63 Gandhi Road",Delhi,Maharashtra,663440,"Arjun Mehta",9186778926,2025,A,2,"Chennai Institute of Technology",Active
2630,"Priya Sharma",AIDS,4,Male,2003-11-16,A+,9541371124,priya2630@cit.edu.in,"36 Gandhi Road",Delhi,West Bengal,663605,"Sanya Sharma",9146587249,2022,A,8,"Chennai Institute of Technology",Active
2631,"Aditya Verma",IT,3,Female,2006-12-06,AB+,9264666744,aditya2631@cit.edu.in,"44 Gandhi Road",Pune,Tamil Nadu,673592,"Kavya Verma",9925161818,2023,C,6,"Chennai Institute of Technology",Active
2632,"Pooja Verma",CSE,1,Female,2006-03-19,AB+,9742331289,pooja2632@cit.edu.in,"84 Gandhi Road",Pune,Maharashtra,697502,"Varun Verma",9793061136,2025,A,1,"Chennai Institute of Technology",Active
2633,"Ananya Singh",EEE,2,Female,2006-05-08,O+,9339172149,ananya2633@cit.edu.in,"80 Gandhi Road",Chennai,Tamil Nadu,641304,"Pooja Singh",9670787180,2024,A,3,"Chennai Institute of Technology",Active
2634,"Kavya Mehta",CSE,2,Male,2004-11-05,O+,9659906977,kavya2634@cit.edu.in,"67 Gandhi Road",Chennai,Telangana,648295,"Neha Mehta",9365429395,2024,A,3,"Chennai Institute of Technology",Active
2635,"Vikram Patel",MECH,4,Female,2002-02-03,A-,9470889931,vikram2635@cit.edu.in,"46 Gandhi Road",Hyderabad,West Bengal,627089,"Meera Patel",9276297877,2022,B,7,"Chennai Institute of Technology",Active
2636,"Sanya Verma",CSE,4,Male,2004-02-15,AB-,9266978701,sanya2636@cit.edu.in,"78 Gandhi Road",Pune,Delhi,641539,"Diya Verma",9126351597,2022,D,7,"Chennai Institute of Technology",Active
2637,"Meera Rao",AIML,4,Female,2006-11-19,A+,9139237231,meera2637@cit.edu.in,"42 Gandhi Road",Kolkata,Delhi,654224,"Aarav Rao",9321255861,2022,B,7,"Chennai Institute of Technology",Active
2638,"Meera Rao",AIML,4,Female,2003-06-17,O-,9550630593,meera2638@cit.edu.in,"18 Gandhi Road",Pune,Tamil Nadu,646644,"Pooja Rao",9068360769,2022,D,8,"Chennai Institute of Technology",Active
2639,"Varun Verma",CIVIL,1,Female,2005-12-28,A-,9411897639,varun2639@cit.edu.in,"33 Gandhi Road",Chennai,Delhi,660102,"Kavya Verma",9866797454,2025,B,2,"Chennai Institute of Technology",Active
2640,"Karan Singh",AIML,4,Male,2004-10-24,O+,9652110414,karan2640@cit.edu.in,"97 Gandhi Road",Hyderabad,Telangana,602386,"Vikram Singh",9993922819,2022,C,8,"Chennai Institute of Technology",Active
2641,"Ananya Nair",ECE,4,Female,2005-08-18,A+,9340949588,ananya2641@cit.edu.in,"82 Gandhi Road",Pune,Delhi,675322,"Varun Nair",9347688026,2022,A,7,"Chennai Institute of Technology",Active
2642,"Arjun Rao",AIML,1,Female,2006-06-18,O+,9811477546,arjun2642@cit.edu.in,"75 Gandhi Road",Chennai,Telangana,613796,"Rahul Rao",9347545182,2025,B,2,"Chennai Institute of Technology",Active
2643,"Rahul Verma",ECE,3,Female,2004-12-27,O+,9038449504,rahul2643@cit.edu.in,"70 Gandhi Road",Kolkata,Tamil Nadu,608040,"Kavya Verma",9286511064,2023,A,5,"Chennai Institute of Technology",Active
2644,"Arjun Chopra",ECE,3,Female,2003-03-15,O+,9912969308,arjun2644@cit.edu.in,"14 Gandhi Road",Hyderabad,Karnataka,620455,"Aarav Chopra",9723416170,2023,B,6,"Chennai Institute of Technology",Active
2645,"Vikram Nair",AIML,2,Male,2006-10-05,AB+,9038242673,vikram2645@cit.edu.in,"81 Gandhi Road",Hyderabad,Tamil Nadu,651941,"Pooja Nair",9490827322,2024,C,4,"Chennai Institute of Technology",Active
2646,"Priya Patel",EEE,2,Female,2005-02-01,B+,9032340372,priya2646@cit.edu.in,"36 Gandhi Road",Hyderabad,Maharashtra,667316,"Pooja Patel",9872189283,2024,C,3,"Chennai Institute of Technology",Active
2647,"Priya Verma",CSE,3,Male,2006-04-09,AB+,9136797344,priya2647@cit.edu.in,"63 Gandhi Road",Bengaluru,Telangana,630402,"Kavya Verma",9047864707,2023,D,5,"Chennai Institute of Technology",Active
2648,"Ananya Rao",EEE,4,Male,2003-02-13,A-,9029556118,ananya2648@cit.edu.in,"62 Gandhi Road",Mumbai,Maharashtra,660820,"Diya Rao",9801452738,2022,C,8,"Chennai Institute of Technology",Active
2649,"Rohan Sharma",AIDS,1,Male,2002-10-04,O-,9703370456,rohan2649@cit.edu.in,"78 Gandhi Road",Delhi,West Bengal,674772,"Aarav Sharma",9925262119,2025,D,2,"Chennai Institute of Technology",Active
2650,"Rohan Verma",MECH,3,Female,2003-07-15,A-,9378628741,rohan2650@cit.edu.in,"16 Gandhi Road",Kolkata,West Bengal,625010,"Meera Verma",9906876529,2023,C,6,"Chennai Institute of Technology",Active
2651,"Karan Sharma",CIVIL,1,Male,2005-01-02,AB+,9611134530,karan2651@cit.edu.in,"77 Gandhi Road",Pune,Maharashtra,695421,"Aarav Sharma",9311988068,2025,B,1,"Chennai Institute of Technology",Active
2652,"Aditya Nair",CIVIL,1,Female,2006-07-12,AB-,9790096387,aditya2652@cit.edu.in,"35 Gandhi Road",Kolkata,West Bengal,607418,"Neha Nair",9979833610,2025,C,2,"Chennai Institute of Technology",Active
2653,"Ananya Reddy",CIVIL,1,Male,2006-10-07,A-,9657423824,ananya2653@cit.edu.in,"95 Gandhi Road",Mumbai,Karnataka,698728,"Rahul Reddy",9895211186,2025,C,1,"Chennai Institute of Technology",Active
2654,"Kavya Nair",CIVIL,1,Female,2004-09-25,B+,9588136084,kavya2654@cit.edu.in,"83 Gandhi Road",Kolkata,Karnataka,621850,"Aditya Nair",9058976085,2025,B,1,"Chennai Institute of Technology",Active
2655,"Sanya Kumar",CIVIL,1,Male,2004-10-28,AB-,9279375660,sanya2655@cit.edu.in,"51 Gandhi Road",Chennai,Karnataka,621471,"Ananya Kumar",9854855012,2025,C,1,"Chennai Institute of Technology",Active
2656,"Meera Joshi",IT,4,Female,2004-11-20,AB+,9290168589,meera2656@cit.edu.in,"17 Gandhi Road",Pune,Maharashtra,684871,"Aarav Joshi",9678397395,2022,C,8,"Chennai Institute of Technology",Active
2657,"Diya Gupta",EEE,4,Male,2006-12-04,AB-,9019321075,diya2657@cit.edu.in,"90 Gandhi Road",Bengaluru,Karnataka,620879,"Pooja Gupta",9339873735,2022,A,8,"Chennai Institute of Technology",Active
2658,"Vikram Rao",MECH,1,Male,2004-10-15,O+,9464768040,vikram2658@cit.edu.in,"98 Gandhi Road",Hyderabad,Delhi,651586,"Meera Rao",9827580900,2025,D,2,"Chennai Institute of Technology",Active
2659,"Kavya Patel",EEE,1,Male,2003-02-21,O+,9714570271,kavya2659@cit.edu.in,"62 Gandhi Road",Kolkata,Maharashtra,618906,"Aarav Patel",9534455518,2025,A,1,"Chennai Institute of Technology",Active
2660,"Arjun Reddy",CSE,3,Male,2004-04-21,A+,9459676211,arjun2660@cit.edu.in,"42 Gandhi Road",Delhi,Telangana,661659,"Aarav Reddy",9098091159,2023,B,6,"Chennai Institute of Technology",Active
2661,"Meera Reddy",EEE,1,Male,2002-02-17,B-,9490861186,meera2661@cit.edu.in,"52 Gandhi Road",Kolkata,Delhi,600523,"Diya Reddy",9941014963,2025,D,1,"Chennai Institute of Technology",Active
2662,"Vikram Sharma",AIML,2,Female,2003-06-21,A+,9819441384,vikram2662@cit.edu.in,"96 Gandhi Road",Bengaluru,Telangana,677439,"Varun Sharma",9265419534,2024,A,4,"Chennai Institute of Technology",Active
2663,"Aarav Kumar",CIVIL,1,Male,2005-06-12,O-,9390613613,aarav2663@cit.edu.in,"88 Gandhi Road",Pune,Karnataka,618761,"Vikram Kumar",9353969498,2025,A,2,"Chennai Institute of Technology",Active
2664,"Rahul Rao",IT,3,Female,2003-01-17,AB+,9357369175,rahul2664@cit.edu.in,"65 Gandhi Road",Kolkata,Maharashtra,618318,"Kavya Rao",9700626059,2023,D,5,"Chennai Institute of Technology",Active
2665,"Varun Gupta",CIVIL,4,Male,2003-04-16,O-,9855895920,varun2665@cit.edu.in,"92 Gandhi Road",Hyderabad,Tamil Nadu,697968,"Rohan Gupta",9299841416,2022,C,8,"Chennai Institute of Technology",Active
2666,"Karan Joshi",MECH,3,Male,2006-05-23,A+,9121871359,karan2666@cit.edu.in,"31 Gandhi Road",Pune,Tamil Nadu,622558,"Priya Joshi",9166046235,2023,C,5,"Chennai Institute of Technology",Active
2667,"Meera Rao",CSE,2,Female,2003-05-13,B-,9343018556,meera2667@cit.edu.in,"27 Gandhi Road",Chennai,Tamil Nadu,614137,"Sanya Rao",9501766108,2024,A,3,"Chennai Institute of Technology",Active
2668,"Rohan Mehta",IT,4,Male,2005-05-23,O-,9360693610,rohan2668@cit.edu.in,"47 Gandhi Road",Pune,Karnataka,675076,"Karan Mehta",9920427242,2022,B,8,"Chennai Institute of Technology",Active
2669,"Rohan Rao",CSE,1,Female,2002-08-14,A-,9568799672,rohan2669@cit.edu.in,"19 Gandhi Road",Mumbai,Delhi,656574,"Diya Rao",9808315145,2025,C,2,"Chennai Institute of Technology",Active
2670,"Pooja Kumar",AIDS,4,Male,2005-06-04,A-,9758104542,pooja2670@cit.edu.in,"76 Gandhi Road",Kolkata,Karnataka,695332,"Rohan Kumar",9784894588,2022,D,7,"Chennai Institute of Technology",Active
2671,"Vikram Kumar",CSE,3,Male,2006-01-20,O-,9791983689,vikram2671@cit.edu.in,"22 Gandhi Road",Bengaluru,Karnataka,691680,"Sanya Kumar",9477215386,2023,B,6,"Chennai Institute of Technology",Active
2672,"Sanya Verma",CIVIL,2,Female,2002-06-19,B+,9446716717,sanya2672@cit.edu.in,"47 Gandhi Road",Hyderabad,Tamil Nadu,602896,"Karan Verma",9630290083,2024,D,4,"Chennai Institute of Technology",Active
2673,"Aarav Joshi",CSE,2,Male,2005-02-09,O-,9654059809,aarav2673@cit.edu.in,"47 Gandhi Road",Hyderabad,Karnataka,654183,"Rahul Joshi",9768297423,2024,C,3,"Chennai Institute of Technology",Active
2674,"Neha Sharma",MECH,3,Male,2003-11-03,O+,9710695214,neha2674@cit.edu.in,"54 Gandhi Road",Delhi,Delhi,602203,"Rohan Sharma",9758631235,2023,D,6,"Chennai Institute of Technology",Active
2675,"Karan Kumar",AIML,4,Male,2004-03-26,AB-,9405525280,karan2675@cit.edu.in,"35 Gandhi Road",Hyderabad,Tamil Nadu,688483,"Varun Kumar",9908063290,2022,D,8,"Chennai Institute of Technology",Active
2676,"Rahul Sharma",CSE,3,Female,2003-07-14,B-,9356664343,rahul2676@cit.edu.in,"58 Gandhi Road",Delhi,Karnataka,687041,"Aditya Sharma",9744599858,2023,A,5,"Chennai Institute of Technology",Active
2677,"Meera Verma",CIVIL,3,Female,2002-01-22,B-,9100114263,meera2677@cit.edu.in,"79 Gandhi Road",Bengaluru,Delhi,686677,"Vikram Verma",9457009839,2023,D,6,"Chennai Institute of Technology",Active
2678,"Priya Gupta",CSE,1,Female,2006-07-17,A+,9356832422,priya2678@cit.edu.in,"97 Gandhi Road",Hyderabad,Maharashtra,648027,"Aarav Gupta",9250783414,2025,A,2,"Chennai Institute of Technology",Active
2679,"Priya Nair",CSE,3,Female,2006-02-13,O+,9554419574,priya2679@cit.edu.in,"75 Gandhi Road",Mumbai,Karnataka,650709,"Priya Nair",9416388549,2023,B,6,"Chennai Institute of Technology",Active
2680,"Sanya Verma",AIML,3,Female,2005-04-03,A+,9848122206,sanya2680@cit.edu.in,"14 Gandhi Road",Bengaluru,West Bengal,639001,"Pooja Verma",9206870174,2023,C,6,"Chennai Institute of Technology",Active
2681,"Priya Gupta",AIML,4,Male,2002-01-14,A-,9287130214,priya2681@cit.edu.in,"63 Gandhi Road",Kolkata,Maharashtra,687186,"Aarav Gupta",9157805063,2022,A,7,"Chennai Institute of Technology",Active
2682,"Priya Verma",AIML,2,Male,2002-05-08,B-,9585482747,priya2682@cit.edu.in,"45 Gandhi Road",Mumbai,Tamil Nadu,631218,"Pooja Verma",9050294581,2024,A,4,"Chennai Institute of Technology",Active
2683,"Arjun Mehta",AIDS,1,Female,2004-09-08,B+,9235453883,arjun2683@cit.edu.in,"34 Gandhi Road",Chennai,Karnataka,609985,"Kavya Mehta",9542365007,2025,B,1,"Chennai Institute of Technology",Active
2684,"Rohan Mehta",AIDS,1,Male,2006-12-11,O-,9364612218,rohan2684@cit.edu.in,"31 Gandhi Road",Hyderabad,Maharashtra,691269,"Aditya Mehta",9687576844,2025,C,1,"Chennai Institute of Technology",Active
2685,"Priya Joshi",EEE,1,Male,2005-05-12,A-,9827894861,priya2685@cit.edu.in,"36 Gandhi Road",Mumbai,West Bengal,635114,"Diya Joshi",9701042101,2025,D,1,"Chennai Institute of Technology",Active
2686,"Aditya Nair",IT,2,Female,2002-04-08,AB+,9389826663,aditya2686@cit.edu.in,"18 Gandhi Road",Bengaluru,Maharashtra,601940,"Meera Nair",9076804045,2024,D,3,"Chennai Institute of Technology",Active
2687,"Aarav Mehta",IT,4,Male,2006-04-19,O-,9596179421,aarav2687@cit.edu.in,"99 Gandhi Road",Mumbai,Delhi,642315,"Arjun Mehta",9387261828,2022,A,8,"Chennai Institute of Technology",Active
2688,"Rohan Mehta",EEE,3,Female,2003-01-09,B+,9591877040,rohan2688@cit.edu.in,"82 Gandhi Road",Mumbai,Delhi,615123,"Kavya Mehta",9194167593,2023,B,5,"Chennai Institute of Technology",Active
2689,"Aarav Sharma",AIML,2,Female,2006-04-26,O+,9090977202,aarav2689@cit.edu.in,"19 Gandhi Road",Chennai,Telangana,674729,"Vikram Sharma",9235594107,2024,B,4,"Chennai Institute of Technology",Active
2690,"Priya Joshi",IT,2,Male,2004-07-14,AB-,9705271671,priya2690@cit.edu.in,"47 Gandhi Road",Hyderabad,Telangana,682677,"Aditya Joshi",9613618124,2024,B,4,"Chennai Institute of Technology",Active
2691,"Ananya Rao",IT,2,Female,2005-04-17,O+,9497311123,ananya2691@cit.edu.in,"83 Gandhi Road",Hyderabad,Maharashtra,656096,"Arjun Rao",9736032219,2024,B,4,"Chennai Institute of Technology",Active
2692,"Meera Kumar",MECH,1,Male,2005-07-19,O-,9759278918,meera2692@cit.edu.in,"59 Gandhi Road",Mumbai,Telangana,655430,"Varun Kumar",9222007511,2025,A,1,"Chennai Institute of Technology",Active
2693,"Sanya Kumar",IT,1,Female,2003-11-21,AB+,9553440457,sanya2693@cit.edu.in,"50 Gandhi Road",Hyderabad,West Bengal,685164,"Meera Kumar",9769471422,2025,C,2,"Chennai Institute of Technology",Active
2694,"Pooja Nair",AIDS,4,Female,2004-05-01,B+,9680821976,pooja2694@cit.edu.in,"36 Gandhi Road",Delhi,Karnataka,634644,"Vikram Nair",9968633520,2022,B,7,"Chennai Institute of Technology",Active
2695,"Varun Mehta",AIDS,2,Female,2004-04-28,AB+,9890290348,varun2695@cit.edu.in,"54 Gandhi Road",Mumbai,Delhi,610564,"Meera Mehta",9422623683,2024,D,3,"Chennai Institute of Technology",Active
2696,"Aditya Mehta",EEE,3,Male,2003-01-28,A-,9320870521,aditya2696@cit.edu.in,"89 Gandhi Road",Hyderabad,Telangana,688738,"Vikram Mehta",9343286740,2023,B,6,"Chennai Institute of Technology",Active
2697,"Diya Singh",EEE,4,Female,2005-03-02,B+,9453540056,diya2697@cit.edu.in,"15 Gandhi Road",Bengaluru,Telangana,635965,"Neha Singh",9347085070,2022,B,7,"Chennai Institute of Technology",Active
2698,"Aarav Gupta",CIVIL,1,Female,2006-07-18,AB+,9163751110,aarav2698@cit.edu.in,"15 Gandhi Road",Chennai,Tamil Nadu,635954,"Neha Gupta",9193240671,2025,B,1,"Chennai Institute of Technology",Active
2699,"Rahul Mehta",AIML,1,Male,2004-12-25,O-,9339083772,rahul2699@cit.edu.in,"36 Gandhi Road",Delhi,West Bengal,601570,"Aarav Mehta",9591184326,2025,C,2,"Chennai Institute of Technology",Active
2700,"Neha Chopra",IT,4,Female,2006-08-20,A+,9982428954,neha2700@cit.edu.in,"26 Gandhi Road",Kolkata,Delhi,671814,"Vikram Chopra",9580913215,2022,B,8,"Chennai Institute of Technology",Active
2701,"Ananya Patel",CSE,2,Female,2003-11-06,A+,9396811981,ananya2701@cit.edu.in,"15 Gandhi Road",Pune,Maharashtra,695878,"Rahul Patel",9527759779,2024,B,3,"Chennai Institute of Technology",Active
2702,"Rahul Singh",AIDS,1,Female,2004-02-21,AB-,9167612070,rahul2702@cit.edu.in,"14 Gandhi Road",Kolkata,Telangana,603530,"Diya Singh",9303515122,2025,D,1,"Chennai Institute of Technology",Active
2703,"Neha Gupta",AIML,3,Female,2003-04-27,O-,9625470747,neha2703@cit.edu.in,"94 Gandhi Road",Kolkata,Delhi,612660,"Rohan Gupta",9153699224,2023,A,6,"Chennai Institute of Technology",Active
2704,"Sanya Singh",AIDS,1,Male,2005-04-24,O+,9321315743,sanya2704@cit.edu.in,"77 Gandhi Road",Chennai,Delhi,629655,"Meera Singh",9581993828,2025,B,1,"Chennai Institute of Technology",Active
2705,"Priya Mehta",AIDS,4,Male,2006-07-03,B-,9761309321,priya2705@cit.edu.in,"52 Gandhi Road",Mumbai,Karnataka,620422,"Vikram Mehta",9829663493,2022,A,7,"Chennai Institute of Technology",Active
2706,"Pooja Sharma",IT,4,Male,2004-07-25,O-,9195526146,pooja2706@cit.edu.in,"43 Gandhi Road",Bengaluru,West Bengal,619763,"Arjun Sharma",9881636856,2022,B,8,"Chennai Institute of Technology",Active
2707,"Diya Verma",CSE,3,Female,2002-11-17,AB-,9242201061,diya2707@cit.edu.in,"39 Gandhi Road",Delhi,West Bengal,637612,"Neha Verma",9183729420,2023,D,6,"Chennai Institute of Technology",Active
2708,"Pooja Mehta",AIDS,4,Male,2002-09-16,A-,9095925254,pooja2708@cit.edu.in,"12 Gandhi Road",Chennai,Telangana,685950,"Priya Mehta",9042088865,2022,B,8,"Chennai Institute of Technology",Active
2709,"Kavya Patel",CIVIL,3,Male,2002-08-07,A-,9151829284,kavya2709@cit.edu.in,"90 Gandhi Road",Kolkata,Maharashtra,675544,"Arjun Patel",9671171583,2023,C,5,"Chennai Institute of Technology",Active
2710,"Kavya Gupta",MECH,3,Female,2003-02-24,B-,9369342255,kavya2710@cit.edu.in,"66 Gandhi Road",Pune,West Bengal,630452,"Karan Gupta",9938602839,2023,B,6,"Chennai Institute of Technology",Active
2711,"Aarav Singh",ECE,4,Female,2003-02-08,AB-,9394538941,aarav2711@cit.edu.in,"67 Gandhi Road",Hyderabad,Karnataka,649170,"Arjun Singh",9303969660,2022,A,7,"Chennai Institute of Technology",Active
2712,"Kavya Nair",CSE,1,Female,2005-11-02,O-,9037203089,kavya2712@cit.edu.in,"54 Gandhi Road",Mumbai,Delhi,621342,"Meera Nair",9274831040,2025,C,2,"Chennai Institute of Technology",Active
2713,"Karan Kumar",CIVIL,2,Male,2003-01-13,A+,9318922417,karan2713@cit.edu.in,"53 Gandhi Road",Bengaluru,Maharashtra,674182,"Rahul Kumar",9287982747,2024,D,4,"Chennai Institute of Technology",Active
2714,"Diya Sharma",AIDS,4,Male,2005-10-10,AB-,9238477760,diya2714@cit.edu.in,"93 Gandhi Road",Kolkata,Telangana,646943,"Kavya Sharma",9771761978,2022,D,8,"Chennai Institute of Technology",Active
2715,"Karan Verma",CSE,4,Female,2003-07-15,B-,9609642480,karan2715@cit.edu.in,"75 Gandhi Road",Hyderabad,Karnataka,655192,"Ananya Verma",9276441184,2022,A,8,"Chennai Institute of Technology",Active
2716,"Arjun Patel",CSE,3,Female,2005-02-16,O-,9088165466,arjun2716@cit.edu.in,"26 Gandhi Road",Mumbai,West Bengal,693754,"Aarav Patel",9831770144,2023,B,5,"Chennai Institute of Technology",Active
2717,"Pooja Joshi",AIML,1,Female,2003-08-10,A+,9875688829,pooja2717@cit.edu.in,"64 Gandhi Road",Chennai,West Bengal,653546,"Pooja Joshi",9691697549,2025,C,2,"Chennai Institute of Technology",Active
2718,"Aditya Singh",ECE,1,Male,2002-03-25,B+,9505240185,aditya2718@cit.edu.in,"11 Gandhi Road",Pune,Karnataka,683325,"Pooja Singh",9814697489,2025,B,2,"Chennai Institute of Technology",Active
2719,"Rohan Verma",CSE,1,Female,2002-01-06,B-,9178650540,rohan2719@cit.edu.in,"34 Gandhi Road",Chennai,Karnataka,670661,"Aarav Verma",9310910855,2025,A,1,"Chennai Institute of Technology",Active
2720,"Priya Chopra",AIDS,4,Female,2003-05-12,AB-,9399754562,priya2720@cit.edu.in,"67 Gandhi Road",Mumbai,West Bengal,671180,"Pooja Chopra",9214617720,2022,C,7,"Chennai Institute of Technology",Active
2721,"Priya Verma",ECE,4,Female,2006-09-15,A-,9939432288,priya2721@cit.edu.in,"30 Gandhi Road",Pune,West Bengal,696877,"Aditya Verma",9094257851,2022,A,8,"Chennai Institute of Technology",Active
2722,"Pooja Verma",CIVIL,3,Male,2004-11-14,A+,9872612139,pooja2722@cit.edu.in,"78 Gandhi Road",Bengaluru,Maharashtra,660789,"Pooja Verma",9704965581,2023,C,5,"Chennai Institute of Technology",Active
2723,"Vikram Reddy",IT,4,Female,2006-10-01,A+,9394083830,vikram2723@cit.edu.in,"50 Gandhi Road",Delhi,Telangana,693962,"Neha Reddy",9014932623,2022,A,8,"Chennai Institute of Technology",Active
2724,"Vikram Nair",MECH,3,Male,2005-08-22,O+,9491116128,vikram2724@cit.edu.in,"81 Gandhi Road",Chennai,Telangana,619320,"Karan Nair",9935205534,2023,B,5,"Chennai Institute of Technology",Active
2725,"Neha Gupta",CIVIL,2,Male,2004-09-18,A-,9486492556,neha2725@cit.edu.in,"16 Gandhi Road",Pune,Karnataka,648823,"Varun Gupta",9563931348,2024,B,3,"Chennai Institute of Technology",Active
2726,"Karan Joshi",EEE,4,Male,2005-11-12,O+,9315565615,karan2726@cit.edu.in,"44 Gandhi Road",Chennai,Delhi,618224,"Karan Joshi",9812478600,2022,A,7,"Chennai Institute of Technology",Active
2727,"Ananya Patel",EEE,1,Male,2003-10-13,B-,9617608506,ananya2727@cit.edu.in,"36 Gandhi Road",Bengaluru,Maharashtra,601337,"Rahul Patel",9584102115,2025,C,1,"Chennai Institute of Technology",Active
2728,"Kavya Rao",ECE,2,Female,2004-03-10,B-,9681952547,kavya2728@cit.edu.in,"79 Gandhi Road",Bengaluru,Tamil Nadu,693618,"Aarav Rao",9951924758,2024,C,3,"Chennai Institute of Technology",Active
2729,"Aarav Singh",IT,4,Female,2005-09-25,B+,9989472475,aarav2729@cit.edu.in,"54 Gandhi Road",Kolkata,Telangana,649100,"Vikram Singh",9456049678,2022,B,7,"Chennai Institute of Technology",Active
2730,"Kavya Kumar",CIVIL,1,Male,2005-03-19,O+,9424584865,kavya2730@cit.edu.in,"82 Gandhi Road",Bengaluru,Maharashtra,634429,"Diya Kumar",9000458425,2025,D,1,"Chennai Institute of Technology",Active
2731,"Neha Mehta",AIDS,3,Male,2002-08-22,A-,9973848840,neha2731@cit.edu.in,"49 Gandhi Road",Delhi,Delhi,645341,"Pooja Mehta",9227450789,2023,D,5,"Chennai Institute of Technology",Active
2732,"Priya Kumar",CSE,3,Female,2005-12-01,A-,9682368355,priya2732@cit.edu.in,"71 Gandhi Road",Pune,West Bengal,661670,"Aditya Kumar",9331005028,2023,B,5,"Chennai Institute of Technology",Active
2733,"Aditya Kumar",IT,2,Male,2005-06-08,A+,9553047715,aditya2733@cit.edu.in,"66 Gandhi Road",Kolkata,Telangana,674895,"Karan Kumar",9554544094,2024,C,4,"Chennai Institute of Technology",Active
2734,"Aditya Kumar",CIVIL,2,Male,2005-05-05,A+,9146262977,aditya2734@cit.edu.in,"39 Gandhi Road",Hyderabad,Tamil Nadu,666576,"Rahul Kumar",9692921102,2024,D,4,"Chennai Institute of Technology",Active
2735,"Aarav Joshi",CSE,4,Female,2006-09-05,O+,9842786548,aarav2735@cit.edu.in,"77 Gandhi Road",Chennai,Maharashtra,616180,"Varun Joshi",9884847366,2022,C,7,"Chennai Institute of Technology",Active
2736,"Pooja Verma",IT,3,Female,2004-04-19,B+,9532069908,pooja2736@cit.edu.in,"11 Gandhi Road",Hyderabad,West Bengal,693711,"Meera Verma",9527208372,2023,B,5,"Chennai Institute of Technology",Active
2737,"Vikram Kumar",IT,2,Male,2003-03-14,A+,9990190181,vikram2737@cit.edu.in,"90 Gandhi Road",Hyderabad,Karnataka,693765,"Priya Kumar",9713231448,2024,C,4,"Chennai Institute of Technology",Active
2738,"Aarav Verma",AIML,1,Female,2004-09-13,O-,9891606443,aarav2738@cit.edu.in,"16 Gandhi Road",Kolkata,Tamil Nadu,624078,"Diya Verma",9599095087,2025,D,2,"Chennai Institute of Technology",Active
2739,"Diya Reddy",AIDS,2,Female,2003-01-05,AB-,9303893288,diya2739@cit.edu.in,"40 Gandhi Road",Chennai,Maharashtra,638259,"Aarav Reddy",9546836927,2024,D,4,"Chennai Institute of Technology",Active
2740,"Aditya Chopra",AIML,4,Female,2002-11-22,B+,9443169792,aditya2740@cit.edu.in,"33 Gandhi Road",Kolkata,Delhi,627178,"Priya Chopra",9631335785,2022,C,7,"Chennai Institute of Technology",Active
2741,"Priya Reddy",CSE,3,Male,2005-06-08,O-,9155116545,priya2741@cit.edu.in,"55 Gandhi Road",Kolkata,Tamil Nadu,612603,"Meera Reddy",9318722789,2023,A,6,"Chennai Institute of Technology",Active
2742,"Aditya Verma",ECE,2,Female,2002-02-01,B+,9801416302,aditya2742@cit.edu.in,"20 Gandhi Road",Kolkata,Telangana,653944,"Aditya Verma",9468842887,2024,A,4,"Chennai Institute of Technology",Active
2743,"Arjun Rao",IT,3,Male,2002-07-27,O+,9935943698,arjun2743@cit.edu.in,"80 Gandhi Road",Chennai,Maharashtra,653785,"Aarav Rao",9433537592,2023,C,6,"Chennai Institute of Technology",Active
2744,"Aditya Patel",EEE,1,Female,2004-02-08,B+,9061227147,aditya2744@cit.edu.in,"84 Gandhi Road",Chennai,Delhi,638577,"Rohan Patel",9003123775,2025,B,1,"Chennai Institute of Technology",Active
2745,"Rahul Gupta",CSE,3,Female,2002-09-20,AB+,9574811711,rahul2745@cit.edu.in,"84 Gandhi Road",Delhi,Karnataka,663648,"Aarav Gupta",9221507851,2023,C,6,"Chennai Institute of Technology",Active
2746,"Aditya Singh",IT,4,Female,2002-04-27,AB+,9873836839,aditya2746@cit.edu.in,"40 Gandhi Road",Delhi,Telangana,696875,"Rohan Singh",9743527498,2022,C,7,"Chennai Institute of Technology",Active
2747,"Priya Singh",AIML,2,Female,2003-04-16,O+,9959165502,priya2747@cit.edu.in,"61 Gandhi Road",Bengaluru,Telangana,614787,"Karan Singh",9080743636,2024,A,4,"Chennai Institute of Technology",Active
2748,"Aditya Patel",AIDS,2,Female,2003-05-26,O+,9032151719,aditya2748@cit.edu.in,"54 Gandhi Road",Pune,Telangana,670079,"Aarav Patel",9049762738,2024,B,4,"Chennai Institute of Technology",Active
2749,"Vikram Patel",MECH,2,Female,2002-03-14,B+,9585550099,vikram2749@cit.edu.in,"59 Gandhi Road",Hyderabad,Delhi,609208,"Pooja Patel",9241057512,2024,D,3,"Chennai Institute of Technology",Active
2750,"Aditya Nair",AIML,2,Female,2002-03-27,O-,9715152699,aditya2750@cit.edu.in,"45 Gandhi Road",Kolkata,Telangana,655675,"Sanya Nair",9866189722,2024,A,4,"Chennai Institute of Technology",Active
2751,"Kavya Gupta",MECH,3,Male,2002-12-18,AB+,9507712966,kavya2751@cit.edu.in,"86 Gandhi Road",Hyderabad,Maharashtra,676555,"Neha Gupta",9050457774,2023,C,5,"Chennai Institute of Technology",Active
2752,"Kavya Mehta",AIDS,3,Female,2005-04-25,B+,9577541812,kavya2752@cit.edu.in,"56 Gandhi Road",Pune,West Bengal,603522,"Sanya Mehta",9979199539,2023,D,5,"Chennai Institute of Technology",Active
2753,"Aarav Reddy",AIML,3,Male,2006-01-09,B+,9082215762,aarav2753@cit.edu.in,"86 Gandhi Road",Hyderabad,Delhi,684670,"Pooja Reddy",9568095264,2023,A,6,"Chennai Institute of Technology",Active
2754,"Pooja Verma",EEE,2,Male,2003-11-14,B+,9090478525,pooja2754@cit.edu.in,"83 Gandhi Road",Hyderabad,Maharashtra,678897,"Varun Verma",9379257561,2024,C,3,"Chennai Institute of Technology",Active
2755,"Rahul Singh",AIML,1,Female,2002-03-08,B+,9635483243,rahul2755@cit.edu.in,"24 Gandhi Road",Chennai,West Bengal,629927,"Meera Singh",9043054608,2025,D,2,"Chennai Institute of Technology",Active
2756,"Kavya Singh",ECE,1,Female,2003-02-17,B+,9966809016,kavya2756@cit.edu.in,"68 Gandhi Road",Mumbai,West Bengal,698666,"Rahul Singh",9627464118,2025,B,2,"Chennai Institute of Technology",Active
2757,"Aarav Mehta",CSE,4,Female,2004-04-26,B+,9457892879,aarav2757@cit.edu.in,"49 Gandhi Road",Kolkata,Karnataka,616973,"Karan Mehta",9573715156,2022,B,8,"Chennai Institute of Technology",Active
2758,"Aditya Sharma",EEE,1,Male,2002-04-25,A-,9121033996,aditya2758@cit.edu.in,"99 Gandhi Road",Pune,Tamil Nadu,664071,"Meera Sharma",9197499194,2025,D,1,"Chennai Institute of Technology",Active
2759,"Kavya Verma",CIVIL,4,Male,2005-05-20,O-,9831897183,kavya2759@cit.edu.in,"60 Gandhi Road",Chennai,West Bengal,612345,"Ananya Verma",9483764506,2022,C,8,"Chennai Institute of Technology",Active
2760,"Priya Chopra",CSE,1,Male,2003-08-07,A+,9238461709,priya2760@cit.edu.in,"48 Gandhi Road",Kolkata,Karnataka,649653,"Kavya Chopra",9455744710,2025,D,1,"Chennai Institute of Technology",Active
2761,"Ananya Verma",MECH,2,Female,2006-12-21,A+,9783825437,ananya2761@cit.edu.in,"11 Gandhi Road",Bengaluru,Karnataka,640774,"Neha Verma",9374647517,2024,A,3,"Chennai Institute of Technology",Active
2762,"Diya Singh",CIVIL,2,Male,2005-11-04,AB-,9517193607,diya2762@cit.edu.in,"89 Gandhi Road",Pune,West Bengal,682665,"Pooja Singh",9255311633,2024,A,4,"Chennai Institute of Technology",Active
2763,"Priya Reddy",IT,3,Female,2006-06-09,B-,9855646319,priya2763@cit.edu.in,"14 Gandhi Road",Hyderabad,Tamil Nadu,686630,"Karan Reddy",9724126385,2023,A,5,"Chennai Institute of Technology",Active
2764,"Diya Singh",ECE,1,Male,2006-03-26,O-,9669494720,diya2764@cit.edu.in,"23 Gandhi Road",Mumbai,Karnataka,666336,"Neha Singh",9402369383,2025,C,2,"Chennai Institute of Technology",Active
2765,"Neha Verma",AIML,3,Male,2003-02-10,AB-,9247175437,neha2765@cit.edu.in,"44 Gandhi Road",Delhi,West Bengal,649185,"Kavya Verma",9357944160,2023,A,5,"Chennai Institute of Technology",Active
2766,"Pooja Kumar",ECE,4,Female,2004-09-27,O-,9568301042,pooja2766@cit.edu.in,"45 Gandhi Road",Chennai,Karnataka,614779,"Neha Kumar",9349293827,2022,C,8,"Chennai Institute of Technology",Active
2767,"Aarav Mehta",EEE,3,Male,2004-02-18,B+,9089245359,aarav2767@cit.edu.in,"62 Gandhi Road",Mumbai,West Bengal,613465,"Vikram Mehta",9823854306,2023,C,6,"Chennai Institute of Technology",Active
2768,"Vikram Gupta",EEE,4,Male,2005-08-01,A+,9865835709,vikram2768@cit.edu.in,"31 Gandhi Road",Pune,Karnataka,617373,"Rahul Gupta",9202637957,2022,C,7,"Chennai Institute of Technology",Active
2769,"Arjun Gupta",CIVIL,1,Female,2003-06-16,AB+,9598107992,arjun2769@cit.edu.in,"49 Gandhi Road",Mumbai,Delhi,685861,"Varun Gupta",9441637585,2025,D,1,"Chennai Institute of Technology",Active
2770,"Vikram Verma",MECH,1,Male,2005-08-19,AB+,9703798982,vikram2770@cit.edu.in,"20 Gandhi Road",Mumbai,Maharashtra,606510,"Sanya Verma",9631657256,2025,A,2,"Chennai Institute of Technology",Active
2771,"Priya Kumar",CSE,3,Female,2005-06-17,B+,9537877466,priya2771@cit.edu.in,"62 Gandhi Road",Delhi,Karnataka,646931,"Sanya Kumar",9737500658,2023,B,5,"Chennai Institute of Technology",Active
2772,"Varun Patel",CSE,4,Female,2002-01-26,AB+,9643118189,varun2772@cit.edu.in,"25 Gandhi Road",Chennai,Telangana,651692,"Varun Patel",9317968180,2022,D,7,"Chennai Institute of Technology",Active
2773,"Pooja Rao",AIDS,2,Male,2003-05-20,O-,9512006314,pooja2773@cit.edu.in,"30 Gandhi Road",Mumbai,Delhi,680250,"Ananya Rao",9836825583,2024,B,3,"Chennai Institute of Technology",Active
2774,"Vikram Chopra",CSE,2,Female,2003-10-18,B+,9260491585,vikram2774@cit.edu.in,"34 Gandhi Road",Bengaluru,Delhi,641452,"Arjun Chopra",9316701600,2024,D,3,"Chennai Institute of Technology",Active
2775,"Neha Mehta",ECE,4,Male,2002-11-10,A-,9494198811,neha2775@cit.edu.in,"58 Gandhi Road",Delhi,Maharashtra,659942,"Meera Mehta",9946794800,2022,B,8,"Chennai Institute of Technology",Active
2776,"Sanya Reddy",AIML,4,Male,2005-10-25,A-,9443707936,sanya2776@cit.edu.in,"43 Gandhi Road",Chennai,Delhi,618280,"Arjun Reddy",9019103691,2022,C,8,"Chennai Institute of Technology",Active
2777,"Priya Reddy",IT,3,Female,2002-11-23,B+,9975059286,priya2777@cit.edu.in,"97 Gandhi Road",Hyderabad,Tamil Nadu,679961,"Varun Reddy",9655131782,2023,C,5,"Chennai Institute of Technology",Active
2778,"Karan Reddy",CIVIL,2,Male,2006-06-13,B-,9569772169,karan2778@cit.edu.in,"42 Gandhi Road",Pune,Telangana,651180,"Sanya Reddy",9520377073,2024,B,4,"Chennai Institute of Technology",Active
2779,"Arjun Rao",EEE,1,Male,2005-04-17,O+,9286497269,arjun2779@cit.edu.in,"84 Gandhi Road",Kolkata,Karnataka,686563,"Arjun Rao",9155890818,2025,C,1,"Chennai Institute of Technology",Active
2780,"Diya Joshi",MECH,4,Female,2004-03-17,A+,9534131672,diya2780@cit.edu.in,"30 Gandhi Road",Delhi,Delhi,604676,"Vikram Joshi",9606473559,2022,A,8,"Chennai Institute of Technology",Active
2781,"Ananya Patel",IT,1,Male,2005-01-09,O+,9947472776,ananya2781@cit.edu.in,"23 Gandhi Road",Pune,West Bengal,654377,"Ananya Patel",9818259680,2025,C,1,"Chennai Institute of Technology",Active
2782,"Varun Gupta",EEE,2,Female,2003-10-11,B-,9250006960,varun2782@cit.edu.in,"20 Gandhi Road",Pune,West Bengal,675397,"Diya Gupta",9545876597,2024,C,3,"Chennai Institute of Technology",Active
2783,"Vikram Patel",CSE,3,Female,2003-03-10,A+,9128975931,vikram2783@cit.edu.in,"83 Gandhi Road",Chennai,Tamil Nadu,664889,"Ananya Patel",9045233886,2023,D,5,"Chennai Institute of Technology",Active
2784,"Varun Sharma",AIML,1,Male,2004-02-20,AB+,9245394209,varun2784@cit.edu.in,"12 Gandhi Road",Pune,West Bengal,669987,"Karan Sharma",9702126648,2025,C,1,"Chennai Institute of Technology",Active
2785,"Pooja Joshi",AIML,1,Female,2006-10-01,A-,9587478257,pooja2785@cit.edu.in,"16 Gandhi Road",Kolkata,Telangana,607111,"Vikram Joshi",9353208711,2025,B,1,"Chennai Institute of Technology",Active
2786,"Meera Singh",CIVIL,2,Female,2006-08-07,O+,9023675307,meera2786@cit.edu.in,"14 Gandhi Road",Bengaluru,Delhi,643221,"Rahul Singh",9489231240,2024,D,3,"Chennai Institute of Technology",Active
2787,"Neha Chopra",AIML,2,Female,2006-04-18,A-,9665892288,neha2787@cit.edu.in,"96 Gandhi Road",Pune,Tamil Nadu,642585,"Aditya Chopra",9291128847,2024,A,4,"Chennai Institute of Technology",Active
2788,"Priya Joshi",ECE,1,Male,2005-07-20,A-,9353336360,priya2788@cit.edu.in,"57 Gandhi Road",Bengaluru,Karnataka,696063,"Priya Joshi",9479613401,2025,A,2,"Chennai Institute of Technology",Active
2789,"Arjun Sharma",AIDS,2,Male,2003-07-15,B+,9616965800,arjun2789@cit.edu.in,"66 Gandhi Road",Hyderabad,Tamil Nadu,685599,"Aditya Sharma",9978369602,2024,D,3,"Chennai Institute of Technology",Active
2790,"Vikram Rao",CIVIL,1,Female,2006-03-14,O+,9142663283,vikram2790@cit.edu.in,"16 Gandhi Road",Hyderabad,Tamil Nadu,620232,"Meera Rao",9725045543,2025,A,1,"Chennai Institute of Technology",Active
2791,"Kavya Verma",CSE,2,Male,2005-07-06,AB-,9382246788,kavya2791@cit.edu.in,"50 Gandhi Road",Hyderabad,Delhi,673428,"Arjun Verma",9176814730,2024,C,4,"Chennai Institute of Technology",Active
2792,"Karan Sharma",MECH,4,Female,2004-04-27,A-,9793629325,karan2792@cit.edu.in,"75 Gandhi Road",Mumbai,Telangana,630874,"Arjun Sharma",9823527536,2022,C,7,"Chennai Institute of Technology",Active
2793,"Karan Rao",AIDS,4,Female,2006-02-15,B+,9305556379,karan2793@cit.edu.in,"38 Gandhi Road",Delhi,Maharashtra,681361,"Sanya Rao",9415317484,2022,D,7,"Chennai Institute of Technology",Active
2794,"Varun Verma",AIML,2,Female,2003-06-10,O+,9505655683,varun2794@cit.edu.in,"97 Gandhi Road",Bengaluru,Maharashtra,670983,"Sanya Verma",9834896969,2024,B,3,"Chennai Institute of Technology",Active
2795,"Arjun Singh",ECE,1,Male,2002-11-11,B+,9780088226,arjun2795@cit.edu.in,"93 Gandhi Road",Kolkata,Telangana,660253,"Ananya Singh",9302469837,2025,A,1,"Chennai Institute of Technology",Active
2796,"Kavya Mehta",MECH,2,Male,2006-10-13,B+,9901653297,kavya2796@cit.edu.in,"54 Gandhi Road",Bengaluru,West Bengal,655414,"Sanya Mehta",9210888707,2024,C,4,"Chennai Institute of Technology",Active
2797,"Aditya Joshi",EEE,1,Female,2002-12-27,B+,9899915012,aditya2797@cit.edu.in,"50 Gandhi Road",Mumbai,Maharashtra,613020,"Rohan Joshi",9313342293,2025,A,2,"Chennai Institute of Technology",Active
2798,"Vikram Reddy",AIDS,4,Male,2002-12-10,AB-,9349235007,vikram2798@cit.edu.in,"64 Gandhi Road",Kolkata,Karnataka,631922,"Aditya Reddy",9178638382,2022,D,8,"Chennai Institute of Technology",Active
2799,"Rahul Sharma",CIVIL,4,Female,2004-12-16,A-,9268269318,rahul2799@cit.edu.in,"26 Gandhi Road",Hyderabad,Maharashtra,679608,"Meera Sharma",9735473016,2022,A,7,"Chennai Institute of Technology",Active
2800,"Ananya Patel",MECH,4,Female,2003-06-23,O-,9011967924,ananya2800@cit.edu.in,"90 Gandhi Road",Chennai,Maharashtra,694603,"Meera Patel",9956194378,2022,B,8,"Chennai Institute of Technology",Active
2801,"Kavya Rao",AIML,3,Female,2006-04-13,B-,9834967465,kavya2801@cit.edu.in,"85 Gandhi Road",Hyderabad,Maharashtra,672816,"Sanya Rao",9370661202,2023,D,6,"Chennai Institute of Technology",Active
2802,"Priya Singh",CIVIL,3,Female,2004-03-04,B-,9506564175,priya2802@cit.edu.in,"59 Gandhi Road",Hyderabad,Maharashtra,670233,"Diya Singh",9403749568,2023,D,5,"Chennai Institute of Technology",Active
2803,"Priya Patel",MECH,4,Male,2002-07-09,O+,9705460350,priya2803@cit.edu.in,"83 Gandhi Road",Pune,Tamil Nadu,631676,"Karan Patel",9961452114,2022,A,7,"Chennai Institute of Technology",Active
2804,"Aarav Sharma",CIVIL,2,Male,2002-06-17,A-,9288019322,aarav2804@cit.edu.in,"56 Gandhi Road",Mumbai,Maharashtra,621553,"Vikram Sharma",9767770947,2024,B,4,"Chennai Institute of Technology",Active
2805,"Arjun Rao",CSE,2,Female,2002-03-14,O-,9609600178,arjun2805@cit.edu.in,"65 Gandhi Road",Chennai,Tamil Nadu,688641,"Arjun Rao",9486410970,2024,B,4,"Chennai Institute of Technology",Active
2806,"Kavya Chopra",IT,2,Male,2002-03-03,O-,9425541364,kavya2806@cit.edu.in,"91 Gandhi Road",Pune,Telangana,666151,"Vikram Chopra",9936295731,2024,A,4,"Chennai Institute of Technology",Active
2807,"Arjun Mehta",IT,2,Female,2003-08-21,A-,9297268861,arjun2807@cit.edu.in,"85 Gandhi Road",Kolkata,Maharashtra,604232,"Priya Mehta",9613208503,2024,C,4,"Chennai Institute of Technology",Active
2808,"Priya Reddy",EEE,2,Female,2006-04-26,B-,9545233137,priya2808@cit.edu.in,"49 Gandhi Road",Chennai,Telangana,689036,"Aditya Reddy",9375247888,2024,D,3,"Chennai Institute of Technology",Active
2809,"Sanya Mehta",ECE,2,Male,2003-09-04,O-,9510467287,sanya2809@cit.edu.in,"67 Gandhi Road",Kolkata,Telangana,600691,"Rohan Mehta",9351306838,2024,B,3,"Chennai Institute of Technology",Active
2810,"Kavya Sharma",MECH,2,Male,2005-02-22,B-,9482735071,kavya2810@cit.edu.in,"94 Gandhi Road",Kolkata,Karnataka,639354,"Aarav Sharma",9753879167,2024,C,3,"Chennai Institute of Technology",Active
2811,"Sanya Reddy",MECH,4,Female,2005-09-10,A+,9423841750,sanya2811@cit.edu.in,"67 Gandhi Road",Kolkata,Tamil Nadu,651139,"Rohan Reddy",9602066707,2022,A,7,"Chennai Institute of Technology",Active
2812,"Pooja Mehta",AIDS,2,Male,2005-01-09,AB+,9422373329,pooja2812@cit.edu.in,"74 Gandhi Road",Mumbai,Karnataka,613742,"Neha Mehta",9448803432,2024,A,4,"Chennai Institute of Technology",Active
2813,"Arjun Rao",AIML,4,Male,2004-01-10,O+,9168721831,arjun2813@cit.edu.in,"38 Gandhi Road",Mumbai,Tamil Nadu,682654,"Meera Rao",9757524908,2022,A,8,"Chennai Institute of Technology",Active
2814,"Ananya Kumar",EEE,1,Male,2003-02-27,O-,9255753611,ananya2814@cit.edu.in,"70 Gandhi Road",Pune,Karnataka,688516,"Vikram Kumar",9910639163,2025,C,1,"Chennai Institute of Technology",Active
2815,"Arjun Nair",ECE,3,Female,2002-08-22,O+,9866327078,arjun2815@cit.edu.in,"61 Gandhi Road",Pune,West Bengal,633965,"Ananya Nair",9606654931,2023,C,5,"Chennai Institute of Technology",Active
2816,"Priya Patel",AIML,1,Male,2003-03-10,O+,9821835562,priya2816@cit.edu.in,"86 Gandhi Road",Mumbai,Maharashtra,623448,"Priya Patel",9888073043,2025,C,1,"Chennai Institute of Technology",Active
2817,"Meera Verma",CSE,4,Female,2002-06-05,A+,9378481434,meera2817@cit.edu.in,"46 Gandhi Road",Hyderabad,Karnataka,667068,"Vikram Verma",9996109282,2022,D,7,"Chennai Institute of Technology",Active
2818,"Arjun Nair",AIDS,1,Male,2003-03-17,B+,9405501551,arjun2818@cit.edu.in,"35 Gandhi Road",Kolkata,Delhi,694960,"Meera Nair",9755161458,2025,B,1,"Chennai Institute of Technology",Active
2819,"Meera Rao",IT,4,Female,2005-01-06,O+,9499354385,meera2819@cit.edu.in,"60 Gandhi Road",Delhi,Karnataka,651988,"Priya Rao",9215408041,2022,D,7,"Chennai Institute of Technology",Active
2820,"Meera Patel",CIVIL,1,Male,2002-12-24,AB+,9288530087,meera2820@cit.edu.in,"16 Gandhi Road",Kolkata,Tamil Nadu,613072,"Rahul Patel",9933774699,2025,D,2,"Chennai Institute of Technology",Active
2821,"Diya Sharma",EEE,4,Female,2003-01-24,O+,9987751637,diya2821@cit.edu.in,"40 Gandhi Road",Mumbai,West Bengal,628990,"Pooja Sharma",9474013538,2022,B,7,"Chennai Institute of Technology",Active
2822,"Pooja Rao",IT,3,Male,2005-10-22,O+,9471290426,pooja2822@cit.edu.in,"90 Gandhi Road",Chennai,West Bengal,607380,"Rahul Rao",9578121439,2023,B,6,"Chennai Institute of Technology",Active
2823,"Karan Mehta",IT,3,Female,2002-11-04,A-,9051251594,karan2823@cit.edu.in,"58 Gandhi Road",Chennai,Maharashtra,689534,"Karan Mehta",9878907589,2023,B,6,"Chennai Institute of Technology",Active
2824,"Ananya Gupta",CIVIL,2,Female,2002-01-11,AB-,9392906701,ananya2824@cit.edu.in,"68 Gandhi Road",Chennai,Maharashtra,672561,"Varun Gupta",9746534687,2024,B,3,"Chennai Institute of Technology",Active
2825,"Meera Nair",IT,4,Male,2003-10-25,O+,9850845029,meera2825@cit.edu.in,"39 Gandhi Road",Mumbai,West Bengal,663578,"Varun Nair",9580617783,2022,C,7,"Chennai Institute of Technology",Active
2826,"Aditya Singh",CIVIL,1,Male,2004-04-06,B+,9070662422,aditya2826@cit.edu.in,"25 Gandhi Road",Chennai,Delhi,669779,"Sanya Singh",9833263919,2025,D,1,"Chennai Institute of Technology",Active
2827,"Arjun Kumar",CIVIL,4,Female,2003-06-26,B+,9592635657,arjun2827@cit.edu.in,"87 Gandhi Road",Pune,West Bengal,695029,"Ananya Kumar",9474015773,2022,C,8,"Chennai Institute of Technology",Active
2828,"Kavya Rao",EEE,1,Male,2002-05-18,B-,9235288891,kavya2828@cit.edu.in,"21 Gandhi Road",Mumbai,Telangana,684581,"Varun Rao",9856594667,2025,B,2,"Chennai Institute of Technology",Active
2829,"Aarav Reddy",CSE,2,Female,2005-09-06,AB-,9483005824,aarav2829@cit.edu.in,"74 Gandhi Road",Chennai,Karnataka,637556,"Aarav Reddy",9821122126,2024,D,3,"Chennai Institute of Technology",Active
2830,"Neha Chopra",CSE,1,Male,2003-05-04,AB+,9520608486,neha2830@cit.edu.in,"12 Gandhi Road",Chennai,Delhi,604580,"Diya Chopra",9374231560,2025,D,1,"Chennai Institute of Technology",Active
2831,"Ananya Reddy",CIVIL,1,Male,2006-01-18,AB+,9097754021,ananya2831@cit.edu.in,"89 Gandhi Road",Bengaluru,Maharashtra,632556,"Neha Reddy",9902707826,2025,C,1,"Chennai Institute of Technology",Active
2832,"Priya Mehta",AIML,1,Female,2004-02-13,A+,9475432352,priya2832@cit.edu.in,"97 Gandhi Road",Pune,Delhi,614383,"Neha Mehta",9035498295,2025,C,1,"Chennai Institute of Technology",Active
2833,"Vikram Chopra",AIML,2,Female,2005-05-20,B-,9045526453,vikram2833@cit.edu.in,"81 Gandhi Road",Mumbai,West Bengal,690638,"Neha Chopra",9172414323,2024,C,3,"Chennai Institute of Technology",Active
2834,"Karan Patel",CSE,1,Male,2004-08-27,AB-,9147659882,karan2834@cit.edu.in,"31 Gandhi Road",Kolkata,Delhi,609166,"Ananya Patel",9746201623,2025,B,1,"Chennai Institute of Technology",Active
2835,"Kavya Rao",EEE,2,Female,2005-11-07,AB-,9760902295,kavya2835@cit.edu.in,"97 Gandhi Road",Bengaluru,Tamil Nadu,669651,"Diya Rao",9470919291,2024,D,4,"Chennai Institute of Technology",Active
2836,"Neha Chopra",ECE,1,Male,2005-01-23,AB+,9459535521,neha2836@cit.edu.in,"71 Gandhi Road",Hyderabad,Tamil Nadu,648096,"Vikram Chopra",9501203332,2025,C,1,"Chennai Institute of Technology",Active
2837,"Diya Rao",MECH,3,Male,2005-08-05,B-,9489295071,diya2837@cit.edu.in,"21 Gandhi Road",Kolkata,Tamil Nadu,611414,"Kavya Rao",9054606630,2023,D,6,"Chennai Institute of Technology",Active
2838,"Aditya Sharma",EEE,2,Female,2005-04-18,B-,9108367017,aditya2838@cit.edu.in,"82 Gandhi Road",Mumbai,Telangana,691356,"Vikram Sharma",9356739230,2024,B,3,"Chennai Institute of Technology",Active
2839,"Priya Sharma",CIVIL,4,Male,2006-12-01,O-,9141114284,priya2839@cit.edu.in,"90 Gandhi Road",Mumbai,Maharashtra,675127,"Ananya Sharma",9323912570,2022,A,8,"Chennai Institute of Technology",Active
2840,"Kavya Patel",CIVIL,2,Female,2004-11-16,AB-,9594592804,kavya2840@cit.edu.in,"47 Gandhi Road",Bengaluru,Maharashtra,635571,"Karan Patel",9121986556,2024,C,3,"Chennai Institute of Technology",Active
2841,"Aditya Reddy",IT,1,Female,2002-09-19,AB+,9618181853,aditya2841@cit.edu.in,"60 Gandhi Road",Hyderabad,Delhi,657774,"Karan Reddy",9036587312,2025,C,2,"Chennai Institute of Technology",Active
2842,"Rohan Chopra",IT,2,Female,2002-01-21,A-,9057718518,rohan2842@cit.edu.in,"53 Gandhi Road",Bengaluru,West Bengal,617913,"Varun Chopra",9222750175,2024,D,4,"Chennai Institute of Technology",Active
2843,"Priya Rao",IT,3,Female,2003-10-23,B-,9297748641,priya2843@cit.edu.in,"23 Gandhi Road",Kolkata,Telangana,631420,"Rohan Rao",9371742964,2023,D,5,"Chennai Institute of Technology",Active
2844,"Ananya Nair",MECH,4,Female,2004-06-21,A+,9715803401,ananya2844@cit.edu.in,"48 Gandhi Road",Mumbai,Delhi,614089,"Priya Nair",9087580333,2022,B,7,"Chennai Institute of Technology",Active
2845,"Karan Nair",CIVIL,3,Female,2005-11-04,O+,9903717194,karan2845@cit.edu.in,"67 Gandhi Road",Hyderabad,Tamil Nadu,626593,"Sanya Nair",9913951053,2023,A,5,"Chennai Institute of Technology",Active
2846,"Karan Gupta",MECH,2,Female,2005-11-21,B-,9890232088,karan2846@cit.edu.in,"47 Gandhi Road",Chennai,Tamil Nadu,683679,"Aditya Gupta",9238995535,2024,D,4,"Chennai Institute of Technology",Active
2847,"Arjun Gupta",AIML,3,Female,2004-04-12,AB-,9100409341,arjun2847@cit.edu.in,"40 Gandhi Road",Mumbai,Telangana,607650,"Pooja Gupta",9068351040,2023,A,5,"Chennai Institute of Technology",Active
2848,"Neha Sharma",IT,2,Male,2005-07-25,O-,9586647809,neha2848@cit.edu.in,"28 Gandhi Road",Kolkata,Delhi,622398,"Aditya Sharma",9084560742,2024,B,3,"Chennai Institute of Technology",Active
2849,"Neha Chopra",MECH,3,Male,2002-06-23,O-,9090034341,neha2849@cit.edu.in,"34 Gandhi Road",Bengaluru,Tamil Nadu,667171,"Rahul Chopra",9009569048,2023,D,5,"Chennai Institute of Technology",Active
2850,"Aditya Kumar",AIDS,1,Male,2002-09-15,O+,9944687366,aditya2850@cit.edu.in,"98 Gandhi Road",Hyderabad,Maharashtra,658278,"Rahul Kumar",9310110694,2025,D,1,"Chennai Institute of Technology",Active
2851,"Sanya Reddy",AIDS,1,Female,2006-04-20,A-,9848942517,sanya2851@cit.edu.in,"37 Gandhi Road",Pune,West Bengal,674635,"Aarav Reddy",9559144900,2025,A,2,"Chennai Institute of Technology",Active
2852,"Pooja Chopra",AIML,3,Male,2002-07-24,AB-,9627777923,pooja2852@cit.edu.in,"72 Gandhi Road",Pune,Delhi,685785,"Sanya Chopra",9005123237,2023,C,6,"Chennai Institute of Technology",Active
2853,"Priya Gupta",CSE,3,Male,2002-02-03,A+,9572931293,priya2853@cit.edu.in,"38 Gandhi Road",Delhi,Delhi,693743,"Neha Gupta",9929432857,2023,C,6,"Chennai Institute of Technology",Active
2854,"Rahul Rao",AIDS,3,Female,2005-08-05,B-,9702039724,rahul2854@cit.edu.in,"78 Gandhi Road",Hyderabad,Karnataka,605453,"Vikram Rao",9004669465,2023,C,5,"Chennai Institute of Technology",Active
2855,"Pooja Patel",MECH,1,Male,2002-02-10,A-,9631808236,pooja2855@cit.edu.in,"63 Gandhi Road",Pune,West Bengal,622764,"Rohan Patel",9687327840,2025,C,2,"Chennai Institute of Technology",Active
2856,"Vikram Chopra",EEE,3,Female,2003-10-10,AB-,9996579248,vikram2856@cit.edu.in,"33 Gandhi Road",Pune,Maharashtra,619897,"Priya Chopra",9508374450,2023,C,5,"Chennai Institute of Technology",Active
2857,"Meera Joshi",ECE,3,Female,2002-05-16,B+,9325577124,meera2857@cit.edu.in,"70 Gandhi Road",Bengaluru,Telangana,604971,"Sanya Joshi",9791728441,2023,D,5,"Chennai Institute of Technology",Active
2858,"Meera Rao",AIDS,1,Male,2006-05-07,O+,9450697575,meera2858@cit.edu.in,"56 Gandhi Road",Delhi,Karnataka,657769,"Aditya Rao",9383123391,2025,C,1,"Chennai Institute of Technology",Active
2859,"Kavya Sharma",EEE,4,Male,2005-09-28,O+,9184827604,kavya2859@cit.edu.in,"18 Gandhi Road",Kolkata,Tamil Nadu,634590,"Pooja Sharma",9938718130,2022,A,8,"Chennai Institute of Technology",Active
2860,"Rohan Verma",CIVIL,4,Female,2006-07-21,A+,9824029980,rohan2860@cit.edu.in,"35 Gandhi Road",Mumbai,Delhi,678843,"Vikram Verma",9213560077,2022,D,8,"Chennai Institute of Technology",Active
2861,"Aarav Reddy",ECE,2,Male,2003-10-27,A-,9943434554,aarav2861@cit.edu.in,"13 Gandhi Road",Chennai,Tamil Nadu,670602,"Rohan Reddy",9727763119,2024,C,3,"Chennai Institute of Technology",Active
2862,"Aditya Mehta",EEE,3,Male,2004-04-08,B+,9610944441,aditya2862@cit.edu.in,"32 Gandhi Road",Delhi,West Bengal,653540,"Sanya Mehta",9099454665,2023,D,6,"Chennai Institute of Technology",Active
2863,"Sanya Gupta",MECH,2,Male,2002-08-18,A-,9554190657,sanya2863@cit.edu.in,"14 Gandhi Road",Chennai,Delhi,616635,"Aarav Gupta",9628671017,2024,C,4,"Chennai Institute of Technology",Active
2864,"Diya Rao",AIML,3,Male,2004-01-08,O-,9835599617,diya2864@cit.edu.in,"93 Gandhi Road",Kolkata,Karnataka,645164,"Aarav Rao",9466062235,2023,C,5,"Chennai Institute of Technology",Active
2865,"Sanya Chopra",AIDS,1,Female,2006-12-26,AB-,9513751234,sanya2865@cit.edu.in,"60 Gandhi Road",Pune,Maharashtra,662901,"Sanya Chopra",9379886423,2025,B,2,"Chennai Institute of Technology",Active
2866,"Kavya Nair",MECH,3,Female,2006-04-27,B-,9089023191,kavya2866@cit.edu.in,"88 Gandhi Road",Hyderabad,Tamil Nadu,684153,"Vikram Nair",9624331709,2023,D,6,"Chennai Institute of Technology",Active
2867,"Ananya Chopra",CSE,3,Female,2004-10-13,B+,9189702053,ananya2867@cit.edu.in,"30 Gandhi Road",Bengaluru,Karnataka,639184,"Arjun Chopra",9314033112,2023,A,6,"Chennai Institute of Technology",Active
2868,"Rahul Joshi",CSE,4,Male,2003-07-06,O-,9774040877,rahul2868@cit.edu.in,"25 Gandhi Road",Hyderabad,Telangana,677738,"Vikram Joshi",9738661953,2022,B,8,"Chennai Institute of Technology",Active
2869,"Arjun Kumar",AIDS,1,Female,2006-04-27,A-,9645087888,arjun2869@cit.edu.in,"74 Gandhi Road",Mumbai,West Bengal,637259,"Priya Kumar",9839208979,2025,A,1,"Chennai Institute of Technology",Active
2870,"Sanya Gupta",AIDS,2,Male,2005-06-28,AB+,9135939650,sanya2870@cit.edu.in,"55 Gandhi Road",Pune,West Bengal,605065,"Arjun Gupta",9417707966,2024,C,4,"Chennai Institute of Technology",Active
2871,"Rahul Kumar",AIML,3,Male,2006-10-01,AB-,9993136935,rahul2871@cit.edu.in,"78 Gandhi Road",Delhi,Maharashtra,681584,"Vikram Kumar",9061403833,2023,C,6,"Chennai Institute of Technology",Active
2872,"Meera Sharma",AIDS,2,Female,2004-04-27,A-,9842571639,meera2872@cit.edu.in,"58 Gandhi Road",Mumbai,West Bengal,601667,"Aarav Sharma",9714893089,2024,D,3,"Chennai Institute of Technology",Active
2873,"Arjun Joshi",CIVIL,2,Female,2003-09-13,B+,9723778047,arjun2873@cit.edu.in,"60 Gandhi Road",Kolkata,West Bengal,671292,"Neha Joshi",9412305772,2024,D,4,"Chennai Institute of Technology",Active
2874,"Ananya Patel",EEE,1,Male,2006-04-24,B+,9934538958,ananya2874@cit.edu.in,"75 Gandhi Road",Pune,Tamil Nadu,682647,"Neha Patel",9208416419,2025,C,2,"Chennai Institute of Technology",Active
2875,"Sanya Sharma",IT,4,Male,2002-10-15,AB+,9339202085,sanya2875@cit.edu.in,"70 Gandhi Road",Hyderabad,Telangana,699490,"Rahul Sharma",9936154744,2022,B,7,"Chennai Institute of Technology",Active
2876,"Rahul Verma",CSE,3,Male,2005-07-05,AB+,9184943872,rahul2876@cit.edu.in,"88 Gandhi Road",Kolkata,Telangana,643481,"Pooja Verma",9310511834,2023,C,6,"Chennai Institute of Technology",Active
2877,"Neha Mehta",MECH,3,Female,2006-04-11,AB+,9241024069,neha2877@cit.edu.in,"28 Gandhi Road",Chennai,West Bengal,665425,"Rahul Mehta",9247447486,2023,C,5,"Chennai Institute of Technology",Active
2878,"Rohan Chopra",CSE,2,Male,2002-12-25,AB+,9241719352,rohan2878@cit.edu.in,"86 Gandhi Road",Hyderabad,West Bengal,640941,"Pooja Chopra",9756057577,2024,B,3,"Chennai Institute of Technology",Active
2879,"Vikram Chopra",IT,2,Male,2004-01-24,B-,9728514937,vikram2879@cit.edu.in,"58 Gandhi Road",Mumbai,Tamil Nadu,661899,"Ananya Chopra",9717534385,2024,D,4,"Chennai Institute of Technology",Active
2880,"Priya Kumar",ECE,3,Female,2002-09-04,B+,9541918065,priya2880@cit.edu.in,"40 Gandhi Road",Pune,Delhi,635262,"Vikram Kumar",9207302866,2023,C,5,"Chennai Institute of Technology",Active
2881,"Diya Kumar",AIML,2,Male,2005-07-25,A+,9453377456,diya2881@cit.edu.in,"26 Gandhi Road",Bengaluru,Karnataka,607552,"Karan Kumar",9914583929,2024,D,3,"Chennai Institute of Technology",Active
2882,"Karan Nair",EEE,4,Male,2003-01-18,AB-,9941022956,karan2882@cit.edu.in,"26 Gandhi Road",Kolkata,Karnataka,645709,"Diya Nair",9117049207,2022,C,8,"Chennai Institute of Technology",Active
2883,"Diya Chopra",CSE,4,Female,2002-11-27,A-,9848573205,diya2883@cit.edu.in,"14 Gandhi Road",Chennai,Karnataka,625099,"Karan Chopra",9454902201,2022,A,7,"Chennai Institute of Technology",Active
2884,"Aarav Patel",IT,2,Female,2003-02-05,B+,9672515566,aarav2884@cit.edu.in,"37 Gandhi Road",Delhi,West Bengal,658523,"Kavya Patel",9509572512,2024,A,4,"Chennai Institute of Technology",Active
2885,"Pooja Gupta",AIDS,1,Male,2005-06-24,O-,9548798638,pooja2885@cit.edu.in,"59 Gandhi Road",Delhi,West Bengal,651089,"Pooja Gupta",9065088936,2025,B,2,"Chennai Institute of Technology",Active
2886,"Neha Kumar",AIDS,2,Male,2006-10-26,A-,9976529864,neha2886@cit.edu.in,"73 Gandhi Road",Hyderabad,Maharashtra,687629,"Aditya Kumar",9610603427,2024,C,3,"Chennai Institute of Technology",Active
2887,"Rohan Chopra",ECE,4,Male,2003-01-18,O+,9619813613,rohan2887@cit.edu.in,"58 Gandhi Road",Pune,Maharashtra,662489,"Meera Chopra",9532078120,2022,D,7,"Chennai Institute of Technology",Active
2888,"Rohan Kumar",MECH,4,Male,2002-03-22,AB-,9070842698,rohan2888@cit.edu.in,"47 Gandhi Road",Mumbai,Tamil Nadu,642138,"Sanya Kumar",9664873521,2022,D,8,"Chennai Institute of Technology",Active
2889,"Varun Joshi",ECE,4,Male,2005-02-06,B+,9857962451,varun2889@cit.edu.in,"23 Gandhi Road",Chennai,Karnataka,655028,"Diya Joshi",9972382605,2022,B,8,"Chennai Institute of Technology",Active
2890,"Meera Rao",AIDS,2,Female,2005-08-26,AB+,9705360101,meera2890@cit.edu.in,"21 Gandhi Road",Delhi,Telangana,681023,"Diya Rao",9292029952,2024,C,3,"Chennai Institute of Technology",Active
2891,"Arjun Chopra",CSE,4,Male,2003-06-24,AB+,9536698550,arjun2891@cit.edu.in,"35 Gandhi Road",Delhi,Telangana,617116,"Diya Chopra",9274105471,2022,C,8,"Chennai Institute of Technology",Active
2892,"Pooja Sharma",EEE,1,Male,2002-11-24,AB+,9560022341,pooja2892@cit.edu.in,"31 Gandhi Road",Delhi,Telangana,668030,"Rahul Sharma",9654566168,2025,B,1,"Chennai Institute of Technology",Active
2893,"Arjun Rao",MECH,4,Female,2006-06-12,B+,9671074780,arjun2893@cit.edu.in,"33 Gandhi Road",Hyderabad,West Bengal,653363,"Neha Rao",9001129752,2022,B,8,"Chennai Institute of Technology",Active
2894,"Rohan Kumar",AIML,4,Female,2005-11-05,AB+,9169832820,rohan2894@cit.edu.in,"64 Gandhi Road",Bengaluru,Telangana,641054,"Diya Kumar",9000773623,2022,B,7,"Chennai Institute of Technology",Active
2895,"Karan Reddy",MECH,2,Male,2006-02-17,O-,9410547288,karan2895@cit.edu.in,"91 Gandhi Road",Chennai,Telangana,609846,"Varun Reddy",9193069479,2024,A,3,"Chennai Institute of Technology",Active
2896,"Rohan Mehta",MECH,2,Female,2002-01-26,A+,9533775577,rohan2896@cit.edu.in,"60 Gandhi Road",Hyderabad,Tamil Nadu,698728,"Priya Mehta",9819873403,2024,D,4,"Chennai Institute of Technology",Active
2897,"Neha Nair",ECE,4,Male,2003-10-16,O+,9129268959,neha2897@cit.edu.in,"63 Gandhi Road",Pune,Telangana,628436,"Varun Nair",9818682642,2022,A,7,"Chennai Institute of Technology",Active
2898,"Neha Chopra",MECH,3,Male,2003-04-02,O+,9545060027,neha2898@cit.edu.in,"96 Gandhi Road",Kolkata,West Bengal,674908,"Vikram Chopra",9982795492,2023,A,5,"Chennai Institute of Technology",Active
2899,"Neha Kumar",EEE,2,Female,2003-02-23,O-,9761724722,neha2899@cit.edu.in,"12 Gandhi Road",Chennai,Delhi,663686,"Meera Kumar",9191243034,2024,C,3,"Chennai Institute of Technology",Active
2900,"Rahul Chopra",AIML,1,Female,2006-10-04,A-,9406274429,rahul2900@cit.edu.in,"68 Gandhi Road",Hyderabad,Maharashtra,619811,"Ananya Chopra",9383958412,2025,D,2,"Chennai Institute of Technology",Active
2901,"Sanya Mehta",CIVIL,2,Male,2006-05-21,AB+,9185677669,sanya2901@cit.edu.in,"88 Gandhi Road",Pune,Delhi,679871,"Kavya Mehta",9350658266,2024,A,3,"Chennai Institute of Technology",Active
2902,"Meera Gupta",CSE,3,Male,2004-12-24,AB+,9736076919,meera2902@cit.edu.in,"86 Gandhi Road",Pune,Tamil Nadu,645000,"Diya Gupta",9440788656,2023,B,6,"Chennai Institute of Technology",Active
2903,"Karan Mehta",MECH,2,Male,2002-11-19,AB-,9358904519,karan2903@cit.edu.in,"21 Gandhi Road",Kolkata,Tamil Nadu,690390,"Diya Mehta",9619056061,2024,D,4,"Chennai Institute of Technology",Active
2904,"Kavya Singh",CIVIL,4,Male,2004-03-07,A-,9871518828,kavya2904@cit.edu.in,"93 Gandhi Road",Chennai,Tamil Nadu,618317,"Neha Singh",9808582815,2022,B,8,"Chennai Institute of Technology",Active
2905,"Kavya Sharma",MECH,1,Female,2005-06-23,B-,9520125569,kavya2905@cit.edu.in,"88 Gandhi Road",Mumbai,Karnataka,630467,"Aarav Sharma",9120984300,2025,B,2,"Chennai Institute of Technology",Active
2906,"Pooja Verma",CIVIL,1,Male,2003-07-27,AB+,9642231925,pooja2906@cit.edu.in,"48 Gandhi Road",Bengaluru,Telangana,685335,"Pooja Verma",9208446243,2025,A,2,"Chennai Institute of Technology",Active
2907,"Rahul Patel",ECE,3,Male,2006-11-11,AB-,9300584200,rahul2907@cit.edu.in,"11 Gandhi Road",Delhi,Telangana,679796,"Diya Patel",9096757365,2023,B,6,"Chennai Institute of Technology",Active
2908,"Ananya Kumar",CSE,3,Male,2006-02-13,A+,9352245497,ananya2908@cit.edu.in,"94 Gandhi Road",Chennai,Delhi,617265,"Vikram Kumar",9362705563,2023,B,6,"Chennai Institute of Technology",Active
2909,"Sanya Reddy",ECE,2,Female,2006-08-03,O-,9790686782,sanya2909@cit.edu.in,"44 Gandhi Road",Chennai,Karnataka,638553,"Ananya Reddy",9229532865,2024,A,3,"Chennai Institute of Technology",Active
2910,"Kavya Sharma",MECH,1,Male,2002-11-04,O-,9292131048,kavya2910@cit.edu.in,"34 Gandhi Road",Delhi,Maharashtra,669600,"Diya Sharma",9894675908,2025,C,1,"Chennai Institute of Technology",Active
2911,"Varun Verma",AIML,2,Male,2003-08-09,O-,9807564220,varun2911@cit.edu.in,"19 Gandhi Road",Hyderabad,Karnataka,685009,"Pooja Verma",9770958383,2024,A,3,"Chennai Institute of Technology",Active
2912,"Varun Rao",ECE,3,Female,2002-12-06,AB-,9354827085,varun2912@cit.edu.in,"91 Gandhi Road",Bengaluru,West Bengal,640027,"Ananya Rao",9083867994,2023,A,5,"Chennai Institute of Technology",Active
2913,"Diya Patel",AIDS,2,Female,2005-09-04,AB-,9782642406,diya2913@cit.edu.in,"10 Gandhi Road",Hyderabad,Delhi,694158,"Arjun Patel",9968022856,2024,A,4,"Chennai Institute of Technology",Active
2914,"Varun Reddy",AIML,2,Male,2004-04-27,O+,9735205991,varun2914@cit.edu.in,"72 Gandhi Road",Kolkata,Delhi,618055,"Meera Reddy",9228467192,2024,A,4,"Chennai Institute of Technology",Active
2915,"Priya Chopra",EEE,1,Female,2005-11-16,AB+,9191337119,priya2915@cit.edu.in,"80 Gandhi Road",Hyderabad,Maharashtra,643972,"Rohan Chopra",9270637813,2025,B,1,"Chennai Institute of Technology",Active
2916,"Pooja Rao",AIDS,4,Male,2006-03-27,O+,9038147953,pooja2916@cit.edu.in,"44 Gandhi Road",Delhi,Maharashtra,655985,"Vikram Rao",9629579040,2022,A,7,"Chennai Institute of Technology",Active
2917,"Priya Singh",CIVIL,4,Male,2004-08-12,A-,9939893162,priya2917@cit.edu.in,"70 Gandhi Road",Pune,West Bengal,673871,"Pooja Singh",9780459213,2022,C,7,"Chennai Institute of Technology",Active
2918,"Karan Joshi",AIML,4,Male,2002-06-19,A+,9046002698,karan2918@cit.edu.in,"62 Gandhi Road",Bengaluru,Karnataka,670036,"Sanya Joshi",9081059158,2022,B,8,"Chennai Institute of Technology",Active
2919,"Aditya Kumar",EEE,4,Female,2004-10-05,AB+,9445247391,aditya2919@cit.edu.in,"48 Gandhi Road",Chennai,Delhi,679484,"Rahul Kumar",9809263499,2022,C,8,"Chennai Institute of Technology",Active
2920,"Neha Singh",CIVIL,1,Male,2004-07-24,B+,9283469121,neha2920@cit.edu.in,"44 Gandhi Road",Pune,West Bengal,602067,"Rohan Singh",9225042278,2025,B,2,"Chennai Institute of Technology",Active
2921,"Pooja Nair",AIML,3,Male,2005-08-16,AB+,9401619591,pooja2921@cit.edu.in,"46 Gandhi Road",Kolkata,Delhi,694216,"Priya Nair",9763192222,2023,C,6,"Chennai Institute of Technology",Active
2922,"Priya Joshi",CSE,4,Female,2006-01-15,B-,9556766273,priya2922@cit.edu.in,"49 Gandhi Road",Kolkata,Delhi,648735,"Neha Joshi",9469978310,2022,D,8,"Chennai Institute of Technology",Active
2923,"Kavya Sharma",IT,4,Female,2002-07-19,A-,9133977049,kavya2923@cit.edu.in,"37 Gandhi Road",Chennai,Delhi,644768,"Diya Sharma",9941766489,2022,B,7,"Chennai Institute of Technology",Active
2924,"Rahul Verma",CIVIL,2,Female,2002-02-03,AB-,9448338198,rahul2924@cit.edu.in,"72 Gandhi Road",Hyderabad,Maharashtra,627915,"Meera Verma",9384812710,2024,C,4,"Chennai Institute of Technology",Active
2925,"Aarav Patel",EEE,2,Female,2003-02-13,A-,9606347338,aarav2925@cit.edu.in,"20 Gandhi Road",Hyderabad,Tamil Nadu,645485,"Sanya Patel",9381074066,2024,B,3,"Chennai Institute of Technology",Active
2926,"Rohan Sharma",EEE,4,Female,2003-09-20,A+,9321041603,rohan2926@cit.edu.in,"15 Gandhi Road",Chennai,Telangana,630630,"Vikram Sharma",9766742015,2022,D,7,"Chennai Institute of Technology",Active
2927,"Aditya Patel",CSE,4,Female,2004-08-17,B+,9166361384,aditya2927@cit.edu.in,"80 Gandhi Road",Mumbai,Telangana,667637,"Varun Patel",9918695272,2022,D,8,"Chennai Institute of Technology",Active
2928,"Vikram Rao",ECE,2,Female,2002-06-08,AB-,9291380426,vikram2928@cit.edu.in,"29 Gandhi Road",Delhi,Delhi,618337,"Rohan Rao",9161538299,2024,B,3,"Chennai Institute of Technology",Active
2929,"Aarav Mehta",CSE,4,Female,2005-01-05,B-,9306391013,aarav2929@cit.edu.in,"68 Gandhi Road",Bengaluru,Karnataka,639652,"Ananya Mehta",9759464246,2022,D,8,"Chennai Institute of Technology",Active
2930,"Aditya Gupta",CSE,3,Female,2006-01-12,A+,9623548825,aditya2930@cit.edu.in,"70 Gandhi Road",Chennai,West Bengal,679220,"Aarav Gupta",9571149473,2023,B,6,"Chennai Institute of Technology",Active
2931,"Pooja Mehta",AIML,4,Female,2002-02-09,A-,9052577379,pooja2931@cit.edu.in,"14 Gandhi Road",Bengaluru,Karnataka,638356,"Rohan Mehta",9465088254,2022,B,8,"Chennai Institute of Technology",Active
2932,"Rahul Gupta",AIDS,3,Female,2002-07-24,O-,9427572497,rahul2932@cit.edu.in,"25 Gandhi Road",Bengaluru,West Bengal,658729,"Arjun Gupta",9889565373,2023,B,5,"Chennai Institute of Technology",Active
2933,"Priya Mehta",MECH,4,Female,2004-08-12,AB+,9742470722,priya2933@cit.edu.in,"87 Gandhi Road",Bengaluru,Karnataka,609129,"Ananya Mehta",9613147470,2022,C,8,"Chennai Institute of Technology",Active
2934,"Meera Singh",CSE,1,Female,2006-06-09,O+,9381176231,meera2934@cit.edu.in,"52 Gandhi Road",Mumbai,Karnataka,670387,"Karan Singh",9461527387,2025,C,1,"Chennai Institute of Technology",Active
2935,"Varun Nair",CSE,4,Female,2006-07-06,AB-,9034342486,varun2935@cit.edu.in,"75 Gandhi Road",Kolkata,Delhi,616305,"Vikram Nair",9962795467,2022,B,8,"Chennai Institute of Technology",Active
2936,"Vikram Sharma",IT,4,Male,2006-03-12,A+,9776028329,vikram2936@cit.edu.in,"54 Gandhi Road",Pune,Delhi,688533,"Diya Sharma",9389410012,2022,C,7,"Chennai Institute of Technology",Active
2937,"Aditya Nair",IT,3,Female,2004-10-13,O-,9857760311,aditya2937@cit.edu.in,"67 Gandhi Road",Hyderabad,Maharashtra,680037,"Kavya Nair",9409351262,2023,C,6,"Chennai Institute of Technology",Active
2938,"Rohan Nair",EEE,3,Female,2002-05-16,B-,9389791133,rohan2938@cit.edu.in,"14 Gandhi Road",Bengaluru,Telangana,621687,"Karan Nair",9057730745,2023,A,6,"Chennai Institute of Technology",Active
2939,"Ananya Chopra",ECE,1,Female,2003-12-14,O-,9847340529,ananya2939@cit.edu.in,"42 Gandhi Road",Kolkata,Tamil Nadu,621892,"Kavya Chopra",9312722938,2025,A,1,"Chennai Institute of Technology",Active
2940,"Varun Gupta",CIVIL,4,Male,2004-01-26,A-,9303321797,varun2940@cit.edu.in,"97 Gandhi Road",Pune,Maharashtra,674088,"Vikram Gupta",9099932032,2022,A,8,"Chennai Institute of Technology",Active
2941,"Kavya Chopra",ECE,3,Male,2005-03-18,O+,9385644806,kavya2941@cit.edu.in,"90 Gandhi Road",Delhi,Delhi,681891,"Sanya Chopra",9125951989,2023,C,6,"Chennai Institute of Technology",Active
2942,"Varun Singh",EEE,3,Female,2004-02-26,O+,9407799667,varun2942@cit.edu.in,"24 Gandhi Road",Pune,Karnataka,634728,"Ananya Singh",9309028545,2023,C,5,"Chennai Institute of Technology",Active
2943,"Meera Chopra",EEE,3,Female,2002-11-25,O-,9124256135,meera2943@cit.edu.in,"27 Gandhi Road",Kolkata,West Bengal,625596,"Pooja Chopra",9440269571,2023,C,5,"Chennai Institute of Technology",Active
2944,"Aditya Kumar",AIDS,1,Female,2005-01-25,AB+,9753781517,aditya2944@cit.edu.in,"53 Gandhi Road",Kolkata,West Bengal,631112,"Diya Kumar",9273515242,2025,A,2,"Chennai Institute of Technology",Active
2945,"Rohan Rao",MECH,4,Male,2003-05-07,O-,9491322531,rohan2945@cit.edu.in,"38 Gandhi Road",Chennai,West Bengal,629997,"Aarav Rao",9541193395,2022,D,8,"Chennai Institute of Technology",Active
2946,"Karan Nair",CSE,2,Male,2005-05-07,B-,9784065077,karan2946@cit.edu.in,"99 Gandhi Road",Delhi,Maharashtra,622169,"Diya Nair",9491131583,2024,A,4,"Chennai Institute of Technology",Active
2947,"Kavya Reddy",AIDS,3,Male,2002-02-18,AB+,9581899247,kavya2947@cit.edu.in,"84 Gandhi Road",Mumbai,Karnataka,615081,"Kavya Reddy",9664729224,2023,C,6,"Chennai Institute of Technology",Active
2948,"Neha Mehta",MECH,3,Female,2003-12-24,B+,9047264915,neha2948@cit.edu.in,"20 Gandhi Road",Mumbai,Karnataka,676523,"Vikram Mehta",9925890350,2023,A,6,"Chennai Institute of Technology",Active
2949,"Rohan Gupta",IT,4,Male,2005-09-08,O-,9281964205,rohan2949@cit.edu.in,"76 Gandhi Road",Bengaluru,West Bengal,644343,"Rahul Gupta",9206029983,2022,B,7,"Chennai Institute of Technology",Active
2950,"Varun Joshi",EEE,4,Female,2002-09-22,O+,9140656891,varun2950@cit.edu.in,"78 Gandhi Road",Hyderabad,Maharashtra,664110,"Vikram Joshi",9461445908,2022,A,8,"Chennai Institute of Technology",Active
2951,"Rohan Nair",ECE,1,Male,2004-11-08,O-,9328334207,rohan2951@cit.edu.in,"28 Gandhi Road",Kolkata,Telangana,679435,"Karan Nair",9246845782,2025,D,1,"Chennai Institute of Technology",Active
2952,"Neha Mehta",AIDS,2,Female,2005-09-02,O+,9414385080,neha2952@cit.edu.in,"76 Gandhi Road",Delhi,Telangana,681231,"Vikram Mehta",9102035782,2024,B,3,"Chennai Institute of Technology",Active
2953,"Rohan Gupta",CSE,1,Male,2003-08-15,B+,9874038917,rohan2953@cit.edu.in,"65 Gandhi Road",Hyderabad,Maharashtra,645067,"Diya Gupta",9316840905,2025,D,1,"Chennai Institute of Technology",Active
2954,"Arjun Gupta",IT,2,Female,2002-10-23,B-,9829380113,arjun2954@cit.edu.in,"24 Gandhi Road",Kolkata,Tamil Nadu,621284,"Vikram Gupta",9195322430,2024,B,3,"Chennai Institute of Technology",Active
2955,"Rohan Gupta",IT,1,Female,2004-06-14,AB+,9744964954,rohan2955@cit.edu.in,"49 Gandhi Road",Chennai,Maharashtra,621582,"Rohan Gupta",9115181411,2025,D,2,"Chennai Institute of Technology",Active
2956,"Arjun Kumar",AIML,4,Female,2005-04-23,AB+,9235630009,arjun2956@cit.edu.in,"82 Gandhi Road",Mumbai,Telangana,685181,"Varun Kumar",9818507208,2022,D,8,"Chennai Institute of Technology",Active
2957,"Arjun Sharma",IT,3,Female,2002-08-26,O+,9798507216,arjun2957@cit.edu.in,"67 Gandhi Road",Delhi,West Bengal,622371,"Meera Sharma",9936519377,2023,A,6,"Chennai Institute of Technology",Active
2958,"Karan Rao",ECE,2,Male,2003-05-06,A+,9203476334,karan2958@cit.edu.in,"74 Gandhi Road",Pune,West Bengal,642846,"Meera Rao",9970980203,2024,C,3,"Chennai Institute of Technology",Active
2959,"Aarav Joshi",AIDS,3,Male,2006-11-22,O+,9578615501,aarav2959@cit.edu.in,"47 Gandhi Road",Kolkata,Tamil Nadu,618377,"Sanya Joshi",9430563319,2023,C,5,"Chennai Institute of Technology",Active
2960,"Pooja Kumar",ECE,4,Male,2006-01-12,AB-,9767726912,pooja2960@cit.edu.in,"61 Gandhi Road",Hyderabad,Delhi,616264,"Diya Kumar",9060236844,2022,B,8,"Chennai Institute of Technology",Active
2961,"Pooja Gupta",ECE,4,Male,2005-11-21,AB-,9751876055,pooja2961@cit.edu.in,"73 Gandhi Road",Bengaluru,Karnataka,688140,"Kavya Gupta",9953734919,2022,A,7,"Chennai Institute of Technology",Active
2962,"Neha Reddy",AIML,2,Female,2005-11-13,O+,9334612887,neha2962@cit.edu.in,"80 Gandhi Road",Kolkata,Tamil Nadu,691951,"Arjun Reddy",9717653632,2024,B,4,"Chennai Institute of Technology",Active
2963,"Karan Patel",AIML,4,Male,2006-05-09,A-,9567196227,karan2963@cit.edu.in,"10 Gandhi Road",Pune,Karnataka,625050,"Rohan Patel",9583756262,2022,D,7,"Chennai Institute of Technology",Active
2964,"Diya Chopra",ECE,1,Male,2006-09-15,O-,9982279946,diya2964@cit.edu.in,"83 Gandhi Road",Chennai,Maharashtra,646162,"Pooja Chopra",9008094472,2025,D,2,"Chennai Institute of Technology",Active
2965,"Varun Joshi",AIML,2,Female,2003-05-26,B+,9672652735,varun2965@cit.edu.in,"16 Gandhi Road",Pune,Tamil Nadu,684876,"Priya Joshi",9725379083,2024,D,4,"Chennai Institute of Technology",Active
2966,"Pooja Gupta",AIDS,3,Female,2003-09-12,AB-,9541688378,pooja2966@cit.edu.in,"44 Gandhi Road",Bengaluru,Tamil Nadu,692937,"Sanya Gupta",9837062986,2023,A,5,"Chennai Institute of Technology",Active
2967,"Priya Chopra",CSE,4,Female,2004-01-18,O-,9526747607,priya2967@cit.edu.in,"23 Gandhi Road",Chennai,West Bengal,686757,"Varun Chopra",9216445901,2022,B,7,"Chennai Institute of Technology",Active
2968,"Diya Reddy",IT,4,Female,2002-06-08,B-,9681148394,diya2968@cit.edu.in,"54 Gandhi Road",Hyderabad,Karnataka,603396,"Vikram Reddy",9489594808,2022,B,7,"Chennai Institute of Technology",Active
2969,"Aarav Nair",EEE,2,Male,2006-08-01,B-,9141318094,aarav2969@cit.edu.in,"91 Gandhi Road",Hyderabad,Karnataka,620459,"Meera Nair",9129991493,2024,D,3,"Chennai Institute of Technology",Active
2970,"Neha Chopra",AIDS,1,Male,2006-01-23,AB-,9125093426,neha2970@cit.edu.in,"89 Gandhi Road",Delhi,Maharashtra,634693,"Sanya Chopra",9630401929,2025,A,2,"Chennai Institute of Technology",Active
2971,"Rohan Kumar",CIVIL,2,Male,2004-06-09,O+,9809873161,rohan2971@cit.edu.in,"39 Gandhi Road",Hyderabad,Delhi,647468,"Sanya Kumar",9524011478,2024,C,3,"Chennai Institute of Technology",Active
2972,"Rahul Reddy",ECE,1,Male,2004-11-27,B-,9569938421,rahul2972@cit.edu.in,"26 Gandhi Road",Kolkata,Karnataka,611167,"Vikram Reddy",9801251783,2025,B,1,"Chennai Institute of Technology",Active
2973,"Neha Nair",MECH,4,Male,2003-05-06,B-,9216035014,neha2973@cit.edu.in,"35 Gandhi Road",Hyderabad,Telangana,684001,"Karan Nair",9267842081,2022,A,8,"Chennai Institute of Technology",Active
2974,"Karan Mehta",CIVIL,2,Male,2002-09-19,A-,9417865928,karan2974@cit.edu.in,"17 Gandhi Road",Pune,Karnataka,656528,"Vikram Mehta",9626001997,2024,D,3,"Chennai Institute of Technology",Active
2975,"Diya Reddy",MECH,4,Male,2005-07-20,O-,9438935373,diya2975@cit.edu.in,"70 Gandhi Road",Hyderabad,Karnataka,646384,"Priya Reddy",9162323167,2022,D,8,"Chennai Institute of Technology",Active
2976,"Vikram Gupta",CIVIL,3,Male,2005-02-13,AB+,9690272533,vikram2976@cit.edu.in,"69 Gandhi Road",Bengaluru,Tamil Nadu,645906,"Vikram Gupta",9793280967,2023,B,5,"Chennai Institute of Technology",Active
2977,"Sanya Gupta",CIVIL,3,Male,2002-01-19,O-,9255266919,sanya2977@cit.edu.in,"42 Gandhi Road",Bengaluru,Telangana,656086,"Diya Gupta",9299590844,2023,A,6,"Chennai Institute of Technology",Active
2978,"Rohan Kumar",CIVIL,3,Female,2005-11-19,A-,9141184007,rohan2978@cit.edu.in,"86 Gandhi Road",Kolkata,Telangana,679257,"Pooja Kumar",9709186383,2023,A,6,"Chennai Institute of Technology",Active
2979,"Rohan Verma",CSE,2,Female,2006-12-03,B+,9844229969,rohan2979@cit.edu.in,"87 Gandhi Road",Pune,Maharashtra,654636,"Aditya Verma",9068528859,2024,A,4,"Chennai Institute of Technology",Active
2980,"Meera Gupta",IT,1,Female,2005-12-25,B-,9668735441,meera2980@cit.edu.in,"79 Gandhi Road",Chennai,West Bengal,672613,"Rohan Gupta",9445658126,2025,B,1,"Chennai Institute of Technology",Active
2981,"Pooja Sharma",CIVIL,2,Female,2002-07-25,O-,9780774511,pooja2981@cit.edu.in,"83 Gandhi Road",Chennai,Maharashtra,685686,"Varun Sharma",9547978995,2024,D,3,"Chennai Institute of Technology",Active
2982,"Rohan Nair",AIDS,2,Female,2004-03-17,AB+,9098427879,rohan2982@cit.edu.in,"68 Gandhi Road",Pune,Delhi,670824,"Pooja Nair",9707812080,2024,A,4,"Chennai Institute of Technology",Active
2983,"Kavya Joshi",IT,2,Female,2004-03-06,A+,9853055221,kavya2983@cit.edu.in,"89 Gandhi Road",Delhi,Karnataka,680322,"Meera Joshi",9264831783,2024,B,3,"Chennai Institute of Technology",Active
2984,"Aarav Joshi",CIVIL,4,Female,2002-07-17,AB-,9945007042,aarav2984@cit.edu.in,"29 Gandhi Road",Pune,Maharashtra,639596,"Karan Joshi",9140554425,2022,B,8,"Chennai Institute of Technology",Active
2985,"Arjun Nair",CSE,4,Female,2005-09-17,B+,9604456871,arjun2985@cit.edu.in,"41 Gandhi Road",Hyderabad,Delhi,622632,"Karan Nair",9556100163,2022,B,7,"Chennai Institute of Technology",Active
2986,"Priya Kumar",AIML,1,Female,2002-07-06,AB-,9604875921,priya2986@cit.edu.in,"49 Gandhi Road",Bengaluru,Delhi,638793,"Priya Kumar",9330513801,2025,A,2,"Chennai Institute of Technology",Active
2987,"Rahul Kumar",CIVIL,2,Female,2003-07-10,B+,9694806249,rahul2987@cit.edu.in,"79 Gandhi Road",Mumbai,Maharashtra,646716,"Neha Kumar",9474731700,2024,B,3,"Chennai Institute of Technology",Active
2988,"Karan Kumar",AIDS,2,Male,2006-12-17,A-,9090953480,karan2988@cit.edu.in,"42 Gandhi Road",Kolkata,Karnataka,600826,"Kavya Kumar",9672830564,2024,A,3,"Chennai Institute of Technology",Active
2989,"Priya Rao",IT,4,Male,2005-12-10,B+,9903267781,priya2989@cit.edu.in,"86 Gandhi Road",Delhi,Maharashtra,640088,"Priya Rao",9002535088,2022,A,7,"Chennai Institute of Technology",Active
2990,"Meera Sharma",AIML,2,Female,2006-09-22,A+,9271909948,meera2990@cit.edu.in,"50 Gandhi Road",Hyderabad,Delhi,667707,"Aarav Sharma",9383182965,2024,D,4,"Chennai Institute of Technology",Active
2991,"Pooja Kumar",CSE,2,Female,2006-05-25,AB+,9296003228,pooja2991@cit.edu.in,"97 Gandhi Road",Kolkata,Karnataka,630856,"Kavya Kumar",9356980883,2024,C,4,"Chennai Institute of Technology",Active
2992,"Ananya Nair",CSE,2,Female,2006-05-03,AB-,9226125794,ananya2992@cit.edu.in,"73 Gandhi Road",Chennai,Tamil Nadu,624326,"Sanya Nair",9294095346,2024,A,3,"Chennai Institute of Technology",Active
2993,"Priya Patel",MECH,2,Male,2004-04-24,O+,9859641009,priya2993@cit.edu.in,"94 Gandhi Road",Bengaluru,Maharashtra,658008,"Vikram Patel",9687805156,2024,A,3,"Chennai Institute of Technology",Active
2994,"Kavya Reddy",AIDS,3,Female,2004-04-16,B+,9855823968,kavya2994@cit.edu.in,"10 Gandhi Road",Bengaluru,Tamil Nadu,644963,"Pooja Reddy",9609337584,2023,D,6,"Chennai Institute of Technology",Active
2995,"Vikram Sharma",MECH,3,Female,2004-02-17,AB-,9940796315,vikram2995@cit.edu.in,"83 Gandhi Road",Delhi,Tamil Nadu,636588,"Rahul Sharma",9501995491,2023,C,5,"Chennai Institute of Technology",Active
2996,"Rahul Verma",CSE,4,Male,2004-01-28,B-,9174693142,rahul2996@cit.edu.in,"50 Gandhi Road",Bengaluru,Karnataka,684116,"Rahul Verma",9000306556,2022,B,7,"Chennai Institute of Technology",Active
2997,"Rohan Verma",AIML,3,Female,2006-03-17,A+,9355002579,rohan2997@cit.edu.in,"99 Gandhi Road",Mumbai,Delhi,619236,"Priya Verma",9499581107,2023,B,5,"Chennai Institute of Technology",Active
2998,"Diya Nair",ECE,4,Female,2004-05-08,AB+,9840016470,diya2998@cit.edu.in,"64 Gandhi Road",Mumbai,Delhi,676995,"Aditya Nair",9730781539,2022,C,8,"Chennai Institute of Technology",Active
2999,"Sanya Reddy",CSE,4,Female,2002-05-19,AB-,9113068064,sanya2999@cit.edu.in,"80 Gandhi Road",Bengaluru,Karnataka,607823,"Vikram Reddy",9928911131,2022,C,8,"Chennai Institute of Technology",Active
3000,"Vikram Gupta",CIVIL,2,Female,2006-12-26,B-,9710042186,vikram3000@cit.edu.in,"67 Gandhi Road",Pune,Karnataka,603664,"Arjun Gupta",9403612048,2024,D,3,"Chennai Institute of Technology",Active
3001,"Priya Chopra",EEE,3,Male,2004-07-10,O-,9501569292,priya3001@cit.edu.in,"49 Gandhi Road",Pune,Karnataka,642482,"Priya Chopra",9319056121,2023,B,5,"Chennai Institute of Technology",Active
3002,"Aditya Sharma",EEE,2,Female,2003-07-14,O-,9163291694,aditya3002@cit.edu.in,"85 Gandhi Road",Hyderabad,Telangana,651258,"Pooja Sharma",9177731210,2024,C,4,"Chennai Institute of Technology",Active
3003,"Pooja Gupta",MECH,3,Female,2006-12-15,B-,9658902139,pooja3003@cit.edu.in,"53 Gandhi Road",Mumbai,Maharashtra,698039,"Aditya Gupta",9250166466,2023,A,5,"Chennai Institute of Technology",Active
3004,"Rahul Chopra",CSE,3,Male,2004-06-02,B-,9532675955,rahul3004@cit.edu.in,"48 Gandhi Road",Pune,Tamil Nadu,657180,"Rohan Chopra",9616596305,2023,A,5,"Chennai Institute of Technology",Active
3005,"Aarav Chopra",AIML,1,Male,2005-12-08,A-,9027705656,aarav3005@cit.edu.in,"37 Gandhi Road",Mumbai,Delhi,673439,"Priya Chopra",9236393557,2025,B,1,"Chennai Institute of Technology",Active
3006,"Diya Nair",ECE,1,Female,2005-10-05,A-,9635657911,diya3006@cit.edu.in,"93 Gandhi Road",Delhi,Tamil Nadu,617178,"Ananya Nair",9566944412,2025,C,2,"Chennai Institute of Technology",Active
3007,"Karan Reddy",MECH,3,Female,2003-07-11,A+,9663586983,karan3007@cit.edu.in,"28 Gandhi Road",Bengaluru,Maharashtra,633116,"Diya Reddy",9469206906,2023,C,5,"Chennai Institute of Technology",Active
3008,"Priya Patel",IT,4,Female,2003-02-03,AB-,9576481080,priya3008@cit.edu.in,"72 Gandhi Road",Kolkata,Maharashtra,627152,"Rahul Patel",9225012159,2022,B,8,"Chennai Institute of Technology",Active
3009,"Neha Verma",MECH,3,Female,2006-11-26,AB-,9581078893,neha3009@cit.edu.in,"38 Gandhi Road",Mumbai,Maharashtra,638213,"Varun Verma",9358276807,2023,B,5,"Chennai Institute of Technology",Active
3010,"Kavya Joshi",CSE,4,Female,2004-04-27,AB-,9882293482,kavya3010@cit.edu.in,"73 Gandhi Road",Bengaluru,Karnataka,675706,"Arjun Joshi",9397269698,2022,D,7,"Chennai Institute of Technology",Active
3011,"Pooja Chopra",ECE,1,Female,2003-01-02,A+,9966039515,pooja3011@cit.edu.in,"58 Gandhi Road",Bengaluru,Telangana,635110,"Rohan Chopra",9411665799,2025,B,1,"Chennai Institute of Technology",Active
3012,"Neha Singh",EEE,1,Female,2003-05-18,AB-,9895153551,neha3012@cit.edu.in,"59 Gandhi Road",Mumbai,Karnataka,609365,"Aditya Singh",9540400804,2025,D,1,"Chennai Institute of Technology",Active
3013,"Aditya Mehta",CSE,2,Male,2005-05-16,B-,9951051911,aditya3013@cit.edu.in,"30 Gandhi Road",Bengaluru,Tamil Nadu,688624,"Sanya Mehta",9930794456,2024,A,3,"Chennai Institute of Technology",Active
3014,"Rahul Kumar",ECE,4,Male,2004-04-27,AB-,9225368250,rahul3014@cit.edu.in,"57 Gandhi Road",Kolkata,Tamil Nadu,614918,"Rahul Kumar",9461189131,2022,B,7,"Chennai Institute of Technology",Active
3015,"Priya Patel",ECE,3,Male,2002-12-16,A+,9669609689,priya3015@cit.edu.in,"61 Gandhi Road",Bengaluru,Delhi,671366,"Pooja Patel",9541671225,2023,D,5,"Chennai Institute of Technology",Active
3016,"Priya Gupta",EEE,2,Male,2003-02-15,AB-,9116909972,priya3016@cit.edu.in,"97 Gandhi Road",Mumbai,Tamil Nadu,657146,"Priya Gupta",9464629474,2024,B,3,"Chennai Institute of Technology",Active
3017,"Sanya Kumar",CSE,3,Male,2003-03-17,O+,9027009033,sanya3017@cit.edu.in,"57 Gandhi Road",Kolkata,Telangana,639642,"Vikram Kumar",9241545173,2023,B,5,"Chennai Institute of Technology",Active
3018,"Diya Sharma",CSE,2,Male,2002-11-19,AB+,9303601547,diya3018@cit.edu.in,"57 Gandhi Road",Pune,Karnataka,686389,"Varun Sharma",9215668645,2024,B,4,"Chennai Institute of Technology",Active
3019,"Aditya Patel",CSE,2,Female,2002-04-11,O+,9647707512,aditya3019@cit.edu.in,"89 Gandhi Road",Pune,Delhi,686343,"Rahul Patel",9784538610,2024,B,4,"Chennai Institute of Technology",Active
3020,"Arjun Sharma",MECH,3,Female,2003-10-08,O-,9285941995,arjun3020@cit.edu.in,"37 Gandhi Road",Pune,West Bengal,616403,"Aditya Sharma",9542429197,2023,B,6,"Chennai Institute of Technology",Active
3021,"Rohan Nair",CIVIL,1,Male,2006-12-26,B+,9412670457,rohan3021@cit.edu.in,"79 Gandhi Road",Chennai,West Bengal,695028,"Varun Nair",9059131574,2025,D,2,"Chennai Institute of Technology",Active
3022,"Ananya Reddy",EEE,2,Male,2002-09-09,A+,9385146998,ananya3022@cit.edu.in,"87 Gandhi Road",Mumbai,Telangana,600392,"Arjun Reddy",9301642568,2024,D,4,"Chennai Institute of Technology",Active
3023,"Arjun Mehta",ECE,3,Male,2005-08-10,A-,9344447152,arjun3023@cit.edu.in,"26 Gandhi Road",Delhi,West Bengal,620964,"Varun Mehta",9390574236,2023,C,5,"Chennai Institute of Technology",Active
3024,"Aditya Chopra",AIDS,4,Male,2003-05-13,O-,9346062849,aditya3024@cit.edu.in,"55 Gandhi Road",Hyderabad,Tamil Nadu,651891,"Diya Chopra",9078037632,2022,C,8,"Chennai Institute of Technology",Active
3025,"Neha Chopra",AIML,1,Male,2004-05-22,A-,9218408923,neha3025@cit.edu.in,"40 Gandhi Road",Chennai,Delhi,645123,"Karan Chopra",9092425676,2025,D,2,"Chennai Institute of Technology",Active
3026,"Arjun Chopra",AIML,3,Male,2002-11-12,AB+,9922578390,arjun3026@cit.edu.in,"21 Gandhi Road",Bengaluru,Delhi,697177,"Diya Chopra",9500914006,2023,D,6,"Chennai Institute of Technology",Active
3027,"Aarav Reddy",AIML,3,Female,2003-11-05,O-,9536883873,aarav3027@cit.edu.in,"21 Gandhi Road",Hyderabad,Delhi,624083,"Sanya Reddy",9150109638,2023,A,5,"Chennai Institute of Technology",Active
3028,"Diya Joshi",CSE,3,Male,2003-10-23,AB-,9841598854,diya3028@cit.edu.in,"46 Gandhi Road",Chennai,Karnataka,634953,"Diya Joshi",9102706673,2023,B,6,"Chennai Institute of Technology",Active
3029,"Varun Patel",ECE,4,Female,2005-10-08,A+,9852370001,varun3029@cit.edu.in,"27 Gandhi Road",Bengaluru,Maharashtra,635495,"Kavya Patel",9060655875,2022,C,8,"Chennai Institute of Technology",Active
3030,"Aditya Gupta",ECE,4,Female,2004-08-06,AB-,9960109198,aditya3030@cit.edu.in,"46 Gandhi Road",Chennai,Delhi,693056,"Vikram Gupta",9717919825,2022,B,8,"Chennai Institute of Technology",Active
3031,"Aditya Verma",AIDS,2,Female,2002-07-22,A+,9876984629,aditya3031@cit.edu.in,"39 Gandhi Road",Mumbai,Maharashtra,682882,"Aditya Verma",9606183011,2024,B,3,"Chennai Institute of Technology",Active
3032,"Ananya Patel",AIDS,1,Male,2002-06-13,O+,9884022007,ananya3032@cit.edu.in,"13 Gandhi Road",Pune,Karnataka,634180,"Diya Patel",9683268431,2025,B,2,"Chennai Institute of Technology",Active
3033,"Aditya Patel",MECH,3,Male,2006-09-18,AB-,9807340415,aditya3033@cit.edu.in,"61 Gandhi Road",Mumbai,Tamil Nadu,688663,"Ananya Patel",9690158646,2023,D,5,"Chennai Institute of Technology",Active
3034,"Rohan Chopra",ECE,1,Male,2004-06-28,O+,9667275034,rohan3034@cit.edu.in,"29 Gandhi Road",Pune,Telangana,663376,"Rahul Chopra",9931134005,2025,C,1,"Chennai Institute of Technology",Active
3035,"Karan Chopra",ECE,1,Male,2004-03-12,AB+,9091149406,karan3035@cit.edu.in,"69 Gandhi Road",Kolkata,Delhi,621027,"Vikram Chopra",9295379172,2025,B,2,"Chennai Institute of Technology",Active
3036,"Rohan Verma",ECE,2,Male,2004-08-19,AB+,9011221120,rohan3036@cit.edu.in,"93 Gandhi Road",Hyderabad,Delhi,679042,"Aarav Verma",9942728949,2024,A,3,"Chennai Institute of Technology",Active
3037,"Karan Nair",EEE,3,Male,2005-04-18,B-,9268230971,karan3037@cit.edu.in,"79 Gandhi Road",Pune,West Bengal,661943,"Meera Nair",9670287921,2023,D,5,"Chennai Institute of Technology",Active
3038,"Meera Patel",CIVIL,3,Male,2005-12-17,B+,9196357896,meera3038@cit.edu.in,"16 Gandhi Road",Bengaluru,Maharashtra,677705,"Priya Patel",9519167565,2023,C,5,"Chennai Institute of Technology",Active
3039,"Rahul Singh",AIML,4,Female,2003-11-19,B+,9788602053,rahul3039@cit.edu.in,"80 Gandhi Road",Pune,Delhi,663251,"Varun Singh",9732357848,2022,D,8,"Chennai Institute of Technology",Active
3040,"Ananya Mehta",CSE,2,Male,2004-08-14,A-,9465562052,ananya3040@cit.edu.in,"87 Gandhi Road",Bengaluru,West Bengal,666041,"Pooja Mehta",9134201985,2024,A,3,"Chennai Institute of Technology",Active
3041,"Priya Chopra",MECH,2,Female,2004-09-15,AB-,9549405265,priya3041@cit.edu.in,"37 Gandhi Road",Bengaluru,West Bengal,659074,"Neha Chopra",9426822591,2024,B,3,"Chennai Institute of Technology",Active
3042,"Aarav Reddy",AIML,2,Male,2005-12-13,AB-,9388956098,aarav3042@cit.edu.in,"70 Gandhi Road",Mumbai,Maharashtra,635775,"Meera Reddy",9709273813,2024,D,4,"Chennai Institute of Technology",Active
3043,"Karan Rao",CSE,4,Female,2003-09-02,AB+,9939468456,karan3043@cit.edu.in,"12 Gandhi Road",Kolkata,West Bengal,649160,"Sanya Rao",9739383742,2022,D,7,"Chennai Institute of Technology",Active
3044,"Rohan Singh",CSE,2,Male,2003-10-17,AB+,9081708045,rohan3044@cit.edu.in,"95 Gandhi Road",Mumbai,Karnataka,647426,"Pooja Singh",9871882681,2024,A,4,"Chennai Institute of Technology",Active
3045,"Arjun Reddy",MECH,2,Female,2002-11-05,B+,9765444330,arjun3045@cit.edu.in,"70 Gandhi Road",Pune,Karnataka,608821,"Aarav Reddy",9274756211,2024,D,3,"Chennai Institute of Technology",Active
3046,"Varun Kumar",ECE,2,Male,2006-09-08,AB-,9620664959,varun3046@cit.edu.in,"55 Gandhi Road",Kolkata,Telangana,641655,"Neha Kumar",9227788050,2024,B,3,"Chennai Institute of Technology",Active
3047,"Rohan Singh",EEE,2,Female,2004-02-17,A-,9701164023,rohan3047@cit.edu.in,"48 Gandhi Road",Delhi,Karnataka,691739,"Rohan Singh",9871494185,2024,A,4,"Chennai Institute of Technology",Active
3048,"Rahul Joshi",AIDS,1,Female,2003-11-03,B+,9402364231,rahul3048@cit.edu.in,"97 Gandhi Road",Kolkata,Delhi,620542,"Arjun Joshi",9466480122,2025,B,2,"Chennai Institute of Technology",Active
3049,"Rohan Mehta",CSE,4,Female,2004-10-06,AB-,9768418206,rohan3049@cit.edu.in,"61 Gandhi Road",Bengaluru,Delhi,621021,"Meera Mehta",9139229704,2022,B,7,"Chennai Institute of Technology",Active
3050,"Kavya Sharma",EEE,2,Female,2004-10-13,A-,9070101901,kavya3050@cit.edu.in,"43 Gandhi Road",Delhi,West Bengal,696045,"Sanya Sharma",9792127239,2024,B,3,"Chennai Institute of Technology",Active
3051,"Vikram Reddy",EEE,3,Male,2002-04-14,AB+,9121810982,vikram3051@cit.edu.in,"28 Gandhi Road",Chennai,Delhi,618562,"Vikram Reddy",9249498140,2023,B,5,"Chennai Institute of Technology",Active
3052,"Aarav Verma",ECE,2,Female,2002-02-24,B-,9310804486,aarav3052@cit.edu.in,"65 Gandhi Road",Chennai,Delhi,611292,"Ananya Verma",9505098561,2024,A,4,"Chennai Institute of Technology",Active
3053,"Rahul Chopra",AIML,4,Male,2003-11-15,AB+,9266890534,rahul3053@cit.edu.in,"94 Gandhi Road",Bengaluru,Delhi,649314,"Karan Chopra",9843302144,2022,A,7,"Chennai Institute of Technology",Active
3054,"Arjun Mehta",MECH,4,Male,2002-06-01,O-,9802611812,arjun3054@cit.edu.in,"11 Gandhi Road",Hyderabad,Tamil Nadu,638523,"Neha Mehta",9636507237,2022,A,8,"Chennai Institute of Technology",Active
3055,"Karan Singh",MECH,2,Female,2003-12-17,B-,9192533005,karan3055@cit.edu.in,"12 Gandhi Road",Delhi,Maharashtra,677866,"Priya Singh",9547091801,2024,A,4,"Chennai Institute of Technology",Active
3056,"Karan Mehta",EEE,2,Male,2006-12-11,O-,9613208418,karan3056@cit.edu.in,"20 Gandhi Road",Kolkata,Karnataka,652452,"Neha Mehta",9782603640,2024,C,3,"Chennai Institute of Technology",Active
3057,"Karan Singh",AIML,1,Female,2002-05-28,B+,9655414223,karan3057@cit.edu.in,"83 Gandhi Road",Bengaluru,Maharashtra,644947,"Arjun Singh",9436245014,2025,B,2,"Chennai Institute of Technology",Active
3058,"Neha Patel",MECH,2,Male,2002-11-20,B+,9836844964,neha3058@cit.edu.in,"75 Gandhi Road",Kolkata,Karnataka,611466,"Vikram Patel",9786549879,2024,A,4,"Chennai Institute of Technology",Active
3059,"Rohan Patel",MECH,1,Male,2003-08-25,O+,9753093996,rohan3059@cit.edu.in,"71 Gandhi Road",Chennai,Tamil Nadu,688104,"Kavya Patel",9891367079,2025,C,2,"Chennai Institute of Technology",Active
3060,"Varun Nair",AIML,3,Male,2004-02-17,B-,9957145118,varun3060@cit.edu.in,"94 Gandhi Road",Pune,Karnataka,676513,"Vikram Nair",9761549241,2023,D,5,"Chennai Institute of Technology",Active
3061,"Sanya Rao",AIDS,2,Male,2005-05-15,B-,9335901937,sanya3061@cit.edu.in,"48 Gandhi Road",Delhi,Telangana,668842,"Sanya Rao",9860980599,2024,C,4,"Chennai Institute of Technology",Active
3062,"Rahul Reddy",AIDS,4,Male,2003-10-08,B+,9202295623,rahul3062@cit.edu.in,"61 Gandhi Road",Bengaluru,Tamil Nadu,606898,"Rahul Reddy",9682744388,2022,C,8,"Chennai Institute of Technology",Active
3063,"Rahul Sharma",ECE,4,Male,2004-03-14,AB+,9629130633,rahul3063@cit.edu.in,"94 Gandhi Road",Mumbai,Maharashtra,639295,"Varun Sharma",9719822929,2022,A,7,"Chennai Institute of Technology",Active
3064,"Neha Joshi",MECH,3,Male,2005-02-14,B-,9606654776,neha3064@cit.edu.in,"37 Gandhi Road",Pune,Delhi,699752,"Varun Joshi",9489267665,2023,D,6,"Chennai Institute of Technology",Active
3065,"Priya Chopra",IT,2,Female,2003-11-13,O-,9289938653,priya3065@cit.edu.in,"40 Gandhi Road",Chennai,West Bengal,685499,"Neha Chopra",9864498793,2024,D,3,"Chennai Institute of Technology",Active
3066,"Sanya Kumar",EEE,2,Female,2005-01-26,A+,9260732892,sanya3066@cit.edu.in,"67 Gandhi Road",Delhi,West Bengal,646590,"Kavya Kumar",9231932429,2024,C,3,"Chennai Institute of Technology",Active
3067,"Pooja Mehta",CIVIL,2,Male,2004-07-28,AB-,9583730136,pooja3067@cit.edu.in,"59 Gandhi Road",Kolkata,West Bengal,600592,"Ananya Mehta",9104996776,2024,D,3,"Chennai Institute of Technology",Active
3068,"Priya Nair",AIDS,2,Female,2002-02-05,A-,9506502354,priya3068@cit.edu.in,"63 Gandhi Road",Mumbai,Tamil Nadu,679072,"Arjun Nair",9948583104,2024,C,3,"Chennai Institute of Technology",Active
3069,"Sanya Singh",IT,2,Male,2002-03-13,B-,9072015708,sanya3069@cit.edu.in,"71 Gandhi Road",Pune,Telangana,627192,"Priya Singh",9445540561,2024,B,3,"Chennai Institute of Technology",Active
3070,"Karan Patel",CSE,2,Male,2003-09-27,AB-,9733933398,karan3070@cit.edu.in,"13 Gandhi Road",Kolkata,Delhi,655738,"Pooja Patel",9710697930,2024,D,3,"Chennai Institute of Technology",Active
3071,"Vikram Mehta",IT,1,Male,2005-06-14,B+,9371092427,vikram3071@cit.edu.in,"80 Gandhi Road",Bengaluru,Karnataka,624317,"Ananya Mehta",9502522023,2025,B,1,"Chennai Institute of Technology",Active
3072,"Sanya Reddy",MECH,3,Male,2002-07-28,AB+,9273812376,sanya3072@cit.edu.in,"67 Gandhi Road",Hyderabad,Delhi,684831,"Aarav Reddy",9338897884,2023,B,6,"Chennai Institute of Technology",Active
3073,"Kavya Sharma",AIDS,3,Male,2002-02-22,O-,9893107390,kavya3073@cit.edu.in,"16 Gandhi Road",Pune,Telangana,663173,"Arjun Sharma",9554110138,2023,B,5,"Chennai Institute of Technology",Active
3074,"Rohan Joshi",ECE,3,Female,2003-11-07,A+,9617907526,rohan3074@cit.edu.in,"60 Gandhi Road",Kolkata,Karnataka,601214,"Karan Joshi",9762050004,2023,B,6,"Chennai Institute of Technology",Active
3075,"Diya Nair",IT,4,Male,2006-09-12,A-,9977426136,diya3075@cit.edu.in,"30 Gandhi Road",Chennai,West Bengal,625891,"Varun Nair",9225678797,2022,D,8,"Chennai Institute of Technology",Active
3076,"Aarav Reddy",CSE,2,Female,2006-11-13,B+,9528108331,aarav3076@cit.edu.in,"84 Gandhi Road",Chennai,Tamil Nadu,640512,"Varun Reddy",9518313658,2024,D,3,"Chennai Institute of Technology",Active
3077,"Rohan Mehta",EEE,1,Male,2002-02-23,A+,9369938356,rohan3077@cit.edu.in,"56 Gandhi Road",Bengaluru,Maharashtra,626408,"Pooja Mehta",9081140793,2025,C,1,"Chennai Institute of Technology",Active
3078,"Pooja Sharma",AIML,3,Male,2002-10-18,A+,9930499665,pooja3078@cit.edu.in,"55 Gandhi Road",Mumbai,Delhi,685904,"Neha Sharma",9328963394,2023,D,5,"Chennai Institute of Technology",Active
3079,"Kavya Chopra",IT,1,Female,2004-03-25,O+,9058705906,kavya3079@cit.edu.in,"40 Gandhi Road",Mumbai,West Bengal,652474,"Arjun Chopra",9691683899,2025,D,2,"Chennai Institute of Technology",Active
3080,"Varun Kumar",MECH,1,Male,2002-09-02,A+,9998731356,varun3080@cit.edu.in,"27 Gandhi Road",Delhi,Delhi,617288,"Priya Kumar",9056790459,2025,B,2,"Chennai Institute of Technology",Active
3081,"Meera Reddy",IT,4,Male,2005-06-16,A-,9739734310,meera3081@cit.edu.in,"34 Gandhi Road",Bengaluru,Telangana,609618,"Neha Reddy",9980286930,2022,D,8,"Chennai Institute of Technology",Active
3082,"Aarav Chopra",AIDS,2,Male,2002-09-01,O+,9035023400,aarav3082@cit.edu.in,"51 Gandhi Road",Delhi,Delhi,685307,"Pooja Chopra",9238867543,2024,A,4,"Chennai Institute of Technology",Active
3083,"Aarav Nair",IT,2,Female,2006-10-21,B+,9882610918,aarav3083@cit.edu.in,"36 Gandhi Road",Hyderabad,Delhi,605836,"Priya Nair",9055858181,2024,D,3,"Chennai Institute of Technology",Active
3084,"Aarav Mehta",IT,3,Female,2002-09-08,AB+,9488004409,aarav3084@cit.edu.in,"78 Gandhi Road",Delhi,Karnataka,618665,"Neha Mehta",9999077041,2023,C,5,"Chennai Institute of Technology",Active
3085,"Aditya Chopra",AIDS,3,Male,2004-04-04,O+,9113462011,aditya3085@cit.edu.in,"96 Gandhi Road",Kolkata,Telangana,687281,"Priya Chopra",9558538947,2023,B,5,"Chennai Institute of Technology",Active
3086,"Vikram Sharma",MECH,4,Female,2002-03-11,O-,9821440014,vikram3086@cit.edu.in,"16 Gandhi Road",Kolkata,Telangana,669200,"Kavya Sharma",9724283794,2022,A,7,"Chennai Institute of Technology",Active
3087,"Aarav Nair",IT,1,Male,2006-04-04,AB+,9790374793,aarav3087@cit.edu.in,"87 Gandhi Road",Pune,Delhi,606837,"Aarav Nair",9307201538,2025,C,2,"Chennai Institute of Technology",Active
3088,"Priya Chopra",IT,2,Male,2006-01-23,O+,9753408810,priya3088@cit.edu.in,"40 Gandhi Road",Kolkata,Tamil Nadu,657653,"Pooja Chopra",9239617114,2024,A,4,"Chennai Institute of Technology",Active
3089,"Meera Rao",MECH,2,Female,2006-04-17,O-,9968662274,meera3089@cit.edu.in,"64 Gandhi Road",Kolkata,Tamil Nadu,661231,"Rohan Rao",9700632306,2024,A,3,"Chennai Institute of Technology",Active
3090,"Arjun Singh",AIML,2,Female,2002-02-06,B-,9771001808,arjun3090@cit.edu.in,"17 Gandhi Road",Chennai,Delhi,662490,"Arjun Singh",9191959300,2024,A,4,"Chennai Institute of Technology",Active
3091,"Sanya Joshi",MECH,2,Female,2005-07-22,O-,9794334547,sanya3091@cit.edu.in,"98 Gandhi Road",Hyderabad,Karnataka,670763,"Ananya Joshi",9305584803,2024,B,4,"Chennai Institute of Technology",Active
3092,"Karan Gupta",MECH,4,Male,2005-10-05,AB-,9578889183,karan3092@cit.edu.in,"35 Gandhi Road",Delhi,Karnataka,647184,"Aditya Gupta",9513673087,2022,B,7,"Chennai Institute of Technology",Active
3093,"Sanya Chopra",IT,3,Female,2004-11-06,O+,9964007466,sanya3093@cit.edu.in,"97 Gandhi Road",Pune,Maharashtra,620918,"Vikram Chopra",9636468312,2023,C,6,"Chennai Institute of Technology",Active
3094,"Sanya Singh",IT,4,Male,2002-08-04,B+,9734630452,sanya3094@cit.edu.in,"38 Gandhi Road",Bengaluru,Tamil Nadu,697420,"Meera Singh",9120055655,2022,B,7,"Chennai Institute of Technology",Active
3095,"Rahul Reddy",CIVIL,3,Male,2004-10-12,B-,9586393679,rahul3095@cit.edu.in,"64 Gandhi Road",Delhi,Telangana,652227,"Rahul Reddy",9060461139,2023,D,5,"Chennai Institute of Technology",Active
3096,"Varun Sharma",MECH,4,Female,2006-11-04,O-,9072394720,varun3096@cit.edu.in,"99 Gandhi Road",Mumbai,Tamil Nadu,669871,"Arjun Sharma",9322530236,2022,D,8,"Chennai Institute of Technology",Active
3097,"Aditya Mehta",CIVIL,3,Male,2005-11-18,B+,9624751099,aditya3097@cit.edu.in,"63 Gandhi Road",Hyderabad,Telangana,627686,"Aarav Mehta",9230845541,2023,A,6,"Chennai Institute of Technology",Active
3098,"Priya Reddy",CIVIL,2,Female,2006-02-18,B+,9084819982,priya3098@cit.edu.in,"29 Gandhi Road",Chennai,Tamil Nadu,663584,"Vikram Reddy",9304374451,2024,C,4,"Chennai Institute of Technology",Active
3099,"Aarav Singh",AIML,4,Male,2003-12-07,B+,9853777214,aarav3099@cit.edu.in,"96 Gandhi Road",Chennai,Telangana,610345,"Pooja Singh",9131547620,2022,D,8,"Chennai Institute of Technology",Active
3100,"Vikram Singh",AIDS,1,Male,2003-08-18,A+,9424953395,vikram3100@cit.edu.in,"68 Gandhi Road",Delhi,Maharashtra,644926,"Neha Singh",9277137022,2025,B,1,"Chennai Institute of Technology",Active
3101,"Meera Rao",IT,4,Female,2003-09-01,A+,9254814775,meera3101@cit.edu.in,"50 Gandhi Road",Bengaluru,Karnataka,672827,"Diya Rao",9199195304,2022,A,8,"Chennai Institute of Technology",Active
3102,"Rahul Patel",IT,1,Female,2004-12-14,B-,9797205862,rahul3102@cit.edu.in,"34 Gandhi Road",Chennai,Maharashtra,670178,"Kavya Patel",9695884112,2025,C,2,"Chennai Institute of Technology",Active
3103,"Ananya Nair",ECE,4,Male,2002-05-16,O+,9223132963,ananya3103@cit.edu.in,"86 Gandhi Road",Pune,Telangana,646964,"Rohan Nair",9641852425,2022,C,7,"Chennai Institute of Technology",Active
3104,"Ananya Gupta",CSE,2,Female,2006-03-06,B-,9715815612,ananya3104@cit.edu.in,"36 Gandhi Road",Kolkata,Delhi,614856,"Meera Gupta",9187763116,2024,A,4,"Chennai Institute of Technology",Active
3105,"Meera Joshi",CIVIL,2,Male,2003-01-01,A-,9229578691,meera3105@cit.edu.in,"86 Gandhi Road",Pune,Karnataka,605022,"Sanya Joshi",9335937798,2024,D,4,"Chennai Institute of Technology",Active
3106,"Kavya Rao",IT,3,Female,2003-10-01,A+,9925919293,kavya3106@cit.edu.in,"26 Gandhi Road",Pune,Karnataka,624007,"Aditya Rao",9419767509,2023,A,5,"Chennai Institute of Technology",Active
3107,"Rahul Rao",ECE,2,Male,2006-02-13,A-,9498579561,rahul3107@cit.edu.in,"96 Gandhi Road",Bengaluru,Delhi,685059,"Meera Rao",9162847623,2024,C,3,"Chennai Institute of Technology",Active
3108,"Kavya Nair",AIDS,2,Female,2004-09-12,A-,9796677766,kavya3108@cit.edu.in,"61 Gandhi Road",Hyderabad,Tamil Nadu,657174,"Ananya Nair",9304932196,2024,D,4,"Chennai Institute of Technology",Active
3109,"Aditya Gupta",MECH,4,Female,2005-10-20,AB-,9605161119,aditya3109@cit.edu.in,"45 Gandhi Road",Delhi,Delhi,691203,"Neha Gupta",9996334778,2022,B,8,"Chennai Institute of Technology",Active
3110,"Kavya Kumar",AIML,1,Female,2003-01-10,O+,9928661243,kavya3110@cit.edu.in,"91 Gandhi Road",Chennai,Telangana,684670,"Varun Kumar",9118034936,2025,A,1,"Chennai Institute of Technology",Active
3111,"Neha Chopra",AIDS,2,Male,2004-11-08,B+,9546826101,neha3111@cit.edu.in,"72 Gandhi Road",Kolkata,Delhi,697509,"Ananya Chopra",9972452505,2024,A,3,"Chennai Institute of Technology",Active
3112,"Sanya Verma",ECE,1,Female,2006-04-22,B-,9389768360,sanya3112@cit.edu.in,"18 Gandhi Road",Hyderabad,Delhi,613126,"Varun Verma",9740525575,2025,B,1,"Chennai Institute of Technology",Active
3113,"Karan Reddy",MECH,3,Female,2005-09-10,O-,9772450663,karan3113@cit.edu.in,"60 Gandhi Road",Chennai,Delhi,686097,"Varun Reddy",9010348685,2023,A,5,"Chennai Institute of Technology",Active
3114,"Aditya Kumar",ECE,2,Female,2005-10-05,A-,9962442676,aditya3114@cit.edu.in,"43 Gandhi Road",Pune,Karnataka,666000,"Rohan Kumar",9512251090,2024,C,4,"Chennai Institute of Technology",Active
3115,"Neha Mehta",AIML,3,Female,2002-10-15,O+,9860300265,neha3115@cit.edu.in,"36 Gandhi Road",Pune,Karnataka,657246,"Pooja Mehta",9186492203,2023,A,5,"Chennai Institute of Technology",Active
3116,"Arjun Gupta",AIDS,1,Male,2006-11-04,AB-,9344600962,arjun3116@cit.edu.in,"21 Gandhi Road",Hyderabad,Tamil Nadu,683774,"Priya Gupta",9022271606,2025,B,1,"Chennai Institute of Technology",Active
3117,"Neha Rao",ECE,2,Male,2002-08-17,A+,9863397519,neha3117@cit.edu.in,"15 Gandhi Road",Mumbai,Karnataka,605108,"Diya Rao",9547913500,2024,A,4,"Chennai Institute of Technology",Active
3118,"Pooja Verma",MECH,3,Male,2003-07-22,B-,9736099685,pooja3118@cit.edu.in,"53 Gandhi Road",Kolkata,Telangana,636669,"Vikram Verma",9940151291,2023,C,5,"Chennai Institute of Technology",Active
3119,"Arjun Reddy",ECE,1,Female,2006-02-09,A+,9739157785,arjun3119@cit.edu.in,"30 Gandhi Road",Kolkata,Telangana,677533,"Arjun Reddy",9959255048,2025,B,1,"Chennai Institute of Technology",Active
3120,"Diya Mehta",CSE,3,Female,2003-04-08,AB-,9343438933,diya3120@cit.edu.in,"66 Gandhi Road",Hyderabad,Delhi,667932,"Neha Mehta",9296920415,2023,C,6,"Chennai Institute of Technology",Active
3121,"Varun Rao",AIML,4,Female,2002-12-27,B-,9062276885,varun3121@cit.edu.in,"93 Gandhi Road",Delhi,Tamil Nadu,673562,"Rahul Rao",9780154994,2022,D,7,"Chennai Institute of Technology",Active
3122,"Aditya Gupta",ECE,4,Male,2005-02-06,AB-,9865302650,aditya3122@cit.edu.in,"33 Gandhi Road",Bengaluru,Maharashtra,645498,"Aarav Gupta",9376722655,2022,A,7,"Chennai Institute of Technology",Active
3123,"Sanya Mehta",ECE,2,Male,2003-07-03,A+,9026684764,sanya3123@cit.edu.in,"53 Gandhi Road",Bengaluru,Tamil Nadu,689989,"Diya Mehta",9647918134,2024,B,4,"Chennai Institute of Technology",Active
3124,"Priya Gupta",AIML,4,Male,2003-03-09,O+,9126059845,priya3124@cit.edu.in,"15 Gandhi Road",Kolkata,Tamil Nadu,692433,"Diya Gupta",9916365703,2022,D,7,"Chennai Institute of Technology",Active
3125,"Rohan Mehta",AIDS,3,Male,2002-02-03,AB-,9397763951,rohan3125@cit.edu.in,"22 Gandhi Road",Pune,Maharashtra,627924,"Rahul Mehta",9742967118,2023,C,5,"Chennai Institute of Technology",Active
3126,"Diya Singh",CSE,2,Female,2003-09-09,AB+,9524187016,diya3126@cit.edu.in,"10 Gandhi Road",Hyderabad,Delhi,681046,"Varun Singh",9159833252,2024,C,4,"Chennai Institute of Technology",Active
3127,"Rahul Nair",AIDS,4,Female,2004-03-05,B+,9449807328,rahul3127@cit.edu.in,"97 Gandhi Road",Hyderabad,Telangana,635906,"Rohan Nair",9686012068,2022,C,7,"Chennai Institute of Technology",Active
3128,"Rohan Sharma",MECH,1,Male,2002-11-15,A+,9689880206,rohan3128@cit.edu.in,"33 Gandhi Road",Mumbai,Telangana,668117,"Karan Sharma",9371058433,2025,D,1,"Chennai Institute of Technology",Active
3129,"Vikram Rao",CSE,2,Male,2006-11-01,B+,9575254514,vikram3129@cit.edu.in,"32 Gandhi Road",Hyderabad,West Bengal,653516,"Rohan Rao",9190937291,2024,D,3,"Chennai Institute of Technology",Active
3130,"Ananya Singh",AIML,4,Male,2003-06-02,O-,9594525937,ananya3130@cit.edu.in,"98 Gandhi Road",Hyderabad,Telangana,682488,"Vikram Singh",9040774494,2022,A,7,"Chennai Institute of Technology",Active
3131,"Diya Patel",MECH,3,Female,2004-05-21,AB+,9067103470,diya3131@cit.edu.in,"91 Gandhi Road",Mumbai,Telangana,699853,"Pooja Patel",9703495051,2023,C,6,"Chennai Institute of Technology",Active
3132,"Aditya Reddy",AIML,1,Male,2002-07-03,A-,9055601967,aditya3132@cit.edu.in,"13 Gandhi Road",Mumbai,Karnataka,649218,"Ananya Reddy",9423700091,2025,D,1,"Chennai Institute of Technology",Active
3133,"Pooja Kumar",AIML,2,Male,2002-09-18,A+,9728168114,pooja3133@cit.edu.in,"59 Gandhi Road",Mumbai,Tamil Nadu,642091,"Kavya Kumar",9670951687,2024,B,4,"Chennai Institute of Technology",Active
3134,"Rohan Nair",IT,3,Male,2005-07-13,O-,9176253308,rohan3134@cit.edu.in,"95 Gandhi Road",Chennai,Delhi,662031,"Diya Nair",9202687033,2023,D,6,"Chennai Institute of Technology",Active
3135,"Aarav Verma",IT,3,Female,2002-06-01,O-,9913649300,aarav3135@cit.edu.in,"46 Gandhi Road",Kolkata,West Bengal,671862,"Ananya Verma",9699209316,2023,B,5,"Chennai Institute of Technology",Active
3136,"Karan Mehta",IT,4,Female,2005-08-26,A-,9550637354,karan3136@cit.edu.in,"81 Gandhi Road",Kolkata,Tamil Nadu,661902,"Rahul Mehta",9841827502,2022,D,7,"Chennai Institute of Technology",Active
3137,"Sanya Patel",CSE,2,Female,2006-06-23,O-,9891020739,sanya3137@cit.edu.in,"59 Gandhi Road",Pune,West Bengal,637223,"Rohan Patel",9187861824,2024,C,4,"Chennai Institute of Technology",Active
3138,"Diya Nair",IT,1,Male,2006-04-07,O-,9753797635,diya3138@cit.edu.in,"58 Gandhi Road",Chennai,Delhi,686125,"Vikram Nair",9284488461,2025,B,2,"Chennai Institute of Technology",Active
3139,"Pooja Mehta",IT,2,Male,2005-10-12,B+,9947891399,pooja3139@cit.edu.in,"75 Gandhi Road",Pune,Maharashtra,606612,"Aditya Mehta",9889838827,2024,D,3,"Chennai Institute of Technology",Active
3140,"Ananya Mehta",MECH,1,Female,2004-02-05,B+,9651445350,ananya3140@cit.edu.in,"72 Gandhi Road",Delhi,Tamil Nadu,642172,"Meera Mehta",9852992818,2025,D,2,"Chennai Institute of Technology",Active
3141,"Sanya Patel",AIDS,4,Male,2006-10-24,O-,9420449284,sanya3141@cit.edu.in,"96 Gandhi Road",Bengaluru,Delhi,656468,"Vikram Patel",9674134979,2022,A,8,"Chennai Institute of Technology",Active
3142,"Meera Patel",IT,1,Male,2003-11-02,O+,9765352731,meera3142@cit.edu.in,"47 Gandhi Road",Mumbai,Maharashtra,626081,"Karan Patel",9118265871,2025,C,2,"Chennai Institute of Technology",Active
3143,"Diya Kumar",CSE,1,Female,2002-06-16,O-,9845484890,diya3143@cit.edu.in,"98 Gandhi Road",Chennai,West Bengal,678577,"Pooja Kumar",9839107882,2025,A,1,"Chennai Institute of Technology",Active
3144,"Sanya Singh",AIDS,4,Male,2004-05-03,A-,9111417155,sanya3144@cit.edu.in,"50 Gandhi Road",Delhi,Delhi,609128,"Meera Singh",9710465976,2022,C,7,"Chennai Institute of Technology",Active
3145,"Karan Mehta",EEE,3,Male,2004-06-22,B+,9490701545,karan3145@cit.edu.in,"18 Gandhi Road",Delhi,Maharashtra,682056,"Ananya Mehta",9261999652,2023,B,6,"Chennai Institute of Technology",Active
3146,"Aditya Joshi",IT,3,Female,2003-05-04,A+,9099556973,aditya3146@cit.edu.in,"48 Gandhi Road",Kolkata,Karnataka,696423,"Arjun Joshi",9279925513,2023,C,5,"Chennai Institute of Technology",Active
3147,"Kavya Kumar",ECE,3,Female,2002-12-09,A+,9990162161,kavya3147@cit.edu.in,"12 Gandhi Road",Bengaluru,West Bengal,635546,"Meera Kumar",9049711248,2023,B,6,"Chennai Institute of Technology",Active
3148,"Aarav Kumar",CIVIL,3,Female,2005-12-24,A-,9256652997,aarav3148@cit.edu.in,"23 Gandhi Road",Pune,West Bengal,656545,"Neha Kumar",9243910896,2023,D,6,"Chennai Institute of Technology",Active
3149,"Diya Nair",CSE,4,Male,2006-11-18,AB+,9335014614,diya3149@cit.edu.in,"10 Gandhi Road",Bengaluru,Telangana,678364,"Pooja Nair",9340911873,2022,D,7,"Chennai Institute of Technology",Active
3150,"Neha Singh",AIDS,1,Male,2004-08-14,O+,9628884125,neha3150@cit.edu.in,"81 Gandhi Road",Chennai,Karnataka,648580,"Sanya Singh",9660434613,2025,C,2,"Chennai Institute of Technology",Active
3151,"Diya Patel",ECE,4,Female,2002-05-16,O+,9871313857,diya3151@cit.edu.in,"17 Gandhi Road",Hyderabad,Karnataka,653124,"Pooja Patel",9587226442,2022,B,7,"Chennai Institute of Technology",Active
3152,"Karan Sharma",MECH,4,Female,2006-02-24,A-,9252324175,karan3152@cit.edu.in,"35 Gandhi Road",Mumbai,Tamil Nadu,616073,"Rahul Sharma",9533043984,2022,D,7,"Chennai Institute of Technology",Active
3153,"Diya Joshi",EEE,4,Male,2006-03-15,O+,9435317489,diya3153@cit.edu.in,"90 Gandhi Road",Delhi,Delhi,691265,"Rahul Joshi",9540761333,2022,A,8,"Chennai Institute of Technology",Active
3154,"Ananya Patel",IT,2,Male,2005-07-11,A+,9017185782,ananya3154@cit.edu.in,"62 Gandhi Road",Bengaluru,Maharashtra,672613,"Kavya Patel",9379571706,2024,B,3,"Chennai Institute of Technology",Active
3155,"Kavya Gupta",AIDS,3,Male,2004-01-27,AB-,9647196862,kavya3155@cit.edu.in,"62 Gandhi Road",Hyderabad,West Bengal,620092,"Rohan Gupta",9326625997,2023,A,6,"Chennai Institute of Technology",Active
3156,"Kavya Rao",CSE,1,Male,2002-11-26,AB-,9325698546,kavya3156@cit.edu.in,"17 Gandhi Road",Bengaluru,Tamil Nadu,608689,"Varun Rao",9595381114,2025,B,2,"Chennai Institute of Technology",Active
3157,"Karan Joshi",EEE,1,Male,2002-07-24,O-,9567034712,karan3157@cit.edu.in,"38 Gandhi Road",Pune,West Bengal,657975,"Karan Joshi",9682659871,2025,C,1,"Chennai Institute of Technology",Active
3158,"Karan Patel",CIVIL,4,Female,2006-07-10,A+,9551031764,karan3158@cit.edu.in,"93 Gandhi Road",Kolkata,Delhi,628942,"Neha Patel",9040145548,2022,D,7,"Chennai Institute of Technology",Active
3159,"Meera Joshi",IT,3,Female,2005-01-03,A-,9782454550,meera3159@cit.edu.in,"37 Gandhi Road",Hyderabad,Tamil Nadu,687137,"Kavya Joshi",9630285166,2023,C,6,"Chennai Institute of Technology",Active
3160,"Varun Joshi",CSE,3,Male,2005-02-23,A-,9785459608,varun3160@cit.edu.in,"92 Gandhi Road",Kolkata,Telangana,686299,"Ananya Joshi",9786830151,2023,D,6,"Chennai Institute of Technology",Active
3161,"Diya Rao",IT,4,Female,2006-04-19,A+,9806553115,diya3161@cit.edu.in,"81 Gandhi Road",Mumbai,Maharashtra,604827,"Aarav Rao",9911241219,2022,C,7,"Chennai Institute of Technology",Active
3162,"Rahul Verma",AIML,3,Female,2003-11-21,AB+,9562275696,rahul3162@cit.edu.in,"49 Gandhi Road",Kolkata,Telangana,649768,"Meera Verma",9945148315,2023,C,6,"Chennai Institute of Technology",Active
3163,"Rohan Patel",AIML,4,Male,2002-09-26,O+,9047105066,rohan3163@cit.edu.in,"22 Gandhi Road",Kolkata,West Bengal,625282,"Sanya Patel",9387491366,2022,A,7,"Chennai Institute of Technology",Active
3164,"Priya Singh",AIDS,1,Male,2002-07-26,A-,9431712658,priya3164@cit.edu.in,"11 Gandhi Road",Delhi,Tamil Nadu,615873,"Meera Singh",9293362819,2025,D,2,"Chennai Institute of Technology",Active
3165,"Arjun Gupta",ECE,2,Female,2003-06-27,AB+,9985979846,arjun3165@cit.edu.in,"97 Gandhi Road",Pune,Delhi,607665,"Priya Gupta",9539854152,2024,A,4,"Chennai Institute of Technology",Active
3166,"Rohan Sharma",EEE,2,Male,2006-02-24,O-,9641476618,rohan3166@cit.edu.in,"51 Gandhi Road",Bengaluru,Maharashtra,673695,"Aditya Sharma",9515706304,2024,A,4,"Chennai Institute of Technology",Active
3167,"Rahul Reddy",CIVIL,2,Male,2003-12-05,O+,9414387073,rahul3167@cit.edu.in,"19 Gandhi Road",Chennai,Maharashtra,614160,"Neha Reddy",9074626795,2024,B,3,"Chennai Institute of Technology",Active
3168,"Diya Mehta",EEE,3,Male,2004-11-22,B+,9258771412,diya3168@cit.edu.in,"84 Gandhi Road",Kolkata,Karnataka,615949,"Ananya Mehta",9957645760,2023,D,6,"Chennai Institute of Technology",Active
3169,"Arjun Rao",IT,3,Male,2006-01-13,AB+,9489822106,arjun3169@cit.edu.in,"16 Gandhi Road",Bengaluru,Karnataka,607048,"Aditya Rao",9407645112,2023,A,6,"Chennai Institute of Technology",Active
3170,"Ananya Gupta",CSE,2,Male,2002-03-04,AB-,9920917999,ananya3170@cit.edu.in,"75 Gandhi Road",Kolkata,Telangana,618344,"Diya Gupta",9291393189,2024,D,4,"Chennai Institute of Technology",Active
3171,"Kavya Gupta",AIDS,4,Female,2006-10-08,O-,9087606413,kavya3171@cit.edu.in,"41 Gandhi Road",Hyderabad,Maharashtra,603350,"Meera Gupta",9598412943,2022,A,7,"Chennai Institute of Technology",Active
3172,"Aditya Verma",AIML,1,Female,2004-03-27,A+,9170311408,aditya3172@cit.edu.in,"43 Gandhi Road",Bengaluru,Telangana,682541,"Ananya Verma",9114717369,2025,B,1,"Chennai Institute of Technology",Active
3173,"Aarav Patel",ECE,1,Female,2005-01-14,B+,9796434723,aarav3173@cit.edu.in,"61 Gandhi Road",Pune,Delhi,667071,"Pooja Patel",9875906454,2025,B,1,"Chennai Institute of Technology",Active
3174,"Diya Rao",MECH,3,Male,2003-01-04,O+,9246286335,diya3174@cit.edu.in,"63 Gandhi Road",Kolkata,Delhi,625970,"Rahul Rao",9432150511,2023,D,5,"Chennai Institute of Technology",Active
3175,"Rahul Gupta",AIDS,3,Male,2004-07-13,A+,9853554412,rahul3175@cit.edu.in,"66 Gandhi Road",Kolkata,Telangana,637444,"Vikram Gupta",9901005802,2023,B,6,"Chennai Institute of Technology",Active
3176,"Ananya Verma",MECH,1,Female,2003-04-24,A+,9264172081,ananya3176@cit.edu.in,"13 Gandhi Road",Pune,Delhi,681002,"Vikram Verma",9753786404,2025,D,2,"Chennai Institute of Technology",Active
3177,"Sanya Patel",MECH,4,Male,2002-09-05,O-,9502286912,sanya3177@cit.edu.in,"44 Gandhi Road",Chennai,Telangana,691693,"Neha Patel",9477084662,2022,C,8,"Chennai Institute of Technology",Active
3178,"Pooja Kumar",AIML,3,Female,2004-10-28,O-,9302117705,pooja3178@cit.edu.in,"35 Gandhi Road",Hyderabad,Delhi,613638,"Vikram Kumar",9101536569,2023,A,6,"Chennai Institute of Technology",Active
3179,"Vikram Chopra",AIDS,2,Male,2003-06-12,O-,9508752797,vikram3179@cit.edu.in,"25 Gandhi Road",Mumbai,Maharashtra,669379,"Kavya Chopra",9378066023,2024,A,3,"Chennai Institute of Technology",Active
3180,"Karan Chopra",CSE,1,Male,2002-05-12,A+,9187316214,karan3180@cit.edu.in,"12 Gandhi Road",Bengaluru,West Bengal,600431,"Rahul Chopra",9501183808,2025,B,1,"Chennai Institute of Technology",Active
3181,"Vikram Verma",IT,1,Male,2003-05-24,A-,9649575776,vikram3181@cit.edu.in,"74 Gandhi Road",Bengaluru,Tamil Nadu,679509,"Arjun Verma",9593452187,2025,B,2,"Chennai Institute of Technology",Active
3182,"Meera Verma",AIDS,3,Male,2006-05-04,B+,9498597580,meera3182@cit.edu.in,"64 Gandhi Road",Kolkata,Telangana,620902,"Pooja Verma",9228159896,2023,A,6,"Chennai Institute of Technology",Active
3183,"Vikram Joshi",ECE,1,Male,2005-03-07,A-,9581233767,vikram3183@cit.edu.in,"60 Gandhi Road",Hyderabad,Delhi,639471,"Priya Joshi",9654979672,2025,B,2,"Chennai Institute of Technology",Active
3184,"Priya Singh",CIVIL,1,Male,2004-07-24,AB+,9204602632,priya3184@cit.edu.in,"66 Gandhi Road",Hyderabad,Karnataka,602930,"Priya Singh",9616269854,2025,A,2,"Chennai Institute of Technology",Active
3185,"Varun Kumar",CSE,3,Female,2006-02-15,AB-,9731664421,varun3185@cit.edu.in,"12 Gandhi Road",Pune,Karnataka,671442,"Kavya Kumar",9076635845,2023,C,6,"Chennai Institute of Technology",Active
3186,"Aditya Joshi",CIVIL,2,Male,2004-02-17,AB+,9606949823,aditya3186@cit.edu.in,"20 Gandhi Road",Pune,Tamil Nadu,662191,"Aditya Joshi",9816021086,2024,C,3,"Chennai Institute of Technology",Active
3187,"Ananya Kumar",MECH,1,Female,2002-01-17,A-,9901738834,ananya3187@cit.edu.in,"32 Gandhi Road",Mumbai,Telangana,691505,"Karan Kumar",9949823825,2025,A,1,"Chennai Institute of Technology",Active
3188,"Karan Nair",AIDS,4,Male,2005-07-28,O+,9712349445,karan3188@cit.edu.in,"14 Gandhi Road",Bengaluru,Telangana,645898,"Varun Nair",9818750429,2022,C,8,"Chennai Institute of Technology",Active
3189,"Meera Patel",CSE,1,Female,2003-10-25,AB+,9471610550,meera3189@cit.edu.in,"17 Gandhi Road",Delhi,Tamil Nadu,672625,"Rahul Patel",9289881201,2025,C,2,"Chennai Institute of Technology",Active
3190,"Karan Singh",CIVIL,4,Male,2005-12-18,B+,9713623995,karan3190@cit.edu.in,"78 Gandhi Road",Bengaluru,Delhi,625771,"Ananya Singh",9696996775,2022,A,7,"Chennai Institute of Technology",Active
3191,"Karan Mehta",EEE,3,Female,2002-04-09,B+,9028255194,karan3191@cit.edu.in,"82 Gandhi Road",Hyderabad,Maharashtra,690193,"Aarav Mehta",9392083700,2023,A,5,"Chennai Institute of Technology",Active
3192,"Diya Joshi",AIDS,2,Male,2005-11-10,A-,9966453844,diya3192@cit.edu.in,"68 Gandhi Road",Mumbai,West Bengal,651963,"Karan Joshi",9485272928,2024,D,3,"Chennai Institute of Technology",Active
3193,"Arjun Mehta",CSE,1,Female,2002-07-06,B+,9877203384,arjun3193@cit.edu.in,"86 Gandhi Road",Bengaluru,Delhi,612639,"Sanya Mehta",9103646799,2025,A,1,"Chennai Institute of Technology",Active
3194,"Kavya Nair",CSE,2,Female,2005-03-14,O-,9017164291,kavya3194@cit.edu.in,"53 Gandhi Road",Pune,Tamil Nadu,656015,"Ananya Nair",9342697367,2024,D,4,"Chennai Institute of Technology",Active
3195,"Rohan Reddy",CSE,4,Male,2004-05-23,O+,9658529148,rohan3195@cit.edu.in,"31 Gandhi Road",Chennai,Tamil Nadu,643603,"Arjun Reddy",9052393162,2022,C,7,"Chennai Institute of Technology",Active
3196,"Diya Verma",MECH,4,Male,2005-11-26,B+,9912548101,diya3196@cit.edu.in,"44 Gandhi Road",Delhi,Telangana,645167,"Vikram Verma",9122908278,2022,C,8,"Chennai Institute of Technology",Active
3197,"Pooja Reddy",ECE,1,Female,2004-01-27,B+,9382711981,pooja3197@cit.edu.in,"69 Gandhi Road",Pune,Tamil Nadu,605228,"Arjun Reddy",9163193729,2025,A,2,"Chennai Institute of Technology",Active
3198,"Arjun Reddy",AIDS,3,Male,2004-03-04,B-,9534277754,arjun3198@cit.edu.in,"79 Gandhi Road",Delhi,Maharashtra,651629,"Kavya Reddy",9790115927,2023,C,5,"Chennai Institute of Technology",Active
3199,"Aarav Mehta",CSE,4,Male,2006-04-24,AB-,9774047565,aarav3199@cit.edu.in,"79 Gandhi Road",Bengaluru,Maharashtra,617260,"Rahul Mehta",9563875406,2022,A,8,"Chennai Institute of Technology",Active
3200,"Priya Gupta",EEE,3,Male,2003-08-13,A+,9504936602,priya3200@cit.edu.in,"28 Gandhi Road",Pune,Karnataka,669136,"Diya Gupta",9452509295,2023,C,5,"Chennai Institute of Technology",Active
3201,"Vikram Nair",AIML,2,Male,2005-08-17,O+,9791684943,vikram3201@cit.edu.in,"18 Gandhi Road",Pune,Karnataka,602866,"Neha Nair",9359251490,2024,B,4,"Chennai Institute of Technology",Active
3202,"Kavya Mehta",CIVIL,4,Female,2006-07-23,B+,9509845508,kavya3202@cit.edu.in,"88 Gandhi Road",Chennai,Maharashtra,647286,"Aditya Mehta",9238864891,2022,C,8,"Chennai Institute of Technology",Active
3203,"Sanya Gupta",CIVIL,3,Female,2003-07-15,O+,9571094297,sanya3203@cit.edu.in,"74 Gandhi Road",Bengaluru,Telangana,698635,"Karan Gupta",9391079857,2023,C,6,"Chennai Institute of Technology",Active
3204,"Rohan Joshi",AIML,1,Male,2005-09-03,A+,9066550066,rohan3204@cit.edu.in,"27 Gandhi Road",Kolkata,West Bengal,661156,"Neha Joshi",9925154119,2025,C,2,"Chennai Institute of Technology",Active
3205,"Ananya Patel",MECH,2,Male,2002-02-17,AB-,9212728954,ananya3205@cit.edu.in,"35 Gandhi Road",Kolkata,Delhi,665480,"Aarav Patel",9812261470,2024,A,4,"Chennai Institute of Technology",Active
3206,"Varun Nair",IT,4,Female,2004-02-02,B-,9019791247,varun3206@cit.edu.in,"49 Gandhi Road",Mumbai,Maharashtra,650938,"Neha Nair",9619399469,2022,A,8,"Chennai Institute of Technology",Active
3207,"Kavya Joshi",CSE,2,Male,2004-03-09,O+,9909202951,kavya3207@cit.edu.in,"59 Gandhi Road",Kolkata,Delhi,661834,"Neha Joshi",9561316146,2024,C,4,"Chennai Institute of Technology",Active
3208,"Priya Rao",EEE,3,Male,2005-09-27,O+,9046601589,priya3208@cit.edu.in,"12 Gandhi Road",Bengaluru,Karnataka,608849,"Karan Rao",9796615471,2023,A,5,"Chennai Institute of Technology",Active
3209,"Meera Rao",AIML,2,Male,2006-01-18,O+,9857088655,meera3209@cit.edu.in,"47 Gandhi Road",Kolkata,Delhi,697720,"Sanya Rao",9965884416,2024,C,4,"Chennai Institute of Technology",Active
3210,"Priya Joshi",AIDS,2,Male,2006-10-12,O-,9480102433,priya3210@cit.edu.in,"86 Gandhi Road",Pune,Telangana,632518,"Kavya Joshi",9825861648,2024,B,3,"Chennai Institute of Technology",Active
3211,"Neha Chopra",AIML,3,Female,2003-03-19,O+,9464738739,neha3211@cit.edu.in,"44 Gandhi Road",Chennai,Telangana,691337,"Aditya Chopra",9527287286,2023,D,5,"Chennai Institute of Technology",Active
3212,"Kavya Mehta",AIML,3,Male,2002-08-21,A-,9329886491,kavya3212@cit.edu.in,"35 Gandhi Road",Mumbai,Delhi,623086,"Aditya Mehta",9030846544,2023,D,5,"Chennai Institute of Technology",Active
3213,"Pooja Sharma",IT,3,Male,2003-05-06,O+,9920423240,pooja3213@cit.edu.in,"95 Gandhi Road",Pune,Delhi,626313,"Meera Sharma",9098694591,2023,B,6,"Chennai Institute of Technology",Active
3214,"Karan Rao",AIDS,1,Female,2003-12-02,O-,9872171903,karan3214@cit.edu.in,"26 Gandhi Road",Bengaluru,Tamil Nadu,670050,"Varun Rao",9242651184,2025,A,2,"Chennai Institute of Technology",Active
3215,"Diya Reddy",IT,4,Male,2002-12-22,B+,9841784451,diya3215@cit.edu.in,"79 Gandhi Road",Chennai,Delhi,646949,"Karan Reddy",9284115036,2022,B,7,"Chennai Institute of Technology",Active
3216,"Sanya Reddy",IT,2,Male,2004-11-08,AB-,9542398191,sanya3216@cit.edu.in,"53 Gandhi Road",Bengaluru,Telangana,620350,"Meera Reddy",9866672696,2024,B,4,"Chennai Institute of Technology",Active
3217,"Aditya Joshi",CSE,3,Male,2006-01-25,AB-,9963985615,aditya3217@cit.edu.in,"35 Gandhi Road",Hyderabad,Delhi,670363,"Kavya Joshi",9312433865,2023,A,5,"Chennai Institute of Technology",Active
3218,"Karan Kumar",IT,4,Female,2002-01-12,B+,9311826429,karan3218@cit.edu.in,"40 Gandhi Road",Chennai,Tamil Nadu,616904,"Priya Kumar",9842547472,2022,D,7,"Chennai Institute of Technology",Active
3219,"Priya Reddy",AIDS,4,Male,2002-04-24,AB+,9848224610,priya3219@cit.edu.in,"41 Gandhi Road",Mumbai,Maharashtra,635864,"Karan Reddy",9790608886,2022,C,8,"Chennai Institute of Technology",Active
3220,"Pooja Nair",MECH,4,Female,2004-08-24,B-,9496204360,pooja3220@cit.edu.in,"60 Gandhi Road",Kolkata,West Bengal,617103,"Vikram Nair",9945587395,2022,C,7,"Chennai Institute of Technology",Active
3221,"Arjun Nair",IT,1,Female,2002-05-10,AB+,9798614488,arjun3221@cit.edu.in,"36 Gandhi Road",Kolkata,West Bengal,618320,"Kavya Nair",9108116592,2025,D,1,"Chennai Institute of Technology",Active
3222,"Ananya Sharma",IT,2,Female,2006-04-10,O-,9673749433,ananya3222@cit.edu.in,"78 Gandhi Road",Bengaluru,Karnataka,681847,"Pooja Sharma",9405830706,2024,D,3,"Chennai Institute of Technology",Active
3223,"Arjun Sharma",CIVIL,4,Male,2003-10-09,O-,9547828589,arjun3223@cit.edu.in,"11 Gandhi Road",Hyderabad,Karnataka,683723,"Karan Sharma",9013281615,2022,D,7,"Chennai Institute of Technology",Active
3224,"Arjun Mehta",CIVIL,1,Male,2003-12-02,B+,9743246549,arjun3224@cit.edu.in,"30 Gandhi Road",Hyderabad,Delhi,638731,"Arjun Mehta",9222064991,2025,D,1,"Chennai Institute of Technology",Active
3225,"Rahul Gupta",CIVIL,3,Female,2004-12-08,B+,9000867710,rahul3225@cit.edu.in,"19 Gandhi Road",Chennai,Maharashtra,627036,"Priya Gupta",9891126185,2023,D,5,"Chennai Institute of Technology",Active
3226,"Rahul Singh",ECE,3,Male,2003-04-26,AB-,9211348638,rahul3226@cit.edu.in,"37 Gandhi Road",Bengaluru,Tamil Nadu,683544,"Neha Singh",9910740033,2023,B,6,"Chennai Institute of Technology",Active
3227,"Vikram Verma",AIDS,3,Male,2005-12-19,B+,9565787816,vikram3227@cit.edu.in,"95 Gandhi Road",Hyderabad,Delhi,651298,"Priya Verma",9638790900,2023,D,5,"Chennai Institute of Technology",Active
3228,"Priya Singh",IT,2,Female,2003-05-17,B-,9288871529,priya3228@cit.edu.in,"42 Gandhi Road",Kolkata,Maharashtra,683945,"Rohan Singh",9623375889,2024,A,3,"Chennai Institute of Technology",Active
3229,"Karan Patel",MECH,2,Female,2003-06-25,O+,9553802685,karan3229@cit.edu.in,"97 Gandhi Road",Mumbai,Delhi,620974,"Karan Patel",9032106666,2024,C,3,"Chennai Institute of Technology",Active
3230,"Neha Chopra",CSE,3,Female,2004-07-05,O+,9371519774,neha3230@cit.edu.in,"53 Gandhi Road",Pune,West Bengal,691962,"Karan Chopra",9333568460,2023,B,6,"Chennai Institute of Technology",Active
3231,"Aarav Verma",AIDS,1,Male,2005-04-05,A-,9228162237,aarav3231@cit.edu.in,"83 Gandhi Road",Bengaluru,Delhi,656597,"Rahul Verma",9682664531,2025,D,1,"Chennai Institute of Technology",Active
3232,"Neha Mehta",EEE,3,Female,2003-02-09,AB-,9785802004,neha3232@cit.edu.in,"24 Gandhi Road",Hyderabad,Karnataka,666823,"Diya Mehta",9579119230,2023,A,6,"Chennai Institute of Technology",Active
3233,"Aarav Patel",AIDS,2,Male,2002-02-04,AB+,9133788480,aarav3233@cit.edu.in,"25 Gandhi Road",Bengaluru,Maharashtra,658173,"Priya Patel",9123954184,2024,A,4,"Chennai Institute of Technology",Active
3234,"Diya Reddy",AIML,4,Male,2004-08-07,AB-,9985265903,diya3234@cit.edu.in,"25 Gandhi Road",Chennai,Maharashtra,649461,"Kavya Reddy",9910755171,2022,B,8,"Chennai Institute of Technology",Active
3235,"Pooja Singh",AIML,3,Female,2003-11-03,AB+,9454826125,pooja3235@cit.edu.in,"17 Gandhi Road",Mumbai,Maharashtra,620629,"Karan Singh",9185583115,2023,D,5,"Chennai Institute of Technology",Active
3236,"Rahul Rao",CIVIL,4,Male,2005-03-27,A+,9341339085,rahul3236@cit.edu.in,"59 Gandhi Road",Kolkata,Maharashtra,625756,"Ananya Rao",9390866784,2022,A,7,"Chennai Institute of Technology",Active
3237,"Priya Mehta",AIML,3,Female,2003-05-17,A-,9849007747,priya3237@cit.edu.in,"99 Gandhi Road",Chennai,Delhi,694368,"Arjun Mehta",9342871383,2023,D,5,"Chennai Institute of Technology",Active
3238,"Karan Mehta",EEE,4,Male,2006-05-04,O-,9318095952,karan3238@cit.edu.in,"99 Gandhi Road",Delhi,Maharashtra,696193,"Kavya Mehta",9870147084,2022,A,7,"Chennai Institute of Technology",Active
3239,"Varun Sharma",ECE,2,Male,2002-07-18,B+,9596240107,varun3239@cit.edu.in,"73 Gandhi Road",Hyderabad,Karnataka,628662,"Kavya Sharma",9611049447,2024,C,4,"Chennai Institute of Technology",Active
3240,"Vikram Mehta",CIVIL,2,Female,2004-01-14,AB+,9098532034,vikram3240@cit.edu.in,"77 Gandhi Road",Bengaluru,Karnataka,671079,"Aarav Mehta",9381770106,2024,D,4,"Chennai Institute of Technology",Active
3241,"Aarav Joshi",CIVIL,4,Male,2002-03-09,O+,9302847256,aarav3241@cit.edu.in,"52 Gandhi Road",Pune,Telangana,684615,"Rahul Joshi",9151564180,2022,D,8,"Chennai Institute of Technology",Active
3242,"Kavya Singh",MECH,1,Female,2005-01-21,A-,9020953503,kavya3242@cit.edu.in,"74 Gandhi Road",Kolkata,Karnataka,683009,"Ananya Singh",9655726169,2025,C,2,"Chennai Institute of Technology",Active
3243,"Rahul Singh",AIDS,2,Male,2006-07-04,A+,9740760215,rahul3243@cit.edu.in,"39 Gandhi Road",Delhi,Telangana,656855,"Priya Singh",9335150821,2024,D,3,"Chennai Institute of Technology",Active
3244,"Pooja Sharma",AIDS,2,Male,2003-05-11,B-,9197561189,pooja3244@cit.edu.in,"59 Gandhi Road",Delhi,Karnataka,600301,"Priya Sharma",9015096970,2024,C,3,"Chennai Institute of Technology",Active
3245,"Rahul Joshi",IT,4,Male,2005-04-01,O-,9823137402,rahul3245@cit.edu.in,"38 Gandhi Road",Mumbai,Tamil Nadu,692745,"Pooja Joshi",9004289369,2022,C,8,"Chennai Institute of Technology",Active
3246,"Varun Nair",AIDS,1,Female,2004-06-12,O+,9067025980,varun3246@cit.edu.in,"24 Gandhi Road",Mumbai,Delhi,679529,"Diya Nair",9862245325,2025,B,2,"Chennai Institute of Technology",Active
3247,"Sanya Mehta",AIML,2,Female,2005-07-16,B-,9175413343,sanya3247@cit.edu.in,"13 Gandhi Road",Kolkata,Tamil Nadu,604239,"Priya Mehta",9657293709,2024,D,3,"Chennai Institute of Technology",Active
3248,"Karan Kumar",AIDS,1,Female,2006-02-21,AB-,9889010278,karan3248@cit.edu.in,"92 Gandhi Road",Delhi,Delhi,681900,"Rahul Kumar",9061436022,2025,A,2,"Chennai Institute of Technology",Active
3249,"Priya Rao",MECH,1,Male,2005-10-08,O+,9265016707,priya3249@cit.edu.in,"41 Gandhi Road",Mumbai,Telangana,653119,"Rahul Rao",9043924723,2025,A,1,"Chennai Institute of Technology",Active
3250,"Rahul Singh",ECE,4,Female,2002-09-06,AB-,9329013259,rahul3250@cit.edu.in,"60 Gandhi Road",Kolkata,Karnataka,673813,"Aditya Singh",9116411467,2022,B,7,"Chennai Institute of Technology",Active
3251,"Priya Nair",CIVIL,4,Female,2003-02-19,B-,9149993212,priya3251@cit.edu.in,"76 Gandhi Road",Bengaluru,Karnataka,681137,"Ananya Nair",9673777592,2022,C,7,"Chennai Institute of Technology",Active
3252,"Vikram Singh",CIVIL,2,Male,2005-12-09,O-,9079528451,vikram3252@cit.edu.in,"11 Gandhi Road",Pune,Delhi,669855,"Pooja Singh",9394534145,2024,B,4,"Chennai Institute of Technology",Active
3253,"Sanya Patel",AIML,4,Female,2006-08-20,A-,9027981845,sanya3253@cit.edu.in,"56 Gandhi Road",Kolkata,Telangana,614961,"Ananya Patel",9312560076,2022,D,7,"Chennai Institute of Technology",Active
3254,"Meera Nair",MECH,2,Male,2002-09-08,AB+,9232278439,meera3254@cit.edu.in,"97 Gandhi Road",Kolkata,Tamil Nadu,607786,"Vikram Nair",9066680755,2024,D,4,"Chennai Institute of Technology",Active
3255,"Aarav Kumar",EEE,2,Female,2003-05-07,O-,9479281387,aarav3255@cit.edu.in,"60 Gandhi Road",Hyderabad,Tamil Nadu,628076,"Arjun Kumar",9894607458,2024,A,4,"Chennai Institute of Technology",Active
3256,"Neha Kumar",EEE,2,Male,2004-07-25,AB+,9141218144,neha3256@cit.edu.in,"97 Gandhi Road",Chennai,Telangana,685975,"Rohan Kumar",9297953211,2024,A,3,"Chennai Institute of Technology",Active
3257,"Rahul Patel",MECH,2,Male,2006-11-09,AB+,9980722578,rahul3257@cit.edu.in,"55 Gandhi Road",Hyderabad,West Bengal,642154,"Meera Patel",9853657211,2024,C,4,"Chennai Institute of Technology",Active
3258,"Arjun Chopra",CSE,2,Male,2004-01-26,B-,9815254496,arjun3258@cit.edu.in,"18 Gandhi Road",Mumbai,Karnataka,659967,"Pooja Chopra",9527329706,2024,C,3,"Chennai Institute of Technology",Active
3259,"Rahul Sharma",AIML,1,Female,2006-09-25,A+,9730016013,rahul3259@cit.edu.in,"23 Gandhi Road",Bengaluru,West Bengal,641598,"Pooja Sharma",9028422545,2025,D,1,"Chennai Institute of Technology",Active
3260,"Kavya Joshi",IT,1,Female,2003-11-25,A-,9344353215,kavya3260@cit.edu.in,"75 Gandhi Road",Kolkata,Karnataka,654695,"Kavya Joshi",9639176682,2025,C,2,"Chennai Institute of Technology",Active
3261,"Rohan Patel",EEE,4,Female,2005-08-02,B-,9661779143,rohan3261@cit.edu.in,"47 Gandhi Road",Pune,Tamil Nadu,630150,"Arjun Patel",9408241993,2022,B,7,"Chennai Institute of Technology",Active
3262,"Aditya Mehta",AIDS,3,Female,2005-08-12,O-,9322814483,aditya3262@cit.edu.in,"24 Gandhi Road",Delhi,Delhi,644083,"Pooja Mehta",9848811479,2023,D,6,"Chennai Institute of Technology",Active
3263,"Diya Gupta",CSE,4,Male,2006-04-06,AB-,9772229590,diya3263@cit.edu.in,"20 Gandhi Road",Bengaluru,Delhi,611046,"Aditya Gupta",9940733579,2022,C,7,"Chennai Institute of Technology",Active
3264,"Vikram Sharma",MECH,1,Male,2005-09-13,B-,9424102921,vikram3264@cit.edu.in,"80 Gandhi Road",Pune,Karnataka,607327,"Varun Sharma",9011693105,2025,D,1,"Chennai Institute of Technology",Active
3265,"Rohan Verma",CSE,4,Male,2004-11-13,B+,9775546366,rohan3265@cit.edu.in,"23 Gandhi Road",Chennai,Tamil Nadu,678739,"Rahul Verma",9394734279,2022,C,7,"Chennai Institute of Technology",Active
3266,"Arjun Kumar",AIDS,1,Male,2006-05-03,A+,9563991676,arjun3266@cit.edu.in,"38 Gandhi Road",Delhi,Maharashtra,650826,"Ananya Kumar",9391557546,2025,D,1,"Chennai Institute of Technology",Active
3267,"Ananya Verma",IT,1,Male,2002-05-09,B+,9435593816,ananya3267@cit.edu.in,"30 Gandhi Road",Hyderabad,Maharashtra,625050,"Vikram Verma",9204712396,2025,B,1,"Chennai Institute of Technology",Active
3268,"Meera Joshi",CIVIL,3,Female,2003-10-26,A-,9932617626,meera3268@cit.edu.in,"74 Gandhi Road",Mumbai,Maharashtra,664742,"Aditya Joshi",9563761646,2023,C,6,"Chennai Institute of Technology",Active
3269,"Meera Patel",IT,2,Female,2002-01-25,O-,9427849728,meera3269@cit.edu.in,"75 Gandhi Road",Mumbai,Telangana,695100,"Neha Patel",9335840849,2024,A,3,"Chennai Institute of Technology",Active
3270,"Sanya Reddy",AIDS,1,Female,2003-12-17,O-,9624211153,sanya3270@cit.edu.in,"88 Gandhi Road",Delhi,Delhi,603794,"Arjun Reddy",9540325446,2025,D,1,"Chennai Institute of Technology",Active
3271,"Vikram Gupta",AIDS,3,Female,2003-09-10,A-,9163983763,vikram3271@cit.edu.in,"68 Gandhi Road",Chennai,Telangana,695387,"Karan Gupta",9289384083,2023,B,5,"Chennai Institute of Technology",Active
3272,"Sanya Reddy",IT,1,Male,2003-04-27,AB-,9147420812,sanya3272@cit.edu.in,"12 Gandhi Road",Mumbai,Delhi,685176,"Ananya Reddy",9597626675,2025,D,2,"Chennai Institute of Technology",Active
3273,"Diya Chopra",CSE,2,Female,2005-04-12,B+,9492278191,diya3273@cit.edu.in,"67 Gandhi Road",Hyderabad,Delhi,612383,"Aarav Chopra",9511640707,2024,D,3,"Chennai Institute of Technology",Active
3274,"Karan Reddy",CSE,1,Female,2005-04-11,O-,9417899392,karan3274@cit.edu.in,"90 Gandhi Road",Hyderabad,West Bengal,644472,"Pooja Reddy",9228474886,2025,A,1,"Chennai Institute of Technology",Active
3275,"Ananya Joshi",CSE,2,Male,2004-10-01,O-,9747848360,ananya3275@cit.edu.in,"51 Gandhi Road",Hyderabad,Telangana,625223,"Vikram Joshi",9495283004,2024,D,3,"Chennai Institute of Technology",Active
3276,"Rahul Mehta",CSE,4,Male,2002-10-08,AB-,9648407795,rahul3276@cit.edu.in,"18 Gandhi Road",Delhi,Telangana,638088,"Meera Mehta",9441513213,2022,B,7,"Chennai Institute of Technology",Active
3277,"Aditya Verma",EEE,4,Female,2003-11-08,AB-,9285894570,aditya3277@cit.edu.in,"23 Gandhi Road",Chennai,Delhi,625446,"Varun Verma",9749338852,2022,B,7,"Chennai Institute of Technology",Active
3278,"Karan Joshi",CSE,3,Female,2004-09-19,AB-,9871442889,karan3278@cit.edu.in,"55 Gandhi Road",Chennai,Karnataka,607596,"Aditya Joshi",9753299558,2023,A,5,"Chennai Institute of Technology",Active
3279,"Kavya Kumar",MECH,3,Male,2003-03-06,B-,9093977662,kavya3279@cit.edu.in,"48 Gandhi Road",Delhi,Delhi,631652,"Sanya Kumar",9686077925,2023,D,5,"Chennai Institute of Technology",Active
3280,"Aditya Rao",CIVIL,4,Female,2004-09-21,AB+,9181712932,aditya3280@cit.edu.in,"17 Gandhi Road",Mumbai,Tamil Nadu,684365,"Diya Rao",9765378570,2022,C,8,"Chennai Institute of Technology",Active
3281,"Sanya Chopra",CIVIL,1,Male,2006-07-11,O-,9694109104,sanya3281@cit.edu.in,"23 Gandhi Road",Pune,Tamil Nadu,644743,"Rohan Chopra",9299074829,2025,A,1,"Chennai Institute of Technology",Active
3282,"Arjun Mehta",EEE,3,Male,2004-08-01,A-,9829830504,arjun3282@cit.edu.in,"34 Gandhi Road",Delhi,Maharashtra,623512,"Priya Mehta",9207176271,2023,C,5,"Chennai Institute of Technology",Active
3283,"Meera Singh",EEE,1,Male,2003-08-16,O-,9515445726,meera3283@cit.edu.in,"37 Gandhi Road",Bengaluru,Telangana,694182,"Neha Singh",9324701357,2025,D,1,"Chennai Institute of Technology",Active
3284,"Aditya Joshi",ECE,3,Male,2003-03-22,O-,9476493660,aditya3284@cit.edu.in,"47 Gandhi Road",Pune,Delhi,641943,"Karan Joshi",9243936432,2023,C,6,"Chennai Institute of Technology",Active
3285,"Aarav Singh",CSE,4,Male,2003-06-22,O+,9018081261,aarav3285@cit.edu.in,"38 Gandhi Road",Hyderabad,Karnataka,686647,"Karan Singh",9208587712,2022,A,8,"Chennai Institute of Technology",Active
3286,"Meera Patel",ECE,1,Female,2006-11-25,A-,9648986534,meera3286@cit.edu.in,"88 Gandhi Road",Delhi,Maharashtra,601864,"Meera Patel",9963008544,2025,C,2,"Chennai Institute of Technology",Active
3287,"Rahul Rao",MECH,2,Male,2006-03-01,O+,9819304143,rahul3287@cit.edu.in,"38 Gandhi Road",Kolkata,West Bengal,684976,"Arjun Rao",9817559136,2024,D,3,"Chennai Institute of Technology",Active
3288,"Kavya Joshi",IT,2,Male,2005-09-23,B-,9163437063,kavya3288@cit.edu.in,"18 Gandhi Road",Delhi,West Bengal,637488,"Neha Joshi",9263014489,2024,A,4,"Chennai Institute of Technology",Active
3289,"Priya Sharma",AIML,3,Female,2002-08-21,B+,9840445725,priya3289@cit.edu.in,"58 Gandhi Road",Delhi,Karnataka,640993,"Sanya Sharma",9984094799,2023,C,6,"Chennai Institute of Technology",Active
3290,"Varun Verma",AIML,1,Male,2003-10-20,AB+,9696665962,varun3290@cit.edu.in,"97 Gandhi Road",Chennai,Telangana,642522,"Diya Verma",9838458999,2025,D,1,"Chennai Institute of Technology",Active
3291,"Rahul Sharma",AIDS,4,Male,2003-07-27,AB-,9006914469,rahul3291@cit.edu.in,"23 Gandhi Road",Delhi,Karnataka,689587,"Rahul Sharma",9030943702,2022,D,7,"Chennai Institute of Technology",Active
3292,"Aditya Verma",ECE,2,Female,2002-06-10,AB-,9229880127,aditya3292@cit.edu.in,"77 Gandhi Road",Kolkata,Tamil Nadu,697517,"Rahul Verma",9909916901,2024,A,3,"Chennai Institute of Technology",Active
3293,"Ananya Nair",AIDS,3,Male,2006-04-08,B+,9804119176,ananya3293@cit.edu.in,"30 Gandhi Road",Delhi,Telangana,657856,"Aditya Nair",9416586043,2023,A,6,"Chennai Institute of Technology",Active
3294,"Meera Sharma",EEE,3,Male,2005-09-13,AB-,9117242083,meera3294@cit.edu.in,"98 Gandhi Road",Bengaluru,Delhi,696084,"Meera Sharma",9059253773,2023,A,6,"Chennai Institute of Technology",Active
3295,"Karan Gupta",CSE,3,Male,2004-05-08,B-,9681528031,karan3295@cit.edu.in,"97 Gandhi Road",Bengaluru,Tamil Nadu,670748,"Diya Gupta",9932211239,2023,D,5,"Chennai Institute of Technology",Active
3296,"Arjun Chopra",IT,4,Female,2006-04-01,B+,9937317305,arjun3296@cit.edu.in,"88 Gandhi Road",Bengaluru,Maharashtra,678870,"Sanya Chopra",9033224850,2022,D,7,"Chennai Institute of Technology",Active
3297,"Karan Joshi",AIDS,4,Female,2005-05-14,O-,9045144051,karan3297@cit.edu.in,"61 Gandhi Road",Hyderabad,West Bengal,688723,"Ananya Joshi",9214099679,2022,D,8,"Chennai Institute of Technology",Active
3298,"Priya Patel",CSE,2,Male,2005-03-12,A-,9425515890,priya3298@cit.edu.in,"57 Gandhi Road",Mumbai,Delhi,676699,"Rahul Patel",9796470973,2024,A,4,"Chennai Institute of Technology",Active
3299,"Aditya Kumar",MECH,2,Female,2004-11-14,A-,9120545751,aditya3299@cit.edu.in,"80 Gandhi Road",Hyderabad,Karnataka,603151,"Karan Kumar",9679251966,2024,D,4,"Chennai Institute of Technology",Active
3300,"Neha Chopra",AIDS,3,Female,2002-08-02,A+,9838432596,neha3300@cit.edu.in,"94 Gandhi Road",Chennai,Delhi,645656,"Varun Chopra",9559201364,2023,B,6,"Chennai Institute of Technology",Active
3301,"Kavya Chopra",MECH,2,Male,2005-10-03,O+,9094634511,kavya3301@cit.edu.in,"16 Gandhi Road",Bengaluru,Tamil Nadu,620199,"Kavya Chopra",9603828263,2024,C,3,"Chennai Institute of Technology",Active
3302,"Vikram Chopra",CSE,2,Male,2003-08-06,A+,9287484899,vikram3302@cit.edu.in,"21 Gandhi Road",Pune,Tamil Nadu,663683,"Kavya Chopra",9843049715,2024,B,3,"Chennai Institute of Technology",Active
3303,"Meera Kumar",AIDS,1,Female,2005-07-11,O+,9154051297,meera3303@cit.edu.in,"19 Gandhi Road",Delhi,Tamil Nadu,663968,"Neha Kumar",9048047554,2025,A,1,"Chennai Institute of Technology",Active
3304,"Kavya Gupta",AIML,2,Female,2002-12-20,O-,9003141262,kavya3304@cit.edu.in,"51 Gandhi Road",Kolkata,Karnataka,640820,"Aarav Gupta",9867527026,2024,D,4,"Chennai Institute of Technology",Active
3305,"Meera Chopra",MECH,3,Female,2004-01-01,O+,9570867342,meera3305@cit.edu.in,"31 Gandhi Road",Delhi,Maharashtra,613750,"Priya Chopra",9779303083,2023,B,6,"Chennai Institute of Technology",Active
3306,"Pooja Mehta",EEE,1,Male,2005-04-18,AB+,9594119414,pooja3306@cit.edu.in,"96 Gandhi Road",Hyderabad,Delhi,674434,"Kavya Mehta",9772813921,2025,A,1,"Chennai Institute of Technology",Active
3307,"Vikram Kumar",CIVIL,2,Female,2005-01-13,B+,9597351211,vikram3307@cit.edu.in,"87 Gandhi Road",Chennai,Delhi,688443,"Neha Kumar",9388831241,2024,C,4,"Chennai Institute of Technology",Active
3308,"Aditya Patel",EEE,2,Male,2006-08-02,A-,9915643354,aditya3308@cit.edu.in,"40 Gandhi Road",Kolkata,Maharashtra,691714,"Meera Patel",9093647791,2024,A,4,"Chennai Institute of Technology",Active
3309,"Ananya Gupta",CSE,3,Male,2002-11-11,A+,9285721885,ananya3309@cit.edu.in,"50 Gandhi Road",Kolkata,Delhi,668679,"Sanya Gupta",9587052604,2023,C,5,"Chennai Institute of Technology",Active
3310,"Arjun Chopra",EEE,2,Male,2005-01-22,O+,9386325410,arjun3310@cit.edu.in,"70 Gandhi Road",Pune,West Bengal,666759,"Meera Chopra",9186618218,2024,A,4,"Chennai Institute of Technology",Active
3311,"Aarav Reddy",AIML,1,Male,2003-08-10,A-,9451962415,aarav3311@cit.edu.in,"78 Gandhi Road",Mumbai,Tamil Nadu,641073,"Kavya Reddy",9577816303,2025,C,2,"Chennai Institute of Technology",Active
3312,"Ananya Nair",CSE,2,Male,2006-07-02,B+,9837648006,ananya3312@cit.edu.in,"13 Gandhi Road",Mumbai,Tamil Nadu,678281,"Rohan Nair",9609612704,2024,B,4,"Chennai Institute of Technology",Active
3313,"Aditya Rao",IT,1,Male,2003-06-05,O+,9095414608,aditya3313@cit.edu.in,"46 Gandhi Road",Bengaluru,Delhi,698175,"Sanya Rao",9132275021,2025,C,1,"Chennai Institute of Technology",Active
3314,"Aditya Joshi",MECH,3,Female,2005-02-02,B+,9902429273,aditya3314@cit.edu.in,"58 Gandhi Road",Delhi,West Bengal,689872,"Meera Joshi",9406821219,2023,D,6,"Chennai Institute of Technology",Active
3315,"Kavya Nair",CSE,3,Female,2002-04-27,A-,9396359918,kavya3315@cit.edu.in,"78 Gandhi Road",Pune,West Bengal,648451,"Rohan Nair",9973018191,2023,C,5,"Chennai Institute of Technology",Active
3316,"Varun Chopra",AIML,3,Female,2004-07-24,B-,9654738423,varun3316@cit.edu.in,"41 Gandhi Road",Mumbai,Telangana,676582,"Arjun Chopra",9850950890,2023,A,5,"Chennai Institute of Technology",Active
3317,"Neha Sharma",AIML,3,Male,2002-07-11,O+,9885909480,neha3317@cit.edu.in,"80 Gandhi Road",Delhi,Maharashtra,623106,"Ananya Sharma",9228928819,2023,A,6,"Chennai Institute of Technology",Active
3318,"Priya Rao",CSE,1,Male,2003-06-11,AB+,9864562760,priya3318@cit.edu.in,"20 Gandhi Road",Bengaluru,Telangana,662349,"Kavya Rao",9657083092,2025,A,2,"Chennai Institute of Technology",Active
3319,"Rohan Gupta",MECH,1,Female,2005-04-27,AB+,9006664500,rohan3319@cit.edu.in,"68 Gandhi Road",Mumbai,Tamil Nadu,626811,"Rahul Gupta",9564109832,2025,D,2,"Chennai Institute of Technology",Active
3320,"Rohan Gupta",AIML,4,Male,2005-06-26,O+,9147977455,rohan3320@cit.edu.in,"87 Gandhi Road",Bengaluru,Telangana,602826,"Meera Gupta",9477921440,2022,C,8,"Chennai Institute of Technology",Active
3321,"Sanya Nair",ECE,3,Female,2003-01-01,O-,9329426533,sanya3321@cit.edu.in,"74 Gandhi Road",Mumbai,Maharashtra,686565,"Priya Nair",9201943313,2023,B,6,"Chennai Institute of Technology",Active
3322,"Rohan Sharma",ECE,4,Male,2006-01-12,O-,9364711864,rohan3322@cit.edu.in,"38 Gandhi Road",Mumbai,Tamil Nadu,601029,"Sanya Sharma",9179937851,2022,D,7,"Chennai Institute of Technology",Active
3323,"Aditya Joshi",MECH,1,Male,2002-08-13,B+,9304362403,aditya3323@cit.edu.in,"29 Gandhi Road",Hyderabad,Delhi,652913,"Ananya Joshi",9293730631,2025,C,1,"Chennai Institute of Technology",Active
3324,"Priya Sharma",AIDS,4,Male,2004-07-18,A-,9285009422,priya3324@cit.edu.in,"93 Gandhi Road",Kolkata,West Bengal,627465,"Aditya Sharma",9290853297,2022,D,8,"Chennai Institute of Technology",Active
3325,"Varun Chopra",AIML,2,Female,2005-08-19,B+,9574914854,varun3325@cit.edu.in,"96 Gandhi Road",Mumbai,Tamil Nadu,601293,"Diya Chopra",9943629587,2024,C,4,"Chennai Institute of Technology",Active
3326,"Aarav Reddy",EEE,1,Male,2006-09-27,O+,9773057569,aarav3326@cit.edu.in,"51 Gandhi Road",Kolkata,Telangana,651780,"Ananya Reddy",9233936915,2025,B,2,"Chennai Institute of Technology",Active
3327,"Kavya Sharma",CIVIL,2,Female,2002-12-01,O-,9286077024,kavya3327@cit.edu.in,"98 Gandhi Road",Kolkata,Karnataka,608366,"Aarav Sharma",9442545362,2024,B,4,"Chennai Institute of Technology",Active
3328,"Arjun Patel",ECE,4,Female,2003-02-02,O-,9033941536,arjun3328@cit.edu.in,"32 Gandhi Road",Chennai,Karnataka,622833,"Varun Patel",9188131919,2022,C,8,"Chennai Institute of Technology",Active
3329,"Priya Verma",ECE,1,Male,2002-06-27,O+,9598526278,priya3329@cit.edu.in,"78 Gandhi Road",Kolkata,Telangana,600369,"Vikram Verma",9322932562,2025,B,1,"Chennai Institute of Technology",Active
3330,"Meera Gupta",MECH,1,Female,2003-12-08,AB+,9353268682,meera3330@cit.edu.in,"96 Gandhi Road",Chennai,Tamil Nadu,604922,"Diya Gupta",9281499390,2025,D,2,"Chennai Institute of Technology",Active
3331,"Rahul Gupta",MECH,2,Female,2005-06-28,A+,9875154183,rahul3331@cit.edu.in,"28 Gandhi Road",Delhi,Maharashtra,691074,"Meera Gupta",9986169702,2024,D,4,"Chennai Institute of Technology",Active
3332,"Vikram Singh",AIML,2,Female,2006-07-04,O-,9193914509,vikram3332@cit.edu.in,"43 Gandhi Road",Bengaluru,Delhi,674130,"Sanya Singh",9615985498,2024,B,4,"Chennai Institute of Technology",Active
3333,"Aarav Patel",MECH,4,Male,2004-08-25,A+,9028606423,aarav3333@cit.edu.in,"15 Gandhi Road",Bengaluru,Karnataka,634848,"Ananya Patel",9992902697,2022,B,8,"Chennai Institute of Technology",Active
3334,"Aditya Singh",CSE,1,Male,2003-08-11,A-,9637129860,aditya3334@cit.edu.in,"39 Gandhi Road",Kolkata,Karnataka,636065,"Karan Singh",9491626863,2025,A,1,"Chennai Institute of Technology",Active
3335,"Aarav Chopra",CSE,3,Male,2005-04-08,AB+,9749979577,aarav3335@cit.edu.in,"81 Gandhi Road",Chennai,Delhi,689339,"Rohan Chopra",9127623553,2023,B,5,"Chennai Institute of Technology",Active
3336,"Ananya Mehta",AIDS,3,Male,2004-02-10,A+,9218232724,ananya3336@cit.edu.in,"72 Gandhi Road",Mumbai,Delhi,652797,"Diya Mehta",9098722507,2023,D,6,"Chennai Institute of Technology",Active
3337,"Kavya Sharma",IT,4,Female,2005-02-05,O-,9494674565,kavya3337@cit.edu.in,"67 Gandhi Road",Delhi,Tamil Nadu,622063,"Priya Sharma",9754545912,2022,C,8,"Chennai Institute of Technology",Active
3338,"Sanya Gupta",IT,2,Male,2005-06-14,O+,9516785772,sanya3338@cit.edu.in,"12 Gandhi Road",Bengaluru,Karnataka,697351,"Pooja Gupta",9237100664,2024,C,3,"Chennai Institute of Technology",Active
3339,"Meera Sharma",MECH,2,Male,2003-02-23,O-,9849026871,meera3339@cit.edu.in,"79 Gandhi Road",Chennai,Delhi,647734,"Rohan Sharma",9301186046,2024,A,3,"Chennai Institute of Technology",Active
3340,"Rohan Singh",IT,2,Female,2004-12-20,B+,9812171332,rohan3340@cit.edu.in,"80 Gandhi Road",Chennai,Maharashtra,650325,"Ananya Singh",9058827851,2024,D,4,"Chennai Institute of Technology",Active
3341,"Neha Joshi",ECE,1,Female,2006-06-07,B+,9598296811,neha3341@cit.edu.in,"68 Gandhi Road",Bengaluru,West Bengal,688783,"Ananya Joshi",9978278893,2025,B,2,"Chennai Institute of Technology",Active
3342,"Pooja Reddy",CSE,4,Male,2006-07-16,B+,9379060152,pooja3342@cit.edu.in,"39 Gandhi Road",Kolkata,Karnataka,602438,"Rahul Reddy",9606136703,2022,C,7,"Chennai Institute of Technology",Active
3343,"Pooja Kumar",IT,1,Female,2003-01-05,A+,9280901924,pooja3343@cit.edu.in,"72 Gandhi Road",Delhi,West Bengal,698217,"Kavya Kumar",9242977825,2025,A,2,"Chennai Institute of Technology",Active
3344,"Ananya Singh",AIDS,3,Male,2004-04-22,O-,9175935258,ananya3344@cit.edu.in,"64 Gandhi Road",Kolkata,Tamil Nadu,606643,"Aarav Singh",9152461224,2023,A,5,"Chennai Institute of Technology",Active
3345,"Meera Joshi",EEE,4,Male,2004-11-05,O-,9896387764,meera3345@cit.edu.in,"20 Gandhi Road",Delhi,Delhi,634235,"Ananya Joshi",9968088627,2022,A,8,"Chennai Institute of Technology",Active
3346,"Sanya Nair",CIVIL,4,Female,2003-10-23,B+,9012289154,sanya3346@cit.edu.in,"32 Gandhi Road",Delhi,Telangana,691122,"Vikram Nair",9034027588,2022,D,7,"Chennai Institute of Technology",Active
3347,"Rohan Verma",ECE,3,Female,2006-10-22,AB+,9740011128,rohan3347@cit.edu.in,"17 Gandhi Road",Hyderabad,Telangana,680433,"Vikram Verma",9259637258,2023,A,5,"Chennai Institute of Technology",Active
3348,"Sanya Mehta",AIML,4,Female,2002-06-26,AB-,9803321302,sanya3348@cit.edu.in,"91 Gandhi Road",Kolkata,West Bengal,655208,"Arjun Mehta",9175161162,2022,A,7,"Chennai Institute of Technology",Active
3349,"Sanya Singh",AIML,2,Male,2005-07-13,A-,9982192051,sanya3349@cit.edu.in,"33 Gandhi Road",Pune,Delhi,606575,"Arjun Singh",9075963119,2024,D,4,"Chennai Institute of Technology",Active
3350,"Varun Verma",AIML,1,Male,2003-10-27,AB-,9768839639,varun3350@cit.edu.in,"38 Gandhi Road",Kolkata,Karnataka,608073,"Priya Verma",9066690527,2025,B,1,"Chennai Institute of Technology",Active
3351,"Arjun Patel",CSE,2,Female,2005-02-15,O-,9800602043,arjun3351@cit.edu.in,"99 Gandhi Road",Bengaluru,Karnataka,611800,"Varun Patel",9203389528,2024,A,3,"Chennai Institute of Technology",Active
3352,"Kavya Mehta",IT,4,Male,2003-02-23,O+,9951893664,kavya3352@cit.edu.in,"15 Gandhi Road",Mumbai,West Bengal,639232,"Karan Mehta",9328605211,2022,B,7,"Chennai Institute of Technology",Active
3353,"Karan Nair",CIVIL,1,Male,2003-08-25,B-,9655908943,karan3353@cit.edu.in,"22 Gandhi Road",Bengaluru,Tamil Nadu,603269,"Varun Nair",9565951884,2025,A,1,"Chennai Institute of Technology",Active
3354,"Ananya Gupta",CSE,1,Male,2006-07-15,O+,9836126487,ananya3354@cit.edu.in,"22 Gandhi Road",Pune,Telangana,655188,"Rohan Gupta",9912854016,2025,A,1,"Chennai Institute of Technology",Active
3355,"Rahul Nair",CIVIL,1,Male,2002-11-05,O+,9460236671,rahul3355@cit.edu.in,"76 Gandhi Road",Pune,Telangana,624721,"Karan Nair",9166018692,2025,C,2,"Chennai Institute of Technology",Active
3356,"Rahul Verma",IT,4,Female,2002-07-19,AB-,9439187280,rahul3356@cit.edu.in,"48 Gandhi Road",Delhi,Karnataka,671278,"Sanya Verma",9465280986,2022,D,7,"Chennai Institute of Technology",Active
3357,"Aarav Patel",AIDS,1,Male,2003-12-14,AB-,9302445788,aarav3357@cit.edu.in,"60 Gandhi Road",Bengaluru,Karnataka,610051,"Pooja Patel",9710421760,2025,C,2,"Chennai Institute of Technology",Active
3358,"Diya Joshi",CSE,1,Female,2002-05-28,AB+,9782468636,diya3358@cit.edu.in,"66 Gandhi Road",Hyderabad,Karnataka,614608,"Karan Joshi",9579731140,2025,C,2,"Chennai Institute of Technology",Active
3359,"Priya Reddy",MECH,1,Female,2002-01-05,AB-,9314113262,priya3359@cit.edu.in,"41 Gandhi Road",Chennai,West Bengal,644195,"Diya Reddy",9036611457,2025,D,1,"Chennai Institute of Technology",Active
3360,"Varun Singh",AIML,1,Female,2005-03-17,B-,9484233575,varun3360@cit.edu.in,"21 Gandhi Road",Mumbai,Maharashtra,652505,"Priya Singh",9573399042,2025,C,1,"Chennai Institute of Technology",Active
3361,"Vikram Patel",ECE,3,Female,2004-10-25,AB-,9929368249,vikram3361@cit.edu.in,"21 Gandhi Road",Chennai,Telangana,696238,"Priya Patel",9754809795,2023,D,6,"Chennai Institute of Technology",Active
3362,"Priya Joshi",CIVIL,3,Female,2006-11-09,B-,9230118346,priya3362@cit.edu.in,"39 Gandhi Road",Hyderabad,West Bengal,621336,"Neha Joshi",9153318641,2023,A,5,"Chennai Institute of Technology",Active
3363,"Vikram Verma",AIML,4,Male,2004-08-09,B-,9366464075,vikram3363@cit.edu.in,"84 Gandhi Road",Hyderabad,Karnataka,695080,"Sanya Verma",9481341826,2022,D,8,"Chennai Institute of Technology",Active
3364,"Diya Singh",CSE,3,Male,2005-06-04,AB-,9511465384,diya3364@cit.edu.in,"71 Gandhi Road",Delhi,West Bengal,635749,"Aarav Singh",9065131803,2023,A,6,"Chennai Institute of Technology",Active
3365,"Kavya Rao",MECH,2,Female,2004-01-26,O+,9993916642,kavya3365@cit.edu.in,"87 Gandhi Road",Mumbai,Tamil Nadu,637215,"Meera Rao",9236211289,2024,D,3,"Chennai Institute of Technology",Active
3366,"Varun Joshi",IT,2,Female,2006-05-05,A+,9129626343,varun3366@cit.edu.in,"33 Gandhi Road",Delhi,West Bengal,604613,"Aditya Joshi",9370672232,2024,C,4,"Chennai Institute of Technology",Active
3367,"Ananya Mehta",AIDS,1,Male,2005-06-19,B-,9901828281,ananya3367@cit.edu.in,"53 Gandhi Road",Bengaluru,Delhi,635185,"Aditya Mehta",9514991818,2025,B,1,"Chennai Institute of Technology",Active
3368,"Vikram Joshi",IT,2,Male,2005-11-27,A-,9321836359,vikram3368@cit.edu.in,"83 Gandhi Road",Mumbai,Maharashtra,689575,"Aarav Joshi",9898974066,2024,C,3,"Chennai Institute of Technology",Active
3369,"Neha Singh",CSE,4,Female,2003-10-20,A+,9996991599,neha3369@cit.edu.in,"32 Gandhi Road",Bengaluru,West Bengal,647471,"Meera Singh",9397199449,2022,C,7,"Chennai Institute of Technology",Active
3370,"Kavya Joshi",EEE,3,Male,2006-02-17,A-,9611304801,kavya3370@cit.edu.in,"40 Gandhi Road",Mumbai,Karnataka,698652,"Priya Joshi",9372262385,2023,C,6,"Chennai Institute of Technology",Active
3371,"Meera Reddy",AIML,2,Male,2006-11-15,B+,9582666260,meera3371@cit.edu.in,"17 Gandhi Road",Mumbai,Telangana,685404,"Aditya Reddy",9733273298,2024,C,4,"Chennai Institute of Technology",Active
3372,"Pooja Kumar",AIDS,4,Male,2003-05-19,O+,9940183102,pooja3372@cit.edu.in,"15 Gandhi Road",Pune,Telangana,606821,"Pooja Kumar",9900934611,2022,C,8,"Chennai Institute of Technology",Active
3373,"Rahul Mehta",AIDS,1,Male,2005-08-23,A-,9089805483,rahul3373@cit.edu.in,"44 Gandhi Road",Bengaluru,Telangana,689478,"Priya Mehta",9851892622,2025,D,2,"Chennai Institute of Technology",Active
3374,"Sanya Patel",AIDS,3,Female,2005-09-09,AB+,9525567553,sanya3374@cit.edu.in,"11 Gandhi Road",Pune,West Bengal,697985,"Sanya Patel",9774320699,2023,C,5,"Chennai Institute of Technology",Active
3375,"Aarav Chopra",CSE,2,Male,2002-06-10,A-,9746363106,aarav3375@cit.edu.in,"44 Gandhi Road",Delhi,Delhi,606703,"Pooja Chopra",9561210568,2024,D,4,"Chennai Institute of Technology",Active
3376,"Karan Chopra",IT,4,Female,2003-08-16,B+,9472059032,karan3376@cit.edu.in,"84 Gandhi Road",Chennai,Delhi,663637,"Rohan Chopra",9173245524,2022,C,8,"Chennai Institute of Technology",Active
3377,"Meera Joshi",EEE,3,Male,2003-03-13,A-,9713163795,meera3377@cit.edu.in,"48 Gandhi Road",Kolkata,Delhi,630849,"Pooja Joshi",9459596512,2023,D,5,"Chennai Institute of Technology",Active
3378,"Meera Patel",AIML,4,Male,2006-01-22,AB+,9919163715,meera3378@cit.edu.in,"82 Gandhi Road",Mumbai,Karnataka,641662,"Arjun Patel",9739721306,2022,B,7,"Chennai Institute of Technology",Active
3379,"Sanya Nair",IT,1,Female,2002-06-21,O+,9508909893,sanya3379@cit.edu.in,"18 Gandhi Road",Hyderabad,Maharashtra,672744,"Diya Nair",9732947244,2025,C,1,"Chennai Institute of Technology",Active
3380,"Aarav Kumar",EEE,1,Male,2006-01-16,B-,9645584805,aarav3380@cit.edu.in,"20 Gandhi Road",Bengaluru,Maharashtra,655980,"Karan Kumar",9375628530,2025,B,1,"Chennai Institute of Technology",Active
3381,"Rahul Rao",AIML,2,Female,2003-03-16,O+,9634141553,rahul3381@cit.edu.in,"21 Gandhi Road",Chennai,West Bengal,683869,"Varun Rao",9494873244,2024,C,3,"Chennai Institute of Technology",Active
3382,"Rahul Singh",ECE,1,Male,2006-01-15,A-,9946747352,rahul3382@cit.edu.in,"88 Gandhi Road",Chennai,Telangana,661544,"Ananya Singh",9386110288,2025,D,1,"Chennai Institute of Technology",Active
3383,"Varun Mehta",AIDS,1,Male,2003-08-22,AB+,9176910874,varun3383@cit.edu.in,"24 Gandhi Road",Hyderabad,Delhi,658092,"Varun Mehta",9248979462,2025,D,1,"Chennai Institute of Technology",Active
3384,"Arjun Reddy",EEE,1,Male,2006-06-19,AB+,9033959733,arjun3384@cit.edu.in,"56 Gandhi Road",Mumbai,West Bengal,622866,"Rohan Reddy",9750459644,2025,D,2,"Chennai Institute of Technology",Active
3385,"Vikram Singh",AIML,3,Male,2002-10-01,A+,9295032535,vikram3385@cit.edu.in,"39 Gandhi Road",Chennai,Telangana,690080,"Sanya Singh",9628413961,2023,A,5,"Chennai Institute of Technology",Active
3386,"Kavya Kumar",MECH,2,Female,2005-10-01,A+,9455669299,kavya3386@cit.edu.in,"52 Gandhi Road",Delhi,West Bengal,621736,"Varun Kumar",9048746193,2024,A,4,"Chennai Institute of Technology",Active
3387,"Diya Gupta",AIML,1,Female,2006-07-17,AB-,9242166371,diya3387@cit.edu.in,"18 Gandhi Road",Mumbai,Tamil Nadu,632995,"Varun Gupta",9458401413,2025,B,1,"Chennai Institute of Technology",Active
3388,"Neha Reddy",CIVIL,2,Female,2002-11-10,B+,9596430438,neha3388@cit.edu.in,"63 Gandhi Road",Chennai,Maharashtra,624001,"Pooja Reddy",9821283690,2024,C,3,"Chennai Institute of Technology",Active
3389,"Vikram Kumar",EEE,3,Female,2006-11-09,A+,9793875705,vikram3389@cit.edu.in,"22 Gandhi Road",Hyderabad,Maharashtra,686168,"Varun Kumar",9055940000,2023,D,6,"Chennai Institute of Technology",Active
3390,"Meera Singh",CIVIL,4,Female,2002-04-16,O-,9350575989,meera3390@cit.edu.in,"53 Gandhi Road",Chennai,Telangana,614795,"Aarav Singh",9177263278,2022,B,8,"Chennai Institute of Technology",Active
3391,"Rohan Patel",CIVIL,4,Female,2006-12-01,O-,9835108217,rohan3391@cit.edu.in,"75 Gandhi Road",Pune,West Bengal,686358,"Ananya Patel",9541334616,2022,A,8,"Chennai Institute of Technology",Active
3392,"Aditya Mehta",AIML,2,Female,2003-02-13,A-,9310015723,aditya3392@cit.edu.in,"36 Gandhi Road",Delhi,West Bengal,681162,"Ananya Mehta",9981837400,2024,C,3,"Chennai Institute of Technology",Active
3393,"Neha Kumar",IT,2,Male,2002-05-19,A-,9741397066,neha3393@cit.edu.in,"54 Gandhi Road",Delhi,Karnataka,628209,"Neha Kumar",9479310799,2024,B,3,"Chennai Institute of Technology",Active
3394,"Sanya Mehta",AIML,3,Male,2002-02-12,O+,9370067340,sanya3394@cit.edu.in,"67 Gandhi Road",Mumbai,Delhi,626483,"Sanya Mehta",9454767946,2023,B,6,"Chennai Institute of Technology",Active
3395,"Varun Joshi",EEE,1,Female,2002-05-15,O-,9768471067,varun3395@cit.edu.in,"65 Gandhi Road",Bengaluru,West Bengal,619156,"Meera Joshi",9545121062,2025,B,2,"Chennai Institute of Technology",Active
3396,"Priya Gupta",AIML,1,Male,2004-12-01,AB+,9009095745,priya3396@cit.edu.in,"32 Gandhi Road",Kolkata,Delhi,685632,"Rohan Gupta",9899969908,2025,B,1,"Chennai Institute of Technology",Active
3397,"Diya Singh",ECE,1,Male,2006-02-21,A-,9286172534,diya3397@cit.edu.in,"68 Gandhi Road",Kolkata,Tamil Nadu,617039,"Aarav Singh",9921822989,2025,C,2,"Chennai Institute of Technology",Active
3398,"Kavya Nair",CIVIL,4,Male,2006-01-25,B-,9091830673,kavya3398@cit.edu.in,"32 Gandhi Road",Pune,Delhi,603536,"Meera Nair",9129334907,2022,B,7,"Chennai Institute of Technology",Active
3399,"Sanya Nair",AIDS,4,Female,2006-12-27,A-,9050083885,sanya3399@cit.edu.in,"75 Gandhi Road",Bengaluru,Tamil Nadu,684371,"Vikram Nair",9156306563,2022,A,7,"Chennai Institute of Technology",Active
3400,"Aditya Sharma",CSE,4,Male,2006-09-02,O-,9651809844,aditya3400@cit.edu.in,"71 Gandhi Road",Delhi,Maharashtra,655985,"Sanya Sharma",9811097417,2022,A,7,"Chennai Institute of Technology",Active
3401,"Kavya Singh",ECE,4,Female,2006-02-13,AB-,9875548046,kavya3401@cit.edu.in,"70 Gandhi Road",Pune,Delhi,698469,"Varun Singh",9090985947,2022,A,8,"Chennai Institute of Technology",Active
3402,"Rahul Chopra",CIVIL,1,Female,2005-01-19,O-,9856240942,rahul3402@cit.edu.in,"19 Gandhi Road",Chennai,Karnataka,602752,"Aarav Chopra",9582861776,2025,C,2,"Chennai Institute of Technology",Active
3403,"Varun Chopra",CSE,2,Male,2003-10-15,A-,9798133593,varun3403@cit.edu.in,"90 Gandhi Road",Chennai,Telangana,659005,"Aditya Chopra",9894502889,2024,D,4,"Chennai Institute of Technology",Active
3404,"Karan Joshi",AIDS,4,Male,2002-07-20,A+,9982446138,karan3404@cit.edu.in,"48 Gandhi Road",Bengaluru,Maharashtra,633630,"Aarav Joshi",9431188200,2022,C,8,"Chennai Institute of Technology",Active
3405,"Neha Rao",CSE,2,Female,2003-10-28,A+,9794508959,neha3405@cit.edu.in,"57 Gandhi Road",Chennai,West Bengal,631740,"Karan Rao",9396948120,2024,C,3,"Chennai Institute of Technology",Active
3406,"Aarav Sharma",MECH,3,Female,2006-12-18,O-,9908656471,aarav3406@cit.edu.in,"54 Gandhi Road",Kolkata,Karnataka,688118,"Meera Sharma",9512839224,2023,D,5,"Chennai Institute of Technology",Active
3407,"Aditya Nair",AIML,2,Male,2005-07-20,AB-,9148052577,aditya3407@cit.edu.in,"82 Gandhi Road",Delhi,Karnataka,653449,"Priya Nair",9062616851,2024,A,3,"Chennai Institute of Technology",Active
3408,"Priya Patel",MECH,2,Male,2003-08-28,B-,9019430445,priya3408@cit.edu.in,"52 Gandhi Road",Delhi,West Bengal,696823,"Priya Patel",9215656346,2024,C,3,"Chennai Institute of Technology",Active
3409,"Arjun Nair",ECE,2,Female,2003-10-07,A-,9698556743,arjun3409@cit.edu.in,"53 Gandhi Road",Bengaluru,Maharashtra,617379,"Sanya Nair",9622322253,2024,A,3,"Chennai Institute of Technology",Active
3410,"Priya Reddy",CIVIL,4,Female,2002-09-22,B+,9617064273,priya3410@cit.edu.in,"52 Gandhi Road",Delhi,West Bengal,639682,"Neha Reddy",9612958794,2022,A,8,"Chennai Institute of Technology",Active
3411,"Rahul Joshi",AIDS,2,Female,2006-10-05,O-,9948931698,rahul3411@cit.edu.in,"69 Gandhi Road",Hyderabad,Tamil Nadu,647999,"Rahul Joshi",9623271709,2024,C,4,"Chennai Institute of Technology",Active
3412,"Ananya Chopra",MECH,4,Female,2003-11-15,B+,9730765667,ananya3412@cit.edu.in,"51 Gandhi Road",Mumbai,Tamil Nadu,642480,"Karan Chopra",9982056408,2022,D,8,"Chennai Institute of Technology",Active
3413,"Ananya Joshi",AIDS,3,Female,2003-03-03,O+,9841062509,ananya3413@cit.edu.in,"34 Gandhi Road",Kolkata,Tamil Nadu,617325,"Sanya Joshi",9879024972,2023,A,6,"Chennai Institute of Technology",Active
3414,"Pooja Rao",AIDS,3,Male,2005-05-20,AB+,9048399060,pooja3414@cit.edu.in,"40 Gandhi Road",Kolkata,Telangana,659309,"Arjun Rao",9818253764,2023,B,5,"Chennai Institute of Technology",Active
3415,"Varun Kumar",ECE,3,Male,2004-07-12,B-,9003073598,varun3415@cit.edu.in,"30 Gandhi Road",Chennai,West Bengal,636617,"Sanya Kumar",9189832762,2023,D,6,"Chennai Institute of Technology",Active
3416,"Aditya Gupta",ECE,1,Male,2003-06-24,A-,9059361478,aditya3416@cit.edu.in,"54 Gandhi Road",Hyderabad,West Bengal,620358,"Sanya Gupta",9012227515,2025,A,2,"Chennai Institute of Technology",Active
3417,"Rahul Rao",IT,3,Female,2003-06-13,O-,9817743003,rahul3417@cit.edu.in,"99 Gandhi Road",Hyderabad,Delhi,699948,"Meera Rao",9004040492,2023,C,5,"Chennai Institute of Technology",Active
3418,"Priya Sharma",CSE,3,Male,2006-03-02,B-,9779435791,priya3418@cit.edu.in,"91 Gandhi Road",Kolkata,Delhi,625214,"Sanya Sharma",9722928747,2023,A,5,"Chennai Institute of Technology",Active
3419,"Meera Chopra",CIVIL,1,Female,2005-01-18,AB-,9453922105,meera3419@cit.edu.in,"26 Gandhi Road",Bengaluru,Tamil Nadu,687797,"Rahul Chopra",9533316916,2025,D,1,"Chennai Institute of Technology",Active
3420,"Kavya Patel",ECE,4,Male,2004-07-20,O+,9294574423,kavya3420@cit.edu.in,"10 Gandhi Road",Bengaluru,West Bengal,611449,"Meera Patel",9870044421,2022,D,8,"Chennai Institute of Technology",Active
3421,"Priya Sharma",CIVIL,1,Male,2004-05-03,A+,9986079807,priya3421@cit.edu.in,"86 Gandhi Road",Mumbai,West Bengal,686652,"Meera Sharma",9048758460,2025,B,2,"Chennai Institute of Technology",Active
3422,"Varun Patel",AIML,3,Male,2003-09-05,O+,9957795680,varun3422@cit.edu.in,"75 Gandhi Road",Bengaluru,Delhi,629409,"Aditya Patel",9473008976,2023,B,6,"Chennai Institute of Technology",Active
3423,"Pooja Joshi",AIDS,3,Male,2005-04-27,AB-,9275797465,pooja3423@cit.edu.in,"89 Gandhi Road",Pune,Tamil Nadu,603768,"Varun Joshi",9510202544,2023,A,5,"Chennai Institute of Technology",Active
3424,"Aditya Patel",AIML,3,Male,2004-03-11,B+,9046010469,aditya3424@cit.edu.in,"79 Gandhi Road",Mumbai,Delhi,695773,"Neha Patel",9929021049,2023,A,5,"Chennai Institute of Technology",Active
3425,"Neha Nair",AIDS,3,Female,2004-08-01,A-,9389891398,neha3425@cit.edu.in,"24 Gandhi Road",Kolkata,Tamil Nadu,667628,"Diya Nair",9108933496,2023,B,5,"Chennai Institute of Technology",Active
3426,"Meera Sharma",AIDS,4,Female,2005-06-14,A+,9531215373,meera3426@cit.edu.in,"22 Gandhi Road",Pune,Karnataka,616015,"Priya Sharma",9730125426,2022,C,8,"Chennai Institute of Technology",Active
3427,"Meera Chopra",ECE,3,Male,2004-06-09,B+,9955166316,meera3427@cit.edu.in,"94 Gandhi Road",Hyderabad,Delhi,620950,"Aditya Chopra",9458937604,2023,D,6,"Chennai Institute of Technology",Active
3428,"Rohan Rao",CSE,1,Male,2005-01-27,AB-,9325725875,rohan3428@cit.edu.in,"43 Gandhi Road",Chennai,Karnataka,615823,"Aarav Rao",9216860941,2025,A,2,"Chennai Institute of Technology",Active
3429,"Rahul Rao",CIVIL,2,Female,2003-06-03,A+,9461622222,rahul3429@cit.edu.in,"43 Gandhi Road",Mumbai,Telangana,639005,"Aarav Rao",9890418245,2024,D,4,"Chennai Institute of Technology",Active
3430,"Neha Nair",EEE,4,Male,2003-11-06,B+,9724554758,neha3430@cit.edu.in,"77 Gandhi Road",Pune,Karnataka,600034,"Karan Nair",9117381626,2022,B,7,"Chennai Institute of Technology",Active
3431,"Sanya Sharma",IT,1,Male,2004-05-26,B-,9248661658,sanya3431@cit.edu.in,"59 Gandhi Road",Hyderabad,Telangana,619472,"Diya Sharma",9050897965,2025,A,2,"Chennai Institute of Technology",Active
3432,"Rohan Joshi",EEE,1,Female,2004-05-01,B-,9323138783,rohan3432@cit.edu.in,"14 Gandhi Road",Kolkata,Delhi,632108,"Aditya Joshi",9890993420,2025,A,2,"Chennai Institute of Technology",Active
3433,"Pooja Joshi",AIDS,1,Male,2003-10-03,AB-,9779066779,pooja3433@cit.edu.in,"59 Gandhi Road",Kolkata,West Bengal,620993,"Rohan Joshi",9831349272,2025,A,1,"Chennai Institute of Technology",Active
3434,"Sanya Kumar",MECH,4,Female,2004-04-28,AB+,9632473897,sanya3434@cit.edu.in,"96 Gandhi Road",Hyderabad,Telangana,654126,"Diya Kumar",9700178365,2022,B,8,"Chennai Institute of Technology",Active
3435,"Priya Mehta",MECH,2,Female,2004-05-03,O-,9574569499,priya3435@cit.edu.in,"32 Gandhi Road",Bengaluru,Delhi,609181,"Diya Mehta",9643571877,2024,C,3,"Chennai Institute of Technology",Active
3436,"Ananya Nair",AIML,4,Male,2004-06-22,O+,9802436798,ananya3436@cit.edu.in,"83 Gandhi Road",Kolkata,Telangana,691867,"Neha Nair",9589068897,2022,B,8,"Chennai Institute of Technology",Active
3437,"Sanya Rao",ECE,2,Female,2004-04-12,O+,9147858392,sanya3437@cit.edu.in,"29 Gandhi Road",Mumbai,Karnataka,644467,"Rahul Rao",9760660959,2024,C,4,"Chennai Institute of Technology",Active
3438,"Meera Mehta",CIVIL,4,Male,2004-05-11,A+,9257617302,meera3438@cit.edu.in,"14 Gandhi Road",Mumbai,Tamil Nadu,656157,"Karan Mehta",9886222278,2022,D,8,"Chennai Institute of Technology",Active
3439,"Pooja Patel",IT,1,Male,2005-08-07,O-,9537041433,pooja3439@cit.edu.in,"50 Gandhi Road",Mumbai,Telangana,664487,"Vikram Patel",9336496729,2025,A,2,"Chennai Institute of Technology",Active
3440,"Rahul Chopra",IT,3,Female,2006-08-14,AB+,9565008044,rahul3440@cit.edu.in,"27 Gandhi Road",Hyderabad,Telangana,664049,"Diya Chopra",9548617386,2023,B,6,"Chennai Institute of Technology",Active
3441,"Karan Gupta",MECH,4,Female,2004-03-21,B-,9234587267,karan3441@cit.edu.in,"81 Gandhi Road",Delhi,Telangana,695984,"Vikram Gupta",9766794147,2022,C,8,"Chennai Institute of Technology",Active
3442,"Meera Joshi",MECH,1,Female,2004-08-11,O+,9588276841,meera3442@cit.edu.in,"75 Gandhi Road",Bengaluru,Tamil Nadu,612676,"Aarav Joshi",9660346186,2025,A,1,"Chennai Institute of Technology",Active
3443,"Pooja Kumar",ECE,4,Female,2006-10-04,B-,9184633292,pooja3443@cit.edu.in,"38 Gandhi Road",Chennai,Delhi,617514,"Varun Kumar",9775987137,2022,D,7,"Chennai Institute of Technology",Active
3444,"Sanya Joshi",MECH,1,Male,2002-03-06,AB-,9689533269,sanya3444@cit.edu.in,"33 Gandhi Road",Delhi,Delhi,667043,"Priya Joshi",9530663002,2025,D,1,"Chennai Institute of Technology",Active
3445,"Varun Sharma",AIDS,1,Female,2006-08-13,A+,9637820888,varun3445@cit.edu.in,"47 Gandhi Road",Kolkata,Telangana,692419,"Varun Sharma",9421003682,2025,B,2,"Chennai Institute of Technology",Active
3446,"Sanya Patel",CSE,1,Male,2004-06-10,A-,9093888701,sanya3446@cit.edu.in,"70 Gandhi Road",Bengaluru,West Bengal,628425,"Varun Patel",9974869868,2025,D,1,"Chennai Institute of Technology",Active
3447,"Priya Gupta",MECH,1,Female,2003-10-02,B+,9640450314,priya3447@cit.edu.in,"10 Gandhi Road",Chennai,Tamil Nadu,649167,"Ananya Gupta",9555517644,2025,D,1,"Chennai Institute of Technology",Active
3448,"Rohan Kumar",CIVIL,1,Male,2003-11-23,A+,9948268054,rohan3448@cit.edu.in,"64 Gandhi Road",Bengaluru,Telangana,673956,"Karan Kumar",9710487945,2025,C,2,"Chennai Institute of Technology",Active
3449,"Kavya Patel",CSE,4,Male,2002-09-24,A+,9748829728,kavya3449@cit.edu.in,"60 Gandhi Road",Hyderabad,Karnataka,682955,"Kavya Patel",9611066150,2022,D,7,"Chennai Institute of Technology",Active
3450,"Neha Singh",AIML,1,Male,2005-05-09,AB-,9999912250,neha3450@cit.edu.in,"99 Gandhi Road",Hyderabad,Telangana,620631,"Varun Singh",9961713774,2025,D,2,"Chennai Institute of Technology",Active
3451,"Meera Gupta",MECH,2,Female,2006-07-22,B+,9915534234,meera3451@cit.edu.in,"58 Gandhi Road",Bengaluru,Delhi,663589,"Neha Gupta",9466220687,2024,D,4,"Chennai Institute of Technology",Active
3452,"Aditya Verma",AIDS,4,Female,2005-06-08,A+,9459515953,aditya3452@cit.edu.in,"43 Gandhi Road",Delhi,Karnataka,682100,"Diya Verma",9370279650,2022,B,7,"Chennai Institute of Technology",Active
3453,"Sanya Singh",EEE,1,Female,2006-02-03,AB-,9920570702,sanya3453@cit.edu.in,"61 Gandhi Road",Mumbai,Delhi,638817,"Sanya Singh",9874432331,2025,A,2,"Chennai Institute of Technology",Active
3454,"Aarav Sharma",ECE,2,Female,2004-03-13,O+,9713963381,aarav3454@cit.edu.in,"22 Gandhi Road",Chennai,Karnataka,642222,"Arjun Sharma",9885881096,2024,A,3,"Chennai Institute of Technology",Active
3455,"Varun Gupta",AIDS,2,Female,2003-05-11,O-,9495978181,varun3455@cit.edu.in,"37 Gandhi Road",Pune,Maharashtra,698369,"Ananya Gupta",9929800245,2024,B,3,"Chennai Institute of Technology",Active
3456,"Rohan Sharma",CSE,4,Female,2006-02-04,A-,9959902854,rohan3456@cit.edu.in,"98 Gandhi Road",Chennai,Delhi,680631,"Diya Sharma",9841431240,2022,A,7,"Chennai Institute of Technology",Active
3457,"Sanya Rao",CIVIL,2,Female,2002-02-07,A-,9706900900,sanya3457@cit.edu.in,"11 Gandhi Road",Bengaluru,Delhi,612238,"Neha Rao",9928950576,2024,A,4,"Chennai Institute of Technology",Active
3458,"Karan Kumar",EEE,1,Male,2002-02-22,A-,9587909330,karan3458@cit.edu.in,"22 Gandhi Road",Chennai,Maharashtra,666209,"Kavya Kumar",9699805753,2025,D,2,"Chennai Institute of Technology",Active
3459,"Kavya Gupta",AIML,3,Female,2005-09-26,O-,9497761160,kavya3459@cit.edu.in,"61 Gandhi Road",Bengaluru,Delhi,686481,"Aarav Gupta",9004415394,2023,C,6,"Chennai Institute of Technology",Active
3460,"Arjun Chopra",IT,1,Male,2005-01-13,O+,9502180829,arjun3460@cit.edu.in,"97 Gandhi Road",Hyderabad,West Bengal,603300,"Pooja Chopra",9934240485,2025,A,2,"Chennai Institute of Technology",Active
3461,"Sanya Mehta",CIVIL,3,Male,2003-02-12,O-,9943990698,sanya3461@cit.edu.in,"23 Gandhi Road",Delhi,Karnataka,696288,"Rahul Mehta",9908539675,2023,A,5,"Chennai Institute of Technology",Active
3462,"Meera Joshi",CSE,4,Female,2005-11-28,O-,9596841840,meera3462@cit.edu.in,"79 Gandhi Road",Pune,Karnataka,633459,"Varun Joshi",9836622887,2022,D,7,"Chennai Institute of Technology",Active
3463,"Diya Chopra",IT,1,Male,2005-08-09,B-,9723709144,diya3463@cit.edu.in,"33 Gandhi Road",Hyderabad,Telangana,681112,"Kavya Chopra",9432151043,2025,A,2,"Chennai Institute of Technology",Active
3464,"Rohan Verma",ECE,4,Female,2006-11-01,O-,9151493743,rohan3464@cit.edu.in,"51 Gandhi Road",Hyderabad,Delhi,691412,"Priya Verma",9102888255,2022,D,8,"Chennai Institute of Technology",Active
3465,"Karan Reddy",ECE,1,Male,2002-02-03,O-,9759366429,karan3465@cit.edu.in,"98 Gandhi Road",Pune,Tamil Nadu,652328,"Diya Reddy",9623102870,2025,A,1,"Chennai Institute of Technology",Active
3466,"Meera Singh",CIVIL,1,Female,2003-06-02,AB-,9865737419,meera3466@cit.edu.in,"23 Gandhi Road",Kolkata,Tamil Nadu,662228,"Vikram Singh",9005639573,2025,C,2,"Chennai Institute of Technology",Active
3467,"Rohan Kumar",CSE,1,Male,2004-03-07,O-,9147361382,rohan3467@cit.edu.in,"20 Gandhi Road",Hyderabad,Karnataka,654686,"Pooja Kumar",9877119244,2025,C,2,"Chennai Institute of Technology",Active
3468,"Aditya Reddy",ECE,1,Female,2003-02-04,A-,9819591618,aditya3468@cit.edu.in,"65 Gandhi Road",Chennai,Delhi,653022,"Diya Reddy",9129318505,2025,D,2,"Chennai Institute of Technology",Active
3469,"Arjun Verma",ECE,1,Female,2006-11-13,A+,9080833586,arjun3469@cit.edu.in,"29 Gandhi Road",Bengaluru,Karnataka,615940,"Kavya Verma",9529084440,2025,D,2,"Chennai Institute of Technology",Active
3470,"Pooja Kumar",IT,4,Male,2006-02-21,AB+,9821073182,pooja3470@cit.edu.in,"59 Gandhi Road",Kolkata,West Bengal,644800,"Diya Kumar",9460639784,2022,C,7,"Chennai Institute of Technology",Active
3471,"Ananya Chopra",AIDS,2,Female,2006-12-28,O-,9132697969,ananya3471@cit.edu.in,"89 Gandhi Road",Pune,Tamil Nadu,643876,"Vikram Chopra",9809525711,2024,D,3,"Chennai Institute of Technology",Active
3472,"Rahul Kumar",AIDS,1,Male,2003-06-27,O-,9202719196,rahul3472@cit.edu.in,"52 Gandhi Road",Chennai,Telangana,670425,"Ananya Kumar",9032251505,2025,B,1,"Chennai Institute of Technology",Active
3473,"Pooja Kumar",CSE,1,Female,2005-10-12,A-,9423702034,pooja3473@cit.edu.in,"73 Gandhi Road",Bengaluru,Delhi,618177,"Karan Kumar",9789256107,2025,C,2,"Chennai Institute of Technology",Active
3474,"Kavya Chopra",CSE,1,Female,2003-11-18,AB-,9436415171,kavya3474@cit.edu.in,"93 Gandhi Road",Bengaluru,Maharashtra,691814,"Vikram Chopra",9543601215,2025,C,1,"Chennai Institute of Technology",Active
3475,"Rohan Sharma",ECE,2,Male,2003-11-01,AB+,9191232751,rohan3475@cit.edu.in,"30 Gandhi Road",Hyderabad,Maharashtra,657339,"Diya Sharma",9138923421,2024,A,3,"Chennai Institute of Technology",Active
3476,"Vikram Patel",ECE,2,Male,2003-06-12,A-,9976541129,vikram3476@cit.edu.in,"36 Gandhi Road",Mumbai,Delhi,606347,"Pooja Patel",9821168919,2024,A,4,"Chennai Institute of Technology",Active
3477,"Diya Chopra",CIVIL,2,Male,2003-02-15,A+,9442437031,diya3477@cit.edu.in,"30 Gandhi Road",Pune,Maharashtra,642316,"Karan Chopra",9275845365,2024,B,3,"Chennai Institute of Technology",Active
3478,"Neha Gupta",AIDS,3,Female,2006-02-22,AB-,9278593840,neha3478@cit.edu.in,"88 Gandhi Road",Kolkata,Delhi,680477,"Aditya Gupta",9930133435,2023,B,6,"Chennai Institute of Technology",Active
3479,"Vikram Nair",ECE,4,Male,2005-04-22,A+,9048888703,vikram3479@cit.edu.in,"48 Gandhi Road",Kolkata,Tamil Nadu,647506,"Neha Nair",9923512095,2022,C,8,"Chennai Institute of Technology",Active
3480,"Neha Singh",AIML,1,Female,2002-11-24,A-,9115756198,neha3480@cit.edu.in,"21 Gandhi Road",Kolkata,Telangana,611853,"Sanya Singh",9307138100,2025,C,2,"Chennai Institute of Technology",Active
3481,"Sanya Verma",CIVIL,2,Male,2006-09-11,O-,9934082962,sanya3481@cit.edu.in,"90 Gandhi Road",Delhi,Tamil Nadu,696956,"Pooja Verma",9215712138,2024,B,3,"Chennai Institute of Technology",Active
3482,"Pooja Rao",CSE,2,Male,2004-10-03,A+,9760859897,pooja3482@cit.edu.in,"76 Gandhi Road",Bengaluru,Telangana,603773,"Sanya Rao",9299989006,2024,D,3,"Chennai Institute of Technology",Active
3483,"Vikram Patel",AIML,4,Male,2005-05-26,O+,9211508370,vikram3483@cit.edu.in,"24 Gandhi Road",Pune,Telangana,621562,"Aarav Patel",9334245545,2022,A,7,"Chennai Institute of Technology",Active
3484,"Sanya Mehta",ECE,2,Male,2004-05-19,AB+,9241645686,sanya3484@cit.edu.in,"96 Gandhi Road",Hyderabad,Maharashtra,650067,"Ananya Mehta",9615327395,2024,C,4,"Chennai Institute of Technology",Active
3485,"Aditya Mehta",AIDS,2,Female,2003-05-05,B+,9046873147,aditya3485@cit.edu.in,"97 Gandhi Road",Chennai,Telangana,661285,"Karan Mehta",9512841234,2024,A,4,"Chennai Institute of Technology",Active
3486,"Karan Chopra",AIML,2,Male,2002-06-24,AB+,9221749215,karan3486@cit.edu.in,"10 Gandhi Road",Kolkata,Tamil Nadu,659217,"Ananya Chopra",9661868943,2024,B,3,"Chennai Institute of Technology",Active
3487,"Vikram Chopra",IT,2,Male,2005-05-16,B-,9853832789,vikram3487@cit.edu.in,"25 Gandhi Road",Mumbai,Karnataka,613050,"Ananya Chopra",9375332803,2024,A,4,"Chennai Institute of Technology",Active
3488,"Sanya Singh",CSE,3,Male,2003-10-14,A+,9969186822,sanya3488@cit.edu.in,"82 Gandhi Road",Mumbai,West Bengal,617906,"Rohan Singh",9829590850,2023,A,6,"Chennai Institute of Technology",Active
3489,"Sanya Patel",CSE,1,Female,2003-07-05,A+,9764385123,sanya3489@cit.edu.in,"61 Gandhi Road",Mumbai,Tamil Nadu,638543,"Kavya Patel",9738194564,2025,D,2,"Chennai Institute of Technology",Active
3490,"Aditya Patel",AIML,3,Female,2004-09-12,O-,9228256180,aditya3490@cit.edu.in,"66 Gandhi Road",Kolkata,West Bengal,655206,"Meera Patel",9964256230,2023,A,5,"Chennai Institute of Technology",Active
3491,"Ananya Patel",CSE,2,Female,2004-03-13,B+,9114797927,ananya3491@cit.edu.in,"98 Gandhi Road",Pune,Delhi,622916,"Aarav Patel",9312316095,2024,B,4,"Chennai Institute of Technology",Active
3492,"Sanya Mehta",CIVIL,3,Female,2003-07-22,A+,9844868402,sanya3492@cit.edu.in,"28 Gandhi Road",Delhi,Tamil Nadu,623002,"Rahul Mehta",9586113091,2023,B,5,"Chennai Institute of Technology",Active
3493,"Varun Reddy",EEE,4,Male,2006-05-05,O-,9109548139,varun3493@cit.edu.in,"11 Gandhi Road",Mumbai,Karnataka,677324,"Ananya Reddy",9330054337,2022,B,7,"Chennai Institute of Technology",Active
3494,"Aarav Chopra",EEE,4,Male,2004-10-02,AB-,9669716310,aarav3494@cit.edu.in,"49 Gandhi Road",Hyderabad,Delhi,688011,"Arjun Chopra",9209623886,2022,A,8,"Chennai Institute of Technology",Active
3495,"Vikram Verma",MECH,3,Female,2003-04-18,B+,9224013955,vikram3495@cit.edu.in,"86 Gandhi Road",Pune,Karnataka,605919,"Rohan Verma",9437236623,2023,B,6,"Chennai Institute of Technology",Active
3496,"Pooja Patel",ECE,2,Female,2002-07-17,AB+,9620158603,pooja3496@cit.edu.in,"97 Gandhi Road",Mumbai,Telangana,647043,"Varun Patel",9181174374,2024,B,3,"Chennai Institute of Technology",Active
3497,"Arjun Singh",CIVIL,3,Male,2003-11-18,O-,9101095395,arjun3497@cit.edu.in,"93 Gandhi Road",Hyderabad,Karnataka,648730,"Kavya Singh",9396723094,2023,D,6,"Chennai Institute of Technology",Active
3498,"Ananya Verma",IT,3,Female,2002-02-09,AB-,9228381714,ananya3498@cit.edu.in,"38 Gandhi Road",Mumbai,West Bengal,613653,"Varun Verma",9382762731,2023,A,5,"Chennai Institute of Technology",Active
3499,"Varun Singh",AIDS,3,Female,2003-02-16,O+,9959337839,varun3499@cit.edu.in,"19 Gandhi Road",Bengaluru,Delhi,688040,"Varun Singh",9745602208,2023,A,6,"Chennai Institute of Technology",Active
3500,"Kavya Singh",ECE,4,Male,2005-09-25,B+,9597586980,kavya3500@cit.edu.in,"70 Gandhi Road",Delhi,Maharashtra,669538,"Sanya Singh",9146677210,2022,A,7,"Chennai Institute of Technology",Active
3501,"Meera Reddy",IT,4,Female,2004-09-25,B-,9442463468,meera3501@cit.edu.in,"97 Gandhi Road",Pune,Telangana,632995,"Arjun Reddy",9067198614,2022,D,8,"Chennai Institute of Technology",Active
3502,"Pooja Nair",CIVIL,3,Male,2006-03-07,O+,9264936506,pooja3502@cit.edu.in,"90 Gandhi Road",Bengaluru,West Bengal,604771,"Ananya Nair",9515961831,2023,C,6,"Chennai Institute of Technology",Active
3503,"Vikram Singh",EEE,4,Male,2004-07-14,A-,9938339908,vikram3503@cit.edu.in,"82 Gandhi Road",Bengaluru,Telangana,620316,"Neha Singh",9292957683,2022,B,8,"Chennai Institute of Technology",Active
3504,"Ananya Nair",AIDS,1,Male,2006-12-08,AB+,9759824161,ananya3504@cit.edu.in,"24 Gandhi Road",Hyderabad,Karnataka,635882,"Neha Nair",9752338920,2025,B,2,"Chennai Institute of Technology",Active
3505,"Meera Chopra",AIML,3,Female,2002-02-10,AB+,9082315294,meera3505@cit.edu.in,"68 Gandhi Road",Chennai,Telangana,646143,"Priya Chopra",9650878837,2023,A,6,"Chennai Institute of Technology",Active
3506,"Karan Verma",MECH,4,Male,2004-08-26,A+,9364354193,karan3506@cit.edu.in,"22 Gandhi Road",Kolkata,Tamil Nadu,647782,"Aarav Verma",9556817642,2022,B,7,"Chennai Institute of Technology",Active
3507,"Priya Singh",EEE,3,Female,2003-09-01,AB-,9793426095,priya3507@cit.edu.in,"74 Gandhi Road",Hyderabad,Karnataka,603879,"Rahul Singh",9346492432,2023,B,5,"Chennai Institute of Technology",Active
3508,"Rahul Joshi",MECH,4,Male,2006-10-25,O+,9127953855,rahul3508@cit.edu.in,"44 Gandhi Road",Delhi,Delhi,695150,"Meera Joshi",9104083163,2022,C,7,"Chennai Institute of Technology",Active
3509,"Rohan Patel",MECH,4,Female,2005-01-12,O+,9805946018,rohan3509@cit.edu.in,"19 Gandhi Road",Pune,Karnataka,634577,"Meera Patel",9360235114,2022,C,7,"Chennai Institute of Technology",Active
3510,"Kavya Mehta",EEE,1,Male,2002-05-02,AB-,9907295398,kavya3510@cit.edu.in,"92 Gandhi Road",Kolkata,West Bengal,603879,"Sanya Mehta",9701217911,2025,B,2,"Chennai Institute of Technology",Active
3511,"Ananya Patel",CSE,2,Male,2006-04-14,AB+,9157249338,ananya3511@cit.edu.in,"78 Gandhi Road",Delhi,Delhi,619077,"Sanya Patel",9252961544,2024,B,4,"Chennai Institute of Technology",Active
3512,"Aditya Mehta",ECE,1,Male,2002-08-24,B+,9642851715,aditya3512@cit.edu.in,"96 Gandhi Road",Delhi,Tamil Nadu,639088,"Rohan Mehta",9847132761,2025,A,2,"Chennai Institute of Technology",Active
3513,"Priya Mehta",EEE,3,Male,2006-05-02,AB+,9978083538,priya3513@cit.edu.in,"99 Gandhi Road",Kolkata,Maharashtra,641406,"Aarav Mehta",9429542002,2023,D,6,"Chennai Institute of Technology",Active
3514,"Pooja Singh",AIML,3,Male,2002-02-18,AB+,9125883459,pooja3514@cit.edu.in,"52 Gandhi Road",Pune,Maharashtra,654820,"Aarav Singh",9367796884,2023,A,6,"Chennai Institute of Technology",Active
3515,"Ananya Reddy",EEE,3,Female,2006-01-22,B+,9772870606,ananya3515@cit.edu.in,"51 Gandhi Road",Mumbai,Telangana,631837,"Priya Reddy",9782923843,2023,A,6,"Chennai Institute of Technology",Active
3516,"Neha Reddy",MECH,1,Female,2003-07-03,A-,9644937279,neha3516@cit.edu.in,"11 Gandhi Road",Chennai,Maharashtra,643334,"Rahul Reddy",9802643019,2025,A,2,"Chennai Institute of Technology",Active
3517,"Pooja Gupta",MECH,1,Female,2004-06-27,B-,9295319983,pooja3517@cit.edu.in,"41 Gandhi Road",Pune,Karnataka,631383,"Pooja Gupta",9169611725,2025,A,2,"Chennai Institute of Technology",Active
3518,"Kavya Sharma",EEE,2,Male,2002-07-07,A+,9516864293,kavya3518@cit.edu.in,"88 Gandhi Road",Mumbai,Karnataka,651790,"Rohan Sharma",9000101355,2024,A,4,"Chennai Institute of Technology",Active
3519,"Neha Reddy",AIDS,4,Male,2002-10-01,A-,9125288004,neha3519@cit.edu.in,"97 Gandhi Road",Mumbai,Karnataka,613656,"Arjun Reddy",9408228966,2022,A,8,"Chennai Institute of Technology",Active
3520,"Karan Patel",AIML,1,Female,2005-02-05,B+,9540922374,karan3520@cit.edu.in,"82 Gandhi Road",Kolkata,Tamil Nadu,637807,"Aditya Patel",9069205176,2025,C,1,"Chennai Institute of Technology",Active
3521,"Meera Rao",AIML,1,Male,2002-04-20,O+,9221117269,meera3521@cit.edu.in,"42 Gandhi Road",Kolkata,Telangana,698709,"Karan Rao",9449879481,2025,C,1,"Chennai Institute of Technology",Active
3522,"Diya Nair",EEE,4,Female,2002-08-14,O-,9179835598,diya3522@cit.edu.in,"73 Gandhi Road",Pune,Maharashtra,628631,"Karan Nair",9526418572,2022,D,7,"Chennai Institute of Technology",Active
3523,"Aarav Reddy",CSE,2,Male,2002-07-19,B+,9215721811,aarav3523@cit.edu.in,"78 Gandhi Road",Kolkata,Tamil Nadu,631564,"Karan Reddy",9954806302,2024,B,4,"Chennai Institute of Technology",Active
3524,"Priya Nair",AIML,3,Male,2005-05-20,AB-,9128238515,priya3524@cit.edu.in,"93 Gandhi Road",Pune,Tamil Nadu,692981,"Karan Nair",9745764387,2023,C,5,"Chennai Institute of Technology",Active
3525,"Priya Verma",ECE,3,Male,2004-02-12,O-,9440285640,priya3525@cit.edu.in,"77 Gandhi Road",Delhi,Karnataka,661564,"Diya Verma",9030411305,2023,C,5,"Chennai Institute of Technology",Active
3526,"Neha Singh",AIML,2,Female,2004-07-01,O-,9649724609,neha3526@cit.edu.in,"51 Gandhi Road",Delhi,West Bengal,603269,"Sanya Singh",9014997157,2024,D,4,"Chennai Institute of Technology",Active
3527,"Karan Kumar",EEE,1,Female,2005-06-20,O+,9173985276,karan3527@cit.edu.in,"86 Gandhi Road",Pune,Telangana,623223,"Ananya Kumar",9389728391,2025,B,1,"Chennai Institute of Technology",Active
3528,"Sanya Patel",MECH,3,Male,2005-10-11,B+,9292123669,sanya3528@cit.edu.in,"75 Gandhi Road",Kolkata,Karnataka,637756,"Kavya Patel",9922326302,2023,C,6,"Chennai Institute of Technology",Active
3529,"Priya Mehta",AIML,2,Male,2005-03-04,A-,9023926250,priya3529@cit.edu.in,"69 Gandhi Road",Delhi,West Bengal,643410,"Rahul Mehta",9740582977,2024,C,3,"Chennai Institute of Technology",Active
3530,"Pooja Singh",AIDS,2,Female,2006-04-05,B+,9570974981,pooja3530@cit.edu.in,"92 Gandhi Road",Pune,Maharashtra,600044,"Sanya Singh",9484916492,2024,C,4,"Chennai Institute of Technology",Active
3531,"Kavya Singh",IT,3,Female,2006-04-22,A+,9401442848,kavya3531@cit.edu.in,"43 Gandhi Road",Mumbai,Tamil Nadu,648419,"Varun Singh",9276120968,2023,B,5,"Chennai Institute of Technology",Active
3532,"Kavya Reddy",ECE,1,Female,2005-12-15,B-,9982686698,kavya3532@cit.edu.in,"28 Gandhi Road",Pune,Delhi,645581,"Neha Reddy",9734800085,2025,B,2,"Chennai Institute of Technology",Active
3533,"Kavya Singh",EEE,3,Male,2005-09-02,A-,9366070312,kavya3533@cit.edu.in,"67 Gandhi Road",Pune,Maharashtra,619661,"Diya Singh",9574828306,2023,C,6,"Chennai Institute of Technology",Active
3534,"Diya Mehta",AIDS,2,Male,2002-12-01,O+,9334043022,diya3534@cit.edu.in,"36 Gandhi Road",Bengaluru,West Bengal,648974,"Vikram Mehta",9567383572,2024,A,3,"Chennai Institute of Technology",Active
3535,"Vikram Sharma",AIML,1,Female,2003-05-21,AB-,9536497710,vikram3535@cit.edu.in,"29 Gandhi Road",Kolkata,Telangana,674860,"Varun Sharma",9337378272,2025,B,2,"Chennai Institute of Technology",Active
3536,"Karan Sharma",IT,2,Male,2002-05-23,A+,9452431938,karan3536@cit.edu.in,"44 Gandhi Road",Bengaluru,Tamil Nadu,615893,"Aarav Sharma",9518084953,2024,C,4,"Chennai Institute of Technology",Active
3537,"Kavya Reddy",MECH,2,Male,2003-05-27,A+,9126230036,kavya3537@cit.edu.in,"79 Gandhi Road",Delhi,Karnataka,659665,"Rohan Reddy",9621804824,2024,D,4,"Chennai Institute of Technology",Active
3538,"Aarav Singh",IT,4,Male,2003-06-20,A+,9775578188,aarav3538@cit.edu.in,"64 Gandhi Road",Pune,Telangana,635999,"Arjun Singh",9610537015,2022,C,7,"Chennai Institute of Technology",Active
3539,"Ananya Singh",MECH,1,Female,2003-10-06,AB+,9731827758,ananya3539@cit.edu.in,"83 Gandhi Road",Pune,Maharashtra,617107,"Vikram Singh",9638124159,2025,D,2,"Chennai Institute of Technology",Active
3540,"Karan Mehta",EEE,2,Female,2005-08-13,AB+,9794719383,karan3540@cit.edu.in,"38 Gandhi Road",Hyderabad,Maharashtra,688207,"Pooja Mehta",9174158461,2024,D,3,"Chennai Institute of Technology",Active
3541,"Neha Gupta",CSE,3,Male,2005-12-11,AB-,9578761160,neha3541@cit.edu.in,"82 Gandhi Road",Hyderabad,Tamil Nadu,609305,"Arjun Gupta",9314629010,2023,D,5,"Chennai Institute of Technology",Active
3542,"Sanya Reddy",CIVIL,3,Male,2003-11-21,AB+,9569582246,sanya3542@cit.edu.in,"22 Gandhi Road",Delhi,Karnataka,619568,"Meera Reddy",9779632241,2023,C,6,"Chennai Institute of Technology",Active
3543,"Meera Patel",MECH,3,Female,2002-03-04,AB-,9983424137,meera3543@cit.edu.in,"16 Gandhi Road",Mumbai,Telangana,619877,"Rahul Patel",9358637977,2023,D,6,"Chennai Institute of Technology",Active
3544,"Rohan Mehta",ECE,4,Male,2002-08-16,B+,9142844317,rohan3544@cit.edu.in,"77 Gandhi Road",Chennai,Telangana,654051,"Aditya Mehta",9300134967,2022,A,7,"Chennai Institute of Technology",Active
3545,"Varun Singh",CSE,4,Female,2002-11-18,O+,9414357044,varun3545@cit.edu.in,"36 Gandhi Road",Chennai,West Bengal,618705,"Rohan Singh",9054372895,2022,B,8,"Chennai Institute of Technology",Active
3546,"Aarav Singh",IT,1,Female,2003-09-27,AB-,9852201374,aarav3546@cit.edu.in,"41 Gandhi Road",Delhi,Maharashtra,605566,"Meera Singh",9606716404,2025,C,1,"Chennai Institute of Technology",Active
3547,"Neha Patel",AIDS,2,Female,2005-07-23,A-,9348114523,neha3547@cit.edu.in,"91 Gandhi Road",Kolkata,West Bengal,692293,"Vikram Patel",9329391177,2024,B,4,"Chennai Institute of Technology",Active
3548,"Vikram Rao",AIDS,1,Female,2005-12-08,AB-,9747229240,vikram3548@cit.edu.in,"53 Gandhi Road",Chennai,Karnataka,646070,"Aarav Rao",9150494857,2025,A,1,"Chennai Institute of Technology",Active
3549,"Pooja Patel",AIDS,3,Female,2004-12-10,B+,9594274431,pooja3549@cit.edu.in,"22 Gandhi Road",Bengaluru,Delhi,684668,"Neha Patel",9721632813,2023,D,5,"Chennai Institute of Technology",Active
3550,"Pooja Sharma",CIVIL,4,Male,2004-11-19,B-,9629584238,pooja3550@cit.edu.in,"99 Gandhi Road",Bengaluru,Maharashtra,687477,"Diya Sharma",9665729399,2022,D,8,"Chennai Institute of Technology",Active
3551,"Diya Joshi",IT,1,Male,2006-11-02,O-,9874808881,diya3551@cit.edu.in,"76 Gandhi Road",Delhi,Maharashtra,604685,"Vikram Joshi",9699493462,2025,A,1,"Chennai Institute of Technology",Active
3552,"Karan Chopra",EEE,3,Male,2002-11-11,O-,9971399675,karan3552@cit.edu.in,"44 Gandhi Road",Pune,Maharashtra,692270,"Varun Chopra",9223155960,2023,C,6,"Chennai Institute of Technology",Active
3553,"Aditya Chopra",IT,4,Male,2003-12-23,A+,9007785639,aditya3553@cit.edu.in,"20 Gandhi Road",Chennai,Maharashtra,655297,"Aarav Chopra",9620176948,2022,B,8,"Chennai Institute of Technology",Active
3554,"Vikram Gupta",IT,2,Male,2005-03-02,A-,9839767224,vikram3554@cit.edu.in,"18 Gandhi Road",Bengaluru,Tamil Nadu,654221,"Meera Gupta",9954576794,2024,D,3,"Chennai Institute of Technology",Active
3555,"Priya Verma",MECH,3,Female,2004-05-06,A-,9639622810,priya3555@cit.edu.in,"57 Gandhi Road",Hyderabad,Telangana,648541,"Vikram Verma",9577267540,2023,D,5,"Chennai Institute of Technology",Active
3556,"Vikram Chopra",AIML,4,Male,2006-03-22,A-,9485954352,vikram3556@cit.edu.in,"80 Gandhi Road",Chennai,Karnataka,694877,"Aarav Chopra",9069555085,2022,D,7,"Chennai Institute of Technology",Active
3557,"Meera Verma",EEE,4,Female,2002-06-20,A+,9938428604,meera3557@cit.edu.in,"57 Gandhi Road",Bengaluru,Karnataka,691693,"Varun Verma",9123586146,2022,B,8,"Chennai Institute of Technology",Active
3558,"Kavya Singh",ECE,4,Male,2004-02-21,O-,9645981087,kavya3558@cit.edu.in,"43 Gandhi Road",Hyderabad,Maharashtra,615565,"Priya Singh",9803492351,2022,D,7,"Chennai Institute of Technology",Active
3559,"Aarav Kumar",IT,1,Male,2002-04-14,AB+,9831161851,aarav3559@cit.edu.in,"77 Gandhi Road",Pune,Maharashtra,663290,"Kavya Kumar",9238271229,2025,B,2,"Chennai Institute of Technology",Active
3560,"Rahul Reddy",MECH,2,Male,2004-04-18,AB-,9980170565,rahul3560@cit.edu.in,"88 Gandhi Road",Mumbai,West Bengal,650389,"Kavya Reddy",9669380619,2024,A,4,"Chennai Institute of Technology",Active
3561,"Aditya Patel",MECH,4,Female,2003-08-09,O+,9445634841,aditya3561@cit.edu.in,"26 Gandhi Road",Bengaluru,Maharashtra,633239,"Aditya Patel",9849989661,2022,A,8,"Chennai Institute of Technology",Active
3562,"Rahul Patel",AIDS,4,Female,2002-03-10,A-,9867095059,rahul3562@cit.edu.in,"52 Gandhi Road",Hyderabad,Karnataka,659519,"Kavya Patel",9366491480,2022,A,7,"Chennai Institute of Technology",Active
3563,"Kavya Patel",MECH,1,Male,2002-02-23,O+,9018517390,kavya3563@cit.edu.in,"73 Gandhi Road",Pune,Tamil Nadu,690390,"Varun Patel",9623243932,2025,D,2,"Chennai Institute of Technology",Active
3564,"Aditya Mehta",IT,2,Male,2005-08-20,O+,9468568745,aditya3564@cit.edu.in,"22 Gandhi Road",Pune,Maharashtra,634880,"Rahul Mehta",9177261833,2024,C,3,"Chennai Institute of Technology",Active
3565,"Neha Nair",IT,2,Female,2006-12-28,A+,9053258155,neha3565@cit.edu.in,"89 Gandhi Road",Bengaluru,West Bengal,602418,"Karan Nair",9639641998,2024,C,3,"Chennai Institute of Technology",Active
3566,"Kavya Rao",MECH,2,Female,2004-04-21,B+,9466575387,kavya3566@cit.edu.in,"23 Gandhi Road",Chennai,Telangana,636656,"Kavya Rao",9678517856,2024,C,4,"Chennai Institute of Technology",Active
3567,"Ananya Rao",IT,3,Female,2006-09-05,O+,9461295872,ananya3567@cit.edu.in,"45 Gandhi Road",Chennai,Karnataka,607265,"Aarav Rao",9024526502,2023,B,6,"Chennai Institute of Technology",Active
3568,"Kavya Patel",AIDS,4,Male,2003-10-10,A-,9705450724,kavya3568@cit.edu.in,"75 Gandhi Road",Hyderabad,Karnataka,607100,"Vikram Patel",9447145065,2022,A,7,"Chennai Institute of Technology",Active
3569,"Varun Chopra",ECE,3,Female,2003-03-20,B+,9865650238,varun3569@cit.edu.in,"29 Gandhi Road",Delhi,Delhi,671853,"Kavya Chopra",9124797067,2023,A,6,"Chennai Institute of Technology",Active
3570,"Aditya Nair",EEE,4,Female,2003-11-21,B+,9706876741,aditya3570@cit.edu.in,"64 Gandhi Road",Delhi,Telangana,641902,"Ananya Nair",9472247478,2022,C,7,"Chennai Institute of Technology",Active
3571,"Aarav Gupta",ECE,1,Male,2002-05-17,A+,9282876345,aarav3571@cit.edu.in,"62 Gandhi Road",Hyderabad,Karnataka,632975,"Neha Gupta",9015102532,2025,C,2,"Chennai Institute of Technology",Active
3572,"Varun Rao",ECE,4,Male,2006-07-26,O+,9930861552,varun3572@cit.edu.in,"39 Gandhi Road",Mumbai,Delhi,663423,"Diya Rao",9324802679,2022,A,8,"Chennai Institute of Technology",Active
3573,"Diya Kumar",CIVIL,3,Female,2006-05-28,B-,9589901112,diya3573@cit.edu.in,"62 Gandhi Road",Bengaluru,Telangana,609118,"Diya Kumar",9531025719,2023,D,6,"Chennai Institute of Technology",Active
3574,"Sanya Singh",AIDS,2,Male,2004-03-12,A-,9795203354,sanya3574@cit.edu.in,"20 Gandhi Road",Delhi,Karnataka,632086,"Neha Singh",9981229721,2024,D,3,"Chennai Institute of Technology",Active
3575,"Neha Gupta",ECE,2,Male,2003-02-20,AB-,9628067382,neha3575@cit.edu.in,"20 Gandhi Road",Bengaluru,Telangana,617332,"Aditya Gupta",9597399119,2024,C,4,"Chennai Institute of Technology",Active
3576,"Sanya Patel",EEE,3,Female,2002-10-16,O-,9322256083,sanya3576@cit.edu.in,"42 Gandhi Road",Bengaluru,West Bengal,616735,"Kavya Patel",9803548456,2023,B,6,"Chennai Institute of Technology",Active
3577,"Aarav Nair",MECH,3,Male,2002-09-22,A+,9449030531,aarav3577@cit.edu.in,"75 Gandhi Road",Kolkata,Telangana,623559,"Neha Nair",9071359381,2023,C,6,"Chennai Institute of Technology",Active
3578,"Neha Rao",AIML,4,Male,2006-08-04,B-,9079685985,neha3578@cit.edu.in,"67 Gandhi Road",Chennai,West Bengal,670996,"Karan Rao",9437280110,2022,A,8,"Chennai Institute of Technology",Active
3579,"Priya Kumar",MECH,3,Female,2004-01-01,O-,9327582393,priya3579@cit.edu.in,"81 Gandhi Road",Bengaluru,Telangana,609438,"Priya Kumar",9786057668,2023,B,6,"Chennai Institute of Technology",Active
3580,"Varun Verma",EEE,2,Female,2005-09-06,O-,9227912287,varun3580@cit.edu.in,"10 Gandhi Road",Bengaluru,West Bengal,634535,"Neha Verma",9588162708,2024,B,4,"Chennai Institute of Technology",Active
3581,"Diya Mehta",MECH,2,Female,2006-07-07,A+,9282794287,diya3581@cit.edu.in,"52 Gandhi Road",Pune,Karnataka,624446,"Rahul Mehta",9714728631,2024,C,3,"Chennai Institute of Technology",Active
3582,"Aarav Nair",IT,4,Female,2006-01-05,O+,9721206609,aarav3582@cit.edu.in,"97 Gandhi Road",Hyderabad,Karnataka,603035,"Arjun Nair",9449503248,2022,A,7,"Chennai Institute of Technology",Active
3583,"Varun Kumar",CIVIL,1,Female,2004-04-25,A+,9259313631,varun3583@cit.edu.in,"52 Gandhi Road",Hyderabad,Maharashtra,638126,"Aditya Kumar",9862825964,2025,B,2,"Chennai Institute of Technology",Active
3584,"Rohan Kumar",ECE,3,Male,2006-04-21,AB+,9307394280,rohan3584@cit.edu.in,"23 Gandhi Road",Chennai,Tamil Nadu,622737,"Aditya Kumar",9667970292,2023,D,6,"Chennai Institute of Technology",Active
3585,"Kavya Chopra",ECE,1,Female,2006-09-22,A-,9919035387,kavya3585@cit.edu.in,"24 Gandhi Road",Bengaluru,Delhi,656395,"Vikram Chopra",9945320098,2025,C,2,"Chennai Institute of Technology",Active
3586,"Meera Patel",AIML,3,Female,2002-04-22,A+,9755545761,meera3586@cit.edu.in,"82 Gandhi Road",Pune,West Bengal,625866,"Meera Patel",9773353155,2023,D,6,"Chennai Institute of Technology",Active
3587,"Ananya Joshi",AIDS,3,Female,2004-11-14,B-,9153641425,ananya3587@cit.edu.in,"48 Gandhi Road",Chennai,Maharashtra,666112,"Rahul Joshi",9946845265,2023,C,6,"Chennai Institute of Technology",Active
3588,"Ananya Nair",EEE,1,Male,2002-12-22,B+,9989270474,ananya3588@cit.edu.in,"28 Gandhi Road",Delhi,Telangana,639344,"Aarav Nair",9270769814,2025,A,2,"Chennai Institute of Technology",Active
3589,"Vikram Patel",AIML,2,Male,2006-12-21,O-,9961496324,vikram3589@cit.edu.in,"53 Gandhi Road",Bengaluru,Delhi,614704,"Ananya Patel",9635781573,2024,B,4,"Chennai Institute of Technology",Active
3590,"Arjun Chopra",MECH,4,Male,2006-12-16,B+,9268962275,arjun3590@cit.edu.in,"76 Gandhi Road",Pune,Karnataka,615632,"Aarav Chopra",9843759318,2022,A,8,"Chennai Institute of Technology",Active
3591,"Aditya Kumar",CSE,2,Male,2005-08-10,AB-,9962844243,aditya3591@cit.edu.in,"16 Gandhi Road",Delhi,West Bengal,647046,"Pooja Kumar",9487615498,2024,B,3,"Chennai Institute of Technology",Active
3592,"Priya Singh",MECH,1,Male,2005-04-18,AB-,9955993949,priya3592@cit.edu.in,"85 Gandhi Road",Hyderabad,Delhi,663566,"Aditya Singh",9464281723,2025,A,1,"Chennai Institute of Technology",Active
3593,"Ananya Sharma",ECE,4,Female,2004-06-19,AB-,9353403584,ananya3593@cit.edu.in,"84 Gandhi Road",Hyderabad,Delhi,691463,"Sanya Sharma",9663179897,2022,B,8,"Chennai Institute of Technology",Active
3594,"Neha Verma",MECH,2,Female,2005-12-16,B-,9844908322,neha3594@cit.edu.in,"54 Gandhi Road",Delhi,West Bengal,653751,"Aditya Verma",9255857443,2024,A,3,"Chennai Institute of Technology",Active
3595,"Neha Gupta",MECH,3,Male,2002-12-15,O-,9236885553,neha3595@cit.edu.in,"80 Gandhi Road",Kolkata,Delhi,630802,"Aditya Gupta",9943436851,2023,C,5,"Chennai Institute of Technology",Active
3596,"Vikram Rao",MECH,1,Male,2005-01-10,AB+,9975398496,vikram3596@cit.edu.in,"53 Gandhi Road",Pune,Tamil Nadu,608642,"Kavya Rao",9074963120,2025,C,1,"Chennai Institute of Technology",Active
3597,"Karan Gupta",EEE,1,Male,2003-11-03,AB+,9106834546,karan3597@cit.edu.in,"32 Gandhi Road",Kolkata,Tamil Nadu,688202,"Priya Gupta",9840098531,2025,B,1,"Chennai Institute of Technology",Active
3598,"Neha Joshi",IT,1,Male,2002-05-06,A-,9610956376,neha3598@cit.edu.in,"73 Gandhi Road",Kolkata,Tamil Nadu,609403,"Aditya Joshi",9681844772,2025,A,1,"Chennai Institute of Technology",Active
3599,"Priya Gupta",CIVIL,3,Female,2004-11-09,A+,9127423904,priya3599@cit.edu.in,"71 Gandhi Road",Delhi,Karnataka,681485,"Karan Gupta",9370912105,2023,A,5,"Chennai Institute of Technology",Active
3600,"Neha Chopra",CIVIL,1,Female,2005-05-18,AB-,9837528619,neha3600@cit.edu.in,"56 Gandhi Road",Hyderabad,Maharashtra,650529,"Neha Chopra",9038252653,2025,A,2,"Chennai Institute of Technology",Active
3601,"Aarav Nair",AIDS,3,Female,2004-10-28,B-,9033229157,aarav3601@cit.edu.in,"20 Gandhi Road",Mumbai,Karnataka,693772,"Ananya Nair",9498943110,2023,D,6,"Chennai Institute of Technology",Active
3602,"Rohan Patel",IT,3,Female,2002-07-01,B-,9770347861,rohan3602@cit.edu.in,"32 Gandhi Road",Hyderabad,Karnataka,640797,"Ananya Patel",9943472639,2023,D,5,"Chennai Institute of Technology",Active
3603,"Karan Nair",CSE,1,Female,2005-11-20,O-,9509710832,karan3603@cit.edu.in,"30 Gandhi Road",Pune,Maharashtra,672794,"Rohan Nair",9467198277,2025,A,1,"Chennai Institute of Technology",Active
3604,"Neha Reddy",IT,3,Female,2003-05-20,A+,9938111307,neha3604@cit.edu.in,"98 Gandhi Road",Kolkata,Tamil Nadu,676853,"Sanya Reddy",9537670294,2023,C,6,"Chennai Institute of Technology",Active
3605,"Neha Rao",IT,3,Female,2006-06-20,A-,9801169586,neha3605@cit.edu.in,"52 Gandhi Road",Hyderabad,Delhi,607204,"Rohan Rao",9034283647,2023,C,5,"Chennai Institute of Technology",Active
3606,"Arjun Verma",CIVIL,2,Female,2003-12-09,B-,9965525780,arjun3606@cit.edu.in,"28 Gandhi Road",Bengaluru,Tamil Nadu,619728,"Vikram Verma",9063757670,2024,C,4,"Chennai Institute of Technology",Active
3607,"Ananya Rao",AIDS,2,Female,2003-07-12,O+,9924106807,ananya3607@cit.edu.in,"43 Gandhi Road",Kolkata,Maharashtra,687476,"Aarav Rao",9007521866,2024,A,4,"Chennai Institute of Technology",Active
3608,"Varun Kumar",EEE,2,Female,2006-08-18,B-,9090732738,varun3608@cit.edu.in,"85 Gandhi Road",Pune,Karnataka,620589,"Aarav Kumar",9608125116,2024,C,4,"Chennai Institute of Technology",Active
3609,"Kavya Chopra",CIVIL,3,Male,2004-07-02,A-,9886310037,kavya3609@cit.edu.in,"17 Gandhi Road",Kolkata,Delhi,631362,"Rohan Chopra",9460200584,2023,D,5,"Chennai Institute of Technology",Active
3610,"Priya Rao",EEE,4,Male,2003-01-22,B+,9484749952,priya3610@cit.edu.in,"70 Gandhi Road",Chennai,Tamil Nadu,637774,"Aditya Rao",9507319469,2022,B,7,"Chennai Institute of Technology",Active
3611,"Varun Sharma",CIVIL,1,Female,2003-08-22,A-,9199881084,varun3611@cit.edu.in,"81 Gandhi Road",Hyderabad,Maharashtra,608362,"Varun Sharma",9286813742,2025,B,2,"Chennai Institute of Technology",Active
3612,"Vikram Nair",AIML,3,Male,2004-02-03,A-,9586799969,vikram3612@cit.edu.in,"15 Gandhi Road",Pune,Karnataka,647961,"Rahul Nair",9213863030,2023,D,6,"Chennai Institute of Technology",Active
3613,"Arjun Gupta",ECE,2,Male,2004-01-26,O-,9145629129,arjun3613@cit.edu.in,"14 Gandhi Road",Hyderabad,Delhi,621001,"Varun Gupta",9780132122,2024,C,3,"Chennai Institute of Technology",Active
3614,"Vikram Patel",IT,1,Female,2004-11-20,A-,9307644249,vikram3614@cit.edu.in,"76 Gandhi Road",Bengaluru,Maharashtra,607643,"Sanya Patel",9617071615,2025,D,2,"Chennai Institute of Technology",Active
3615,"Meera Joshi",EEE,1,Male,2005-01-19,B+,9070655579,meera3615@cit.edu.in,"80 Gandhi Road",Kolkata,Delhi,663682,"Karan Joshi",9335256289,2025,B,1,"Chennai Institute of Technology",Active
3616,"Meera Gupta",CIVIL,2,Female,2004-03-02,B-,9987439401,meera3616@cit.edu.in,"48 Gandhi Road",Kolkata,Tamil Nadu,660996,"Aditya Gupta",9250117247,2024,B,3,"Chennai Institute of Technology",Active
3617,"Aarav Chopra",CIVIL,2,Male,2003-06-20,A-,9651003281,aarav3617@cit.edu.in,"94 Gandhi Road",Kolkata,Tamil Nadu,691285,"Karan Chopra",9165970368,2024,D,4,"Chennai Institute of Technology",Active
3618,"Arjun Kumar",ECE,3,Female,2005-07-26,O+,9920947257,arjun3618@cit.edu.in,"66 Gandhi Road",Chennai,Tamil Nadu,695247,"Sanya Kumar",9538522645,2023,C,5,"Chennai Institute of Technology",Active
3619,"Aditya Singh",AIDS,3,Male,2002-03-12,A-,9899257267,aditya3619@cit.edu.in,"15 Gandhi Road",Delhi,Tamil Nadu,641878,"Rahul Singh",9162230509,2023,A,6,"Chennai Institute of Technology",Active
3620,"Sanya Sharma",CSE,4,Female,2006-04-03,B-,9488454985,sanya3620@cit.edu.in,"24 Gandhi Road",Kolkata,Tamil Nadu,661810,"Priya Sharma",9602459682,2022,C,7,"Chennai Institute of Technology",Active
3621,"Sanya Sharma",AIML,2,Male,2004-03-08,A-,9277398143,sanya3621@cit.edu.in,"75 Gandhi Road",Bengaluru,Karnataka,631233,"Meera Sharma",9747284920,2024,A,3,"Chennai Institute of Technology",Active
3622,"Varun Verma",AIML,2,Female,2003-09-07,A-,9768555097,varun3622@cit.edu.in,"68 Gandhi Road",Mumbai,Maharashtra,685343,"Kavya Verma",9339268906,2024,C,3,"Chennai Institute of Technology",Active
3623,"Neha Joshi",IT,1,Male,2006-10-05,O+,9904740461,neha3623@cit.edu.in,"30 Gandhi Road",Delhi,Karnataka,634880,"Rahul Joshi",9155845370,2025,A,2,"Chennai Institute of Technology",Active
3624,"Aarav Mehta",AIDS,1,Female,2004-02-04,AB+,9363177081,aarav3624@cit.edu.in,"60 Gandhi Road",Pune,Tamil Nadu,642661,"Rohan Mehta",9940462709,2025,D,1,"Chennai Institute of Technology",Active
3625,"Ananya Kumar",EEE,4,Male,2002-06-13,B+,9083672988,ananya3625@cit.edu.in,"13 Gandhi Road",Pune,West Bengal,660516,"Sanya Kumar",9766501851,2022,C,8,"Chennai Institute of Technology",Active
3626,"Arjun Sharma",EEE,2,Male,2006-11-23,O+,9405878708,arjun3626@cit.edu.in,"20 Gandhi Road",Pune,Maharashtra,634900,"Meera Sharma",9210946178,2024,B,3,"Chennai Institute of Technology",Active
3627,"Pooja Singh",CIVIL,2,Male,2002-05-24,O-,9324474842,pooja3627@cit.edu.in,"76 Gandhi Road",Delhi,Telangana,690792,"Meera Singh",9078949300,2024,B,3,"Chennai Institute of Technology",Active
3628,"Varun Patel",AIDS,3,Male,2003-12-05,AB+,9495364351,varun3628@cit.edu.in,"82 Gandhi Road",Hyderabad,West Bengal,602867,"Sanya Patel",9449758540,2023,A,6,"Chennai Institute of Technology",Active
3629,"Diya Joshi",CSE,2,Male,2005-10-03,A+,9025375250,diya3629@cit.edu.in,"26 Gandhi Road",Bengaluru,West Bengal,618031,"Aarav Joshi",9857012802,2024,B,4,"Chennai Institute of Technology",Active
3630,"Pooja Rao",MECH,1,Male,2003-01-08,A-,9217806360,pooja3630@cit.edu.in,"12 Gandhi Road",Bengaluru,Tamil Nadu,643743,"Karan Rao",9482289280,2025,B,1,"Chennai Institute of Technology",Active
3631,"Priya Sharma",MECH,4,Female,2002-10-20,O+,9424105944,priya3631@cit.edu.in,"79 Gandhi Road",Bengaluru,Karnataka,673455,"Ananya Sharma",9390054068,2022,D,8,"Chennai Institute of Technology",Active
3632,"Rahul Reddy",CSE,2,Female,2006-02-25,A+,9977383917,rahul3632@cit.edu.in,"77 Gandhi Road",Mumbai,Delhi,623571,"Kavya Reddy",9359742913,2024,C,4,"Chennai Institute of Technology",Active
3633,"Sanya Mehta",CIVIL,3,Female,2003-01-26,A+,9623862143,sanya3633@cit.edu.in,"70 Gandhi Road",Kolkata,Delhi,653935,"Kavya Mehta",9902954043,2023,A,6,"Chennai Institute of Technology",Active
3634,"Rohan Kumar",ECE,3,Female,2004-06-26,B-,9917970452,rohan3634@cit.edu.in,"99 Gandhi Road",Hyderabad,West Bengal,612252,"Rahul Kumar",9245676673,2023,A,5,"Chennai Institute of Technology",Active
3635,"Vikram Nair",EEE,3,Male,2006-04-24,A+,9639376599,vikram3635@cit.edu.in,"24 Gandhi Road",Hyderabad,West Bengal,689609,"Arjun Nair",9600149388,2023,D,5,"Chennai Institute of Technology",Active
3636,"Aarav Rao",EEE,1,Female,2004-03-23,B-,9195612998,aarav3636@cit.edu.in,"60 Gandhi Road",Chennai,Tamil Nadu,654703,"Rohan Rao",9885132803,2025,B,1,"Chennai Institute of Technology",Active
3637,"Vikram Nair",EEE,1,Female,2006-02-13,B-,9892539546,vikram3637@cit.edu.in,"51 Gandhi Road",Bengaluru,West Bengal,678465,"Meera Nair",9846881135,2025,D,1,"Chennai Institute of Technology",Active
3638,"Pooja Sharma",CSE,3,Male,2002-10-19,AB+,9580926558,pooja3638@cit.edu.in,"23 Gandhi Road",Mumbai,Karnataka,684981,"Diya Sharma",9219723260,2023,C,6,"Chennai Institute of Technology",Active
3639,"Rohan Kumar",CSE,3,Male,2005-01-27,B-,9800579022,rohan3639@cit.edu.in,"61 Gandhi Road",Delhi,Tamil Nadu,652509,"Sanya Kumar",9940637513,2023,A,5,"Chennai Institute of Technology",Active
3640,"Vikram Chopra",EEE,3,Male,2003-02-25,O+,9934405535,vikram3640@cit.edu.in,"85 Gandhi Road",Bengaluru,Delhi,633145,"Vikram Chopra",9327069445,2023,A,6,"Chennai Institute of Technology",Active
3641,"Meera Singh",AIDS,3,Female,2006-07-11,O-,9601996864,meera3641@cit.edu.in,"11 Gandhi Road",Pune,Tamil Nadu,601011,"Meera Singh",9013125611,2023,D,5,"Chennai Institute of Technology",Active
3642,"Rohan Singh",CIVIL,4,Male,2006-08-07,AB+,9789704708,rohan3642@cit.edu.in,"97 Gandhi Road",Kolkata,Tamil Nadu,679580,"Diya Singh",9835215529,2022,D,8,"Chennai Institute of Technology",Active
3643,"Karan Verma",IT,1,Female,2004-10-01,O-,9305093199,karan3643@cit.edu.in,"82 Gandhi Road",Delhi,Telangana,647552,"Aarav Verma",9080422136,2025,C,2,"Chennai Institute of Technology",Active
3644,"Neha Rao",CIVIL,3,Female,2006-09-16,O+,9274578912,neha3644@cit.edu.in,"81 Gandhi Road",Hyderabad,Maharashtra,698072,"Diya Rao",9192853265,2023,B,5,"Chennai Institute of Technology",Active
3645,"Neha Patel",CSE,1,Male,2006-05-04,A+,9347404077,neha3645@cit.edu.in,"66 Gandhi Road",Delhi,Karnataka,645955,"Aarav Patel",9514703136,2025,D,1,"Chennai Institute of Technology",Active
3646,"Vikram Patel",EEE,3,Female,2005-09-15,B+,9335370470,vikram3646@cit.edu.in,"14 Gandhi Road",Bengaluru,Delhi,659889,"Rahul Patel",9276722031,2023,A,6,"Chennai Institute of Technology",Active
3647,"Sanya Rao",CIVIL,2,Male,2006-04-27,O+,9089856426,sanya3647@cit.edu.in,"14 Gandhi Road",Chennai,Maharashtra,645356,"Arjun Rao",9553642502,2024,C,4,"Chennai Institute of Technology",Active
3648,"Rohan Kumar",MECH,2,Female,2004-08-05,O+,9956246633,rohan3648@cit.edu.in,"97 Gandhi Road",Mumbai,West Bengal,683299,"Pooja Kumar",9240351330,2024,D,4,"Chennai Institute of Technology",Active
3649,"Priya Kumar",AIML,3,Male,2004-10-08,A+,9726304300,priya3649@cit.edu.in,"55 Gandhi Road",Delhi,Maharashtra,623673,"Arjun Kumar",9440983070,2023,D,5,"Chennai Institute of Technology",Active
3650,"Kavya Nair",EEE,1,Female,2002-01-03,B-,9049750175,kavya3650@cit.edu.in,"38 Gandhi Road",Bengaluru,Telangana,688411,"Karan Nair",9625125361,2025,B,2,"Chennai Institute of Technology",Active
3651,"Diya Kumar",ECE,1,Male,2006-05-17,O-,9244613552,diya3651@cit.edu.in,"35 Gandhi Road",Kolkata,Tamil Nadu,684389,"Ananya Kumar",9244015624,2025,C,1,"Chennai Institute of Technology",Active
3652,"Vikram Joshi",CSE,1,Male,2003-06-19,AB+,9760464019,vikram3652@cit.edu.in,"82 Gandhi Road",Delhi,West Bengal,681738,"Aarav Joshi",9540490346,2025,A,2,"Chennai Institute of Technology",Active
3653,"Vikram Mehta",ECE,3,Female,2004-11-14,AB+,9072756676,vikram3653@cit.edu.in,"96 Gandhi Road",Chennai,Telangana,667563,"Diya Mehta",9864246520,2023,B,6,"Chennai Institute of Technology",Active
3654,"Diya Chopra",MECH,2,Male,2003-10-12,O-,9749609759,diya3654@cit.edu.in,"18 Gandhi Road",Kolkata,Delhi,635797,"Diya Chopra",9396764481,2024,D,3,"Chennai Institute of Technology",Active
3655,"Aarav Kumar",AIML,2,Male,2006-02-27,AB+,9842145689,aarav3655@cit.edu.in,"86 Gandhi Road",Mumbai,Telangana,660182,"Rohan Kumar",9882562678,2024,D,3,"Chennai Institute of Technology",Active
3656,"Rahul Rao",EEE,4,Male,2006-09-15,A+,9001081328,rahul3656@cit.edu.in,"35 Gandhi Road",Kolkata,Maharashtra,658402,"Rahul Rao",9801123381,2022,A,7,"Chennai Institute of Technology",Active
3657,"Varun Singh",MECH,4,Male,2004-10-10,O+,9161237423,varun3657@cit.edu.in,"87 Gandhi Road",Mumbai,Tamil Nadu,686054,"Kavya Singh",9542382901,2022,C,7,"Chennai Institute of Technology",Active
3658,"Arjun Gupta",AIML,1,Female,2005-02-03,AB-,9993540342,arjun3658@cit.edu.in,"51 Gandhi Road",Bengaluru,Tamil Nadu,697653,"Varun Gupta",9795259146,2025,B,1,"Chennai Institute of Technology",Active
3659,"Kavya Kumar",IT,1,Female,2006-11-08,O+,9734438897,kavya3659@cit.edu.in,"85 Gandhi Road",Pune,Telangana,696138,"Aditya Kumar",9157979988,2025,B,2,"Chennai Institute of Technology",Active
3660,"Diya Mehta",CIVIL,2,Female,2002-07-01,O+,9179654696,diya3660@cit.edu.in,"52 Gandhi Road",Hyderabad,Tamil Nadu,663515,"Sanya Mehta",9418001025,2024,B,3,"Chennai Institute of Technology",Active
3661,"Sanya Kumar",ECE,1,Male,2004-06-08,A+,9281117705,sanya3661@cit.edu.in,"48 Gandhi Road",Pune,Telangana,666704,"Karan Kumar",9053176308,2025,B,2,"Chennai Institute of Technology",Active
3662,"Pooja Reddy",AIDS,1,Female,2002-06-20,A+,9427203037,pooja3662@cit.edu.in,"86 Gandhi Road",Kolkata,West Bengal,602766,"Rohan Reddy",9427749075,2025,A,1,"Chennai Institute of Technology",Active
3663,"Vikram Kumar",AIDS,3,Male,2006-04-14,AB-,9668693215,vikram3663@cit.edu.in,"27 Gandhi Road",Kolkata,Karnataka,642209,"Priya Kumar",9588233198,2023,B,5,"Chennai Institute of Technology",Active
3664,"Karan Rao",EEE,2,Female,2003-02-17,B+,9571094789,karan3664@cit.edu.in,"12 Gandhi Road",Kolkata,West Bengal,655912,"Vikram Rao",9821361937,2024,A,4,"Chennai Institute of Technology",Active
3665,"Meera Verma",CSE,2,Female,2005-06-15,A+,9749810603,meera3665@cit.edu.in,"70 Gandhi Road",Kolkata,Karnataka,612168,"Aditya Verma",9704511215,2024,A,3,"Chennai Institute of Technology",Active
3666,"Aarav Mehta",ECE,3,Female,2004-07-24,B-,9312379244,aarav3666@cit.edu.in,"67 Gandhi Road",Pune,Telangana,693401,"Diya Mehta",9393297027,2023,D,6,"Chennai Institute of Technology",Active
3667,"Neha Verma",AIML,4,Male,2006-12-23,O-,9304583889,neha3667@cit.edu.in,"64 Gandhi Road",Hyderabad,Karnataka,653469,"Priya Verma",9562019661,2022,B,8,"Chennai Institute of Technology",Active
3668,"Diya Verma",MECH,4,Female,2003-05-18,O-,9179850737,diya3668@cit.edu.in,"24 Gandhi Road",Hyderabad,West Bengal,685465,"Ananya Verma",9279808914,2022,D,7,"Chennai Institute of Technology",Active
3669,"Ananya Kumar",ECE,1,Female,2003-06-04,B+,9194849597,ananya3669@cit.edu.in,"92 Gandhi Road",Chennai,Tamil Nadu,623225,"Pooja Kumar",9772375902,2025,C,2,"Chennai Institute of Technology",Active
3670,"Rohan Verma",EEE,4,Female,2003-07-02,O-,9686021774,rohan3670@cit.edu.in,"21 Gandhi Road",Pune,Karnataka,601901,"Kavya Verma",9115935295,2022,B,7,"Chennai Institute of Technology",Active
3671,"Varun Kumar",MECH,2,Female,2004-01-21,O+,9219544872,varun3671@cit.edu.in,"23 Gandhi Road",Chennai,Karnataka,639933,"Arjun Kumar",9760871027,2024,A,3,"Chennai Institute of Technology",Active
3672,"Diya Kumar",CSE,1,Male,2006-07-18,O+,9176241081,diya3672@cit.edu.in,"92 Gandhi Road",Delhi,Tamil Nadu,612241,"Vikram Kumar",9524510085,2025,A,1,"Chennai Institute of Technology",Active
3673,"Sanya Kumar",CSE,1,Male,2003-07-09,A-,9831162545,sanya3673@cit.edu.in,"22 Gandhi Road",Bengaluru,Telangana,605325,"Arjun Kumar",9871831807,2025,D,1,"Chennai Institute of Technology",Active
3674,"Rohan Verma",ECE,2,Female,2005-04-17,B-,9516997969,rohan3674@cit.edu.in,"98 Gandhi Road",Delhi,Tamil Nadu,699229,"Diya Verma",9204484775,2024,A,4,"Chennai Institute of Technology",Active
3675,"Sanya Sharma",AIDS,3,Male,2004-01-25,A+,9976501133,sanya3675@cit.edu.in,"14 Gandhi Road",Delhi,Telangana,630133,"Pooja Sharma",9923182906,2023,B,6,"Chennai Institute of Technology",Active
3676,"Aarav Mehta",EEE,2,Male,2003-12-08,O+,9544981757,aarav3676@cit.edu.in,"18 Gandhi Road",Hyderabad,Tamil Nadu,606798,"Diya Mehta",9658297875,2024,B,4,"Chennai Institute of Technology",Active
3677,"Varun Kumar",ECE,2,Female,2003-07-12,B+,9800812258,varun3677@cit.edu.in,"77 Gandhi Road",Kolkata,Karnataka,698935,"Vikram Kumar",9162777307,2024,A,3,"Chennai Institute of Technology",Active
3678,"Meera Kumar",EEE,2,Male,2004-10-04,AB-,9423122823,meera3678@cit.edu.in,"52 Gandhi Road",Hyderabad,Tamil Nadu,612991,"Vikram Kumar",9757583144,2024,C,4,"Chennai Institute of Technology",Active
3679,"Pooja Patel",IT,4,Male,2003-11-20,B+,9083232944,pooja3679@cit.edu.in,"12 Gandhi Road",Kolkata,Tamil Nadu,656944,"Meera Patel",9996503260,2022,B,8,"Chennai Institute of Technology",Active
3680,"Diya Singh",EEE,1,Male,2002-09-18,AB+,9878184017,diya3680@cit.edu.in,"73 Gandhi Road",Bengaluru,Telangana,632663,"Ananya Singh",9641597766,2025,B,2,"Chennai Institute of Technology",Active
3681,"Rahul Chopra",AIDS,2,Male,2002-03-23,A-,9672760178,rahul3681@cit.edu.in,"28 Gandhi Road",Bengaluru,Maharashtra,679561,"Arjun Chopra",9370821189,2024,D,4,"Chennai Institute of Technology",Active
3682,"Diya Gupta",EEE,1,Male,2005-06-01,B-,9124361718,diya3682@cit.edu.in,"98 Gandhi Road",Chennai,Delhi,663290,"Rahul Gupta",9244349734,2025,D,1,"Chennai Institute of Technology",Active
3683,"Kavya Sharma",CSE,2,Male,2006-10-22,B+,9582031462,kavya3683@cit.edu.in,"56 Gandhi Road",Bengaluru,Karnataka,623906,"Varun Sharma",9321855238,2024,D,3,"Chennai Institute of Technology",Active
3684,"Ananya Singh",AIDS,4,Female,2004-01-21,AB-,9103577125,ananya3684@cit.edu.in,"63 Gandhi Road",Bengaluru,West Bengal,624119,"Priya Singh",9464726046,2022,C,7,"Chennai Institute of Technology",Active
3685,"Aarav Kumar",ECE,4,Male,2004-08-25,A+,9169851333,aarav3685@cit.edu.in,"97 Gandhi Road",Chennai,Tamil Nadu,650008,"Arjun Kumar",9873838820,2022,A,8,"Chennai Institute of Technology",Active
3686,"Kavya Joshi",AIDS,3,Male,2002-11-20,B-,9698387632,kavya3686@cit.edu.in,"34 Gandhi Road",Pune,Delhi,637047,"Pooja Joshi",9206022712,2023,A,6,"Chennai Institute of Technology",Active
3687,"Pooja Gupta",ECE,4,Male,2002-02-20,B+,9208520710,pooja3687@cit.edu.in,"88 Gandhi Road",Hyderabad,Telangana,680338,"Pooja Gupta",9687890542,2022,B,8,"Chennai Institute of Technology",Active
3688,"Rohan Nair",AIDS,4,Male,2004-05-16,A-,9122660825,rohan3688@cit.edu.in,"20 Gandhi Road",Bengaluru,Telangana,602335,"Karan Nair",9944201182,2022,C,8,"Chennai Institute of Technology",Active
3689,"Sanya Nair",AIDS,2,Female,2004-05-14,B+,9857359605,sanya3689@cit.edu.in,"53 Gandhi Road",Chennai,Delhi,663268,"Priya Nair",9968085017,2024,C,3,"Chennai Institute of Technology",Active
3690,"Aditya Sharma",EEE,4,Male,2005-07-22,AB+,9610673408,aditya3690@cit.edu.in,"50 Gandhi Road",Hyderabad,Telangana,662172,"Kavya Sharma",9032707597,2022,B,8,"Chennai Institute of Technology",Active
3691,"Karan Joshi",IT,1,Male,2004-07-18,O-,9820128213,karan3691@cit.edu.in,"31 Gandhi Road",Bengaluru,Delhi,621593,"Rohan Joshi",9066179058,2025,C,2,"Chennai Institute of Technology",Active
3692,"Vikram Chopra",CSE,4,Male,2002-02-16,B-,9910355217,vikram3692@cit.edu.in,"48 Gandhi Road",Kolkata,Tamil Nadu,648872,"Rahul Chopra",9933979525,2022,C,7,"Chennai Institute of Technology",Active
3693,"Pooja Mehta",AIDS,1,Female,2006-02-22,B-,9803933394,pooja3693@cit.edu.in,"51 Gandhi Road",Kolkata,Delhi,600158,"Meera Mehta",9849703405,2025,B,2,"Chennai Institute of Technology",Active
3694,"Ananya Reddy",CIVIL,3,Male,2003-10-07,B+,9256727152,ananya3694@cit.edu.in,"49 Gandhi Road",Chennai,Maharashtra,618247,"Meera Reddy",9952911947,2023,C,5,"Chennai Institute of Technology",Active
3695,"Priya Rao",CSE,1,Female,2003-01-20,AB+,9034019160,priya3695@cit.edu.in,"33 Gandhi Road",Pune,Telangana,659905,"Karan Rao",9553733940,2025,B,1,"Chennai Institute of Technology",Active
3696,"Diya Reddy",IT,2,Male,2003-06-07,B-,9877174543,diya3696@cit.edu.in,"36 Gandhi Road",Kolkata,Maharashtra,652516,"Kavya Reddy",9686322520,2024,A,3,"Chennai Institute of Technology",Active
3697,"Pooja Reddy",AIML,1,Male,2006-02-10,O-,9811846458,pooja3697@cit.edu.in,"88 Gandhi Road",Pune,Tamil Nadu,675412,"Arjun Reddy",9097131218,2025,B,1,"Chennai Institute of Technology",Active
3698,"Rahul Joshi",CIVIL,3,Female,2003-08-24,AB-,9745795332,rahul3698@cit.edu.in,"14 Gandhi Road",Chennai,Karnataka,647773,"Pooja Joshi",9292729014,2023,B,6,"Chennai Institute of Technology",Active
3699,"Neha Singh",MECH,2,Male,2005-06-19,AB-,9191088862,neha3699@cit.edu.in,"97 Gandhi Road",Bengaluru,West Bengal,685561,"Aarav Singh",9823031185,2024,C,3,"Chennai Institute of Technology",Active
3700,"Vikram Chopra",CIVIL,3,Male,2004-01-05,O+,9254687820,vikram3700@cit.edu.in,"93 Gandhi Road",Kolkata,Tamil Nadu,653254,"Rahul Chopra",9297006506,2023,A,5,"Chennai Institute of Technology",Active
3701,"Diya Chopra",CSE,3,Male,2006-10-05,O+,9852133633,diya3701@cit.edu.in,"33 Gandhi Road",Mumbai,Karnataka,616339,"Arjun Chopra",9752808191,2023,A,5,"Chennai Institute of Technology",Active
3702,"Meera Mehta",CSE,4,Female,2002-07-08,B+,9326962462,meera3702@cit.edu.in,"43 Gandhi Road",Bengaluru,Karnataka,675366,"Rahul Mehta",9544637707,2022,C,7,"Chennai Institute of Technology",Active
3703,"Vikram Sharma",EEE,3,Female,2005-01-08,A+,9910844815,vikram3703@cit.edu.in,"71 Gandhi Road",Hyderabad,West Bengal,623938,"Karan Sharma",9504210467,2023,A,5,"Chennai Institute of Technology",Active
3704,"Ananya Verma",MECH,4,Female,2002-04-03,B-,9888819558,ananya3704@cit.edu.in,"93 Gandhi Road",Delhi,Tamil Nadu,623929,"Aditya Verma",9227486331,2022,B,8,"Chennai Institute of Technology",Active
3705,"Aditya Rao",ECE,2,Male,2002-09-14,AB-,9793651887,aditya3705@cit.edu.in,"96 Gandhi Road",Kolkata,Telangana,672824,"Aarav Rao",9591687077,2024,A,4,"Chennai Institute of Technology",Active
3706,"Vikram Mehta",AIDS,2,Male,2003-04-25,O-,9293896119,vikram3706@cit.edu.in,"80 Gandhi Road",Delhi,Maharashtra,616253,"Rahul Mehta",9613255299,2024,D,4,"Chennai Institute of Technology",Active
3707,"Ananya Joshi",CIVIL,2,Male,2003-10-14,B-,9089300176,ananya3707@cit.edu.in,"90 Gandhi Road",Hyderabad,West Bengal,680369,"Rohan Joshi",9133175736,2024,C,4,"Chennai Institute of Technology",Active
3708,"Pooja Mehta",EEE,1,Female,2002-04-21,A-,9756824262,pooja3708@cit.edu.in,"41 Gandhi Road",Delhi,Karnataka,613258,"Kavya Mehta",9571182925,2025,C,1,"Chennai Institute of Technology",Active
3709,"Kavya Joshi",CSE,1,Female,2006-05-11,B+,9296891557,kavya3709@cit.edu.in,"21 Gandhi Road",Delhi,West Bengal,699550,"Ananya Joshi",9976531569,2025,C,1,"Chennai Institute of Technology",Active
3710,"Karan Verma",IT,3,Female,2003-12-10,A-,9112202050,karan3710@cit.edu.in,"89 Gandhi Road",Mumbai,Delhi,643147,"Neha Verma",9527479119,2023,A,5,"Chennai Institute of Technology",Active
3711,"Kavya Mehta",AIML,1,Male,2004-05-16,A-,9536907337,kavya3711@cit.edu.in,"28 Gandhi Road",Bengaluru,West Bengal,602724,"Ananya Mehta",9863992536,2025,A,1,"Chennai Institute of Technology",Active
3712,"Karan Joshi",EEE,2,Male,2002-01-10,A+,9565683901,karan3712@cit.edu.in,"98 Gandhi Road",Chennai,Telangana,617863,"Meera Joshi",9891096477,2024,C,3,"Chennai Institute of Technology",Active
3713,"Aditya Reddy",MECH,3,Female,2006-03-06,O+,9030489393,aditya3713@cit.edu.in,"43 Gandhi Road",Chennai,Maharashtra,630779,"Pooja Reddy",9985850163,2023,A,6,"Chennai Institute of Technology",Active
3714,"Aditya Patel",IT,1,Female,2003-11-17,O-,9691828381,aditya3714@cit.edu.in,"64 Gandhi Road",Bengaluru,West Bengal,606447,"Ananya Patel",9311401303,2025,B,2,"Chennai Institute of Technology",Active
3715,"Diya Kumar",EEE,3,Female,2002-01-17,O-,9594578547,diya3715@cit.edu.in,"18 Gandhi Road",Mumbai,Karnataka,676879,"Aditya Kumar",9197420257,2023,D,6,"Chennai Institute of Technology",Active
3716,"Rahul Chopra",IT,2,Female,2002-03-28,A+,9027421778,rahul3716@cit.edu.in,"23 Gandhi Road",Pune,Telangana,645622,"Varun Chopra",9539568482,2024,D,3,"Chennai Institute of Technology",Active
3717,"Kavya Kumar",MECH,1,Male,2002-05-06,A+,9824474075,kavya3717@cit.edu.in,"41 Gandhi Road",Mumbai,Tamil Nadu,663008,"Aditya Kumar",9357237599,2025,C,1,"Chennai Institute of Technology",Active
3718,"Rahul Gupta",ECE,1,Male,2005-09-16,B+,9492125929,rahul3718@cit.edu.in,"36 Gandhi Road",Mumbai,Maharashtra,687484,"Arjun Gupta",9318494156,2025,A,1,"Chennai Institute of Technology",Active
3719,"Aarav Rao",EEE,1,Female,2002-04-22,O-,9143080701,aarav3719@cit.edu.in,"21 Gandhi Road",Mumbai,West Bengal,683154,"Priya Rao",9151108274,2025,A,2,"Chennai Institute of Technology",Active
3720,"Meera Joshi",ECE,3,Female,2005-02-17,AB+,9153478299,meera3720@cit.edu.in,"67 Gandhi Road",Chennai,Telangana,648817,"Diya Joshi",9280813105,2023,D,6,"Chennai Institute of Technology",Active
3721,"Neha Singh",IT,2,Male,2003-12-23,O-,9322947949,neha3721@cit.edu.in,"93 Gandhi Road",Mumbai,Telangana,695582,"Varun Singh",9342183030,2024,D,3,"Chennai Institute of Technology",Active
3722,"Priya Singh",AIDS,2,Male,2005-12-22,O-,9327851458,priya3722@cit.edu.in,"14 Gandhi Road",Kolkata,West Bengal,670865,"Sanya Singh",9081056946,2024,D,4,"Chennai Institute of Technology",Active
3723,"Vikram Sharma",AIDS,3,Female,2004-08-05,O+,9150414892,vikram3723@cit.edu.in,"34 Gandhi Road",Delhi,Maharashtra,667330,"Diya Sharma",9412576194,2023,C,5,"Chennai Institute of Technology",Active
3724,"Pooja Singh",CSE,4,Female,2002-12-09,O+,9330185415,pooja3724@cit.edu.in,"90 Gandhi Road",Chennai,Telangana,683419,"Sanya Singh",9513324466,2022,D,8,"Chennai Institute of Technology",Active
3725,"Varun Kumar",ECE,1,Male,2002-11-05,A+,9435695536,varun3725@cit.edu.in,"60 Gandhi Road",Delhi,West Bengal,655595,"Diya Kumar",9029515298,2025,A,2,"Chennai Institute of Technology",Active
3726,"Meera Sharma",EEE,1,Female,2004-08-24,B+,9799108102,meera3726@cit.edu.in,"78 Gandhi Road",Mumbai,Delhi,678934,"Aditya Sharma",9770875452,2025,C,1,"Chennai Institute of Technology",Active
3727,"Diya Sharma",CIVIL,2,Male,2006-10-07,B-,9136339103,diya3727@cit.edu.in,"52 Gandhi Road",Kolkata,Maharashtra,650195,"Varun Sharma",9796240953,2024,B,3,"Chennai Institute of Technology",Active
3728,"Kavya Chopra",ECE,1,Female,2002-10-15,O+,9878252370,kavya3728@cit.edu.in,"59 Gandhi Road",Hyderabad,Telangana,615486,"Kavya Chopra",9371749748,2025,D,1,"Chennai Institute of Technology",Active
3729,"Aarav Gupta",CIVIL,3,Female,2002-12-15,AB-,9381898753,aarav3729@cit.edu.in,"82 Gandhi Road",Chennai,Delhi,617283,"Ananya Gupta",9376846089,2023,D,6,"Chennai Institute of Technology",Active
3730,"Ananya Joshi",AIDS,4,Male,2003-03-09,B+,9042222725,ananya3730@cit.edu.in,"12 Gandhi Road",Chennai,West Bengal,663112,"Rahul Joshi",9882573209,2022,A,8,"Chennai Institute of Technology",Active
3731,"Varun Kumar",ECE,4,Male,2003-03-14,B-,9231576665,varun3731@cit.edu.in,"94 Gandhi Road",Delhi,Karnataka,612075,"Rahul Kumar",9624900891,2022,C,7,"Chennai Institute of Technology",Active
3732,"Aarav Reddy",ECE,1,Female,2002-05-25,AB+,9661370410,aarav3732@cit.edu.in,"46 Gandhi Road",Bengaluru,West Bengal,648600,"Karan Reddy",9577505617,2025,B,2,"Chennai Institute of Technology",Active
3733,"Sanya Verma",CSE,4,Female,2006-04-08,O+,9023991544,sanya3733@cit.edu.in,"40 Gandhi Road",Bengaluru,Delhi,699099,"Arjun Verma",9210598552,2022,D,7,"Chennai Institute of Technology",Active
3734,"Priya Mehta",ECE,1,Male,2004-06-24,A+,9670605222,priya3734@cit.edu.in,"58 Gandhi Road",Delhi,Karnataka,687835,"Diya Mehta",9001615284,2025,A,1,"Chennai Institute of Technology",Active
3735,"Priya Nair",CIVIL,3,Female,2002-12-12,A+,9059950162,priya3735@cit.edu.in,"20 Gandhi Road",Pune,Tamil Nadu,618452,"Vikram Nair",9871390358,2023,A,5,"Chennai Institute of Technology",Active
3736,"Aarav Mehta",AIML,1,Female,2003-02-28,A+,9508772970,aarav3736@cit.edu.in,"76 Gandhi Road",Kolkata,Maharashtra,698660,"Kavya Mehta",9159361656,2025,D,1,"Chennai Institute of Technology",Active
3737,"Pooja Singh",CSE,3,Male,2004-07-15,A-,9135654381,pooja3737@cit.edu.in,"16 Gandhi Road",Bengaluru,Tamil Nadu,681316,"Vikram Singh",9452843776,2023,D,6,"Chennai Institute of Technology",Active
3738,"Aarav Joshi",CSE,4,Female,2002-06-23,AB-,9988898949,aarav3738@cit.edu.in,"66 Gandhi Road",Mumbai,West Bengal,614126,"Neha Joshi",9024556994,2022,A,8,"Chennai Institute of Technology",Active
3739,"Aditya Nair",CSE,3,Female,2005-07-28,B+,9607713524,aditya3739@cit.edu.in,"12 Gandhi Road",Kolkata,Karnataka,669682,"Karan Nair",9813402969,2023,A,6,"Chennai Institute of Technology",Active
3740,"Meera Chopra",AIML,2,Female,2004-01-05,A+,9541544244,meera3740@cit.edu.in,"76 Gandhi Road",Delhi,Delhi,646296,"Arjun Chopra",9871286961,2024,B,4,"Chennai Institute of Technology",Active
3741,"Karan Joshi",AIDS,1,Female,2003-05-25,AB+,9563065603,karan3741@cit.edu.in,"80 Gandhi Road",Bengaluru,Delhi,664956,"Meera Joshi",9631173958,2025,A,2,"Chennai Institute of Technology",Active
3742,"Rohan Nair",AIML,2,Female,2006-02-08,O-,9597593192,rohan3742@cit.edu.in,"31 Gandhi Road",Kolkata,Karnataka,647024,"Diya Nair",9107750181,2024,B,3,"Chennai Institute of Technology",Active
3743,"Aditya Chopra",MECH,4,Male,2006-12-21,AB+,9632887186,aditya3743@cit.edu.in,"53 Gandhi Road",Kolkata,Tamil Nadu,618351,"Meera Chopra",9275973802,2022,B,8,"Chennai Institute of Technology",Active
3744,"Ananya Rao",CIVIL,3,Female,2005-06-27,B-,9934800339,ananya3744@cit.edu.in,"45 Gandhi Road",Chennai,Maharashtra,603496,"Pooja Rao",9810137610,2023,A,5,"Chennai Institute of Technology",Active
3745,"Karan Reddy",AIML,2,Female,2006-05-10,AB+,9593689439,karan3745@cit.edu.in,"83 Gandhi Road",Chennai,West Bengal,687258,"Pooja Reddy",9406853075,2024,D,4,"Chennai Institute of Technology",Active
3746,"Karan Nair",CSE,3,Male,2002-05-02,AB+,9633628121,karan3746@cit.edu.in,"27 Gandhi Road",Pune,Delhi,682980,"Pooja Nair",9720884689,2023,D,6,"Chennai Institute of Technology",Active
3747,"Rohan Nair",EEE,2,Male,2002-04-04,A+,9670141816,rohan3747@cit.edu.in,"56 Gandhi Road",Pune,West Bengal,693912,"Rohan Nair",9980180145,2024,A,4,"Chennai Institute of Technology",Active
3748,"Ananya Rao",EEE,4,Male,2006-09-14,AB+,9650573568,ananya3748@cit.edu.in,"34 Gandhi Road",Hyderabad,Karnataka,688019,"Meera Rao",9592747027,2022,D,7,"Chennai Institute of Technology",Active
3749,"Meera Nair",EEE,3,Female,2002-05-14,A-,9947914560,meera3749@cit.edu.in,"41 Gandhi Road",Delhi,Maharashtra,636095,"Rohan Nair",9668210609,2023,C,6,"Chennai Institute of Technology",Active
3750,"Arjun Mehta",CSE,3,Female,2003-05-03,A-,9507465439,arjun3750@cit.edu.in,"64 Gandhi Road",Chennai,West Bengal,625930,"Rohan Mehta",9762728022,2023,D,5,"Chennai Institute of Technology",Active
3751,"Sanya Rao",AIML,2,Female,2002-09-02,AB-,9472582406,sanya3751@cit.edu.in,"11 Gandhi Road",Mumbai,Telangana,612982,"Vikram Rao",9657764960,2024,D,3,"Chennai Institute of Technology",Active
3752,"Karan Patel",CIVIL,1,Male,2005-07-19,B+,9958866515,karan3752@cit.edu.in,"14 Gandhi Road",Pune,Telangana,628112,"Sanya Patel",9249879456,2025,D,2,"Chennai Institute of Technology",Active
3753,"Aarav Rao",AIDS,3,Female,2005-10-24,O-,9875875255,aarav3753@cit.edu.in,"36 Gandhi Road",Bengaluru,West Bengal,621126,"Neha Rao",9719153415,2023,C,6,"Chennai Institute of Technology",Active
3754,"Karan Chopra",AIDS,3,Male,2003-05-14,O-,9908455111,karan3754@cit.edu.in,"66 Gandhi Road",Kolkata,Tamil Nadu,684901,"Kavya Chopra",9551198194,2023,A,6,"Chennai Institute of Technology",Active
3755,"Pooja Nair",IT,1,Female,2004-09-21,B-,9709845237,pooja3755@cit.edu.in,"35 Gandhi Road",Pune,Karnataka,650440,"Rahul Nair",9689594736,2025,D,2,"Chennai Institute of Technology",Active
3756,"Sanya Mehta",CSE,2,Female,2005-04-02,A-,9905760069,sanya3756@cit.edu.in,"65 Gandhi Road",Delhi,Delhi,649078,"Meera Mehta",9570889890,2024,B,4,"Chennai Institute of Technology",Active
3757,"Priya Verma",AIDS,3,Female,2005-03-28,A+,9172148528,priya3757@cit.edu.in,"60 Gandhi Road",Chennai,Delhi,681808,"Diya Verma",9380978696,2023,A,5,"Chennai Institute of Technology",Active
3758,"Rahul Patel",ECE,1,Male,2006-06-25,B-,9843079969,rahul3758@cit.edu.in,"74 Gandhi Road",Bengaluru,Maharashtra,699609,"Ananya Patel",9713394055,2025,A,2,"Chennai Institute of Technology",Active
3759,"Sanya Reddy",AIML,1,Female,2003-11-11,A+,9089161871,sanya3759@cit.edu.in,"69 Gandhi Road",Chennai,Tamil Nadu,609989,"Rohan Reddy",9287310925,2025,A,1,"Chennai Institute of Technology",Active
3760,"Rahul Gupta",AIDS,4,Male,2005-03-28,B-,9119652967,rahul3760@cit.edu.in,"32 Gandhi Road",Hyderabad,Maharashtra,686910,"Neha Gupta",9301640843,2022,C,8,"Chennai Institute of Technology",Active
3761,"Sanya Rao",AIDS,1,Male,2002-11-18,B-,9375136963,sanya3761@cit.edu.in,"28 Gandhi Road",Pune,Karnataka,654563,"Rahul Rao",9397372999,2025,A,2,"Chennai Institute of Technology",Active
3762,"Rahul Reddy",CSE,1,Female,2005-01-12,AB+,9027203016,rahul3762@cit.edu.in,"37 Gandhi Road",Mumbai,West Bengal,621993,"Neha Reddy",9097551340,2025,D,2,"Chennai Institute of Technology",Active
3763,"Neha Kumar",IT,4,Male,2003-06-23,O-,9970120108,neha3763@cit.edu.in,"90 Gandhi Road",Delhi,Telangana,689192,"Rahul Kumar",9114723553,2022,A,8,"Chennai Institute of Technology",Active
3764,"Ananya Verma",IT,4,Female,2003-01-19,B-,9356822468,ananya3764@cit.edu.in,"78 Gandhi Road",Delhi,Karnataka,638521,"Diya Verma",9596099010,2022,C,8,"Chennai Institute of Technology",Active
3765,"Pooja Nair",MECH,1,Male,2002-03-09,AB+,9186186621,pooja3765@cit.edu.in,"74 Gandhi Road",Kolkata,Maharashtra,637044,"Karan Nair",9322997356,2025,B,2,"Chennai Institute of Technology",Active
3766,"Priya Chopra",CIVIL,1,Male,2006-04-18,AB+,9607793705,priya3766@cit.edu.in,"48 Gandhi Road",Pune,Maharashtra,638281,"Varun Chopra",9167378682,2025,C,1,"Chennai Institute of Technology",Active
3767,"Ananya Sharma",CIVIL,2,Female,2005-08-08,O+,9656735766,ananya3767@cit.edu.in,"40 Gandhi Road",Bengaluru,Karnataka,645639,"Ananya Sharma",9009167842,2024,D,4,"Chennai Institute of Technology",Active
3768,"Neha Verma",AIDS,4,Female,2006-06-09,O+,9932431908,neha3768@cit.edu.in,"34 Gandhi Road",Delhi,West Bengal,653399,"Arjun Verma",9042280326,2022,B,7,"Chennai Institute of Technology",Active
3769,"Priya Rao",EEE,1,Female,2004-02-09,A-,9527856783,priya3769@cit.edu.in,"97 Gandhi Road",Kolkata,West Bengal,641747,"Vikram Rao",9854444205,2025,C,1,"Chennai Institute of Technology",Active
3770,"Meera Kumar",ECE,4,Male,2004-08-01,AB+,9319469659,meera3770@cit.edu.in,"24 Gandhi Road",Delhi,Delhi,620864,"Rahul Kumar",9897466233,2022,C,7,"Chennai Institute of Technology",Active
3771,"Pooja Nair",CSE,4,Male,2003-08-27,AB-,9349672545,pooja3771@cit.edu.in,"94 Gandhi Road",Mumbai,Karnataka,699426,"Aditya Nair",9950912395,2022,C,7,"Chennai Institute of Technology",Active
3772,"Vikram Gupta",ECE,2,Male,2004-09-26,B+,9776440741,vikram3772@cit.edu.in,"87 Gandhi Road",Bengaluru,Karnataka,660801,"Ananya Gupta",9260683313,2024,C,3,"Chennai Institute of Technology",Active
3773,"Neha Reddy",AIML,2,Female,2006-11-22,B-,9869708338,neha3773@cit.edu.in,"39 Gandhi Road",Bengaluru,Telangana,625297,"Diya Reddy",9991550089,2024,D,3,"Chennai Institute of Technology",Active
3774,"Karan Nair",AIML,1,Male,2003-05-11,A+,9606811752,karan3774@cit.edu.in,"18 Gandhi Road",Chennai,Delhi,688097,"Ananya Nair",9002802606,2025,D,1,"Chennai Institute of Technology",Active
3775,"Vikram Verma",CIVIL,3,Male,2005-06-13,B+,9228365373,vikram3775@cit.edu.in,"46 Gandhi Road",Chennai,Delhi,633266,"Ananya Verma",9162123819,2023,A,5,"Chennai Institute of Technology",Active
3776,"Rahul Chopra",IT,1,Male,2004-11-02,B-,9688672399,rahul3776@cit.edu.in,"81 Gandhi Road",Chennai,Delhi,618419,"Ananya Chopra",9556350464,2025,C,1,"Chennai Institute of Technology",Active
3777,"Pooja Singh",AIDS,2,Female,2004-01-14,AB-,9684090459,pooja3777@cit.edu.in,"69 Gandhi Road",Chennai,Karnataka,664745,"Arjun Singh",9639478189,2024,B,4,"Chennai Institute of Technology",Active
3778,"Kavya Joshi",CSE,4,Female,2002-02-25,A+,9299060774,kavya3778@cit.edu.in,"80 Gandhi Road",Bengaluru,Tamil Nadu,607107,"Sanya Joshi",9768051422,2022,B,8,"Chennai Institute of Technology",Active
3779,"Arjun Kumar",CSE,2,Male,2006-01-26,A+,9014004145,arjun3779@cit.edu.in,"40 Gandhi Road",Pune,Telangana,645380,"Ananya Kumar",9472257124,2024,D,3,"Chennai Institute of Technology",Active
3780,"Pooja Patel",MECH,2,Female,2002-03-07,A+,9593293970,pooja3780@cit.edu.in,"76 Gandhi Road",Pune,Tamil Nadu,601672,"Kavya Patel",9193360211,2024,D,3,"Chennai Institute of Technology",Active
3781,"Karan Verma",AIDS,4,Female,2004-08-08,B+,9810202103,karan3781@cit.edu.in,"80 Gandhi Road",Kolkata,Delhi,684706,"Meera Verma",9606590525,2022,D,7,"Chennai Institute of Technology",Active
3782,"Ananya Rao",MECH,2,Male,2004-11-12,O+,9351676017,ananya3782@cit.edu.in,"93 Gandhi Road",Mumbai,Telangana,621782,"Sanya Rao",9280414610,2024,A,4,"Chennai Institute of Technology",Active
3783,"Karan Reddy",CIVIL,1,Male,2002-07-21,B+,9677271649,karan3783@cit.edu.in,"34 Gandhi Road",Kolkata,Telangana,662915,"Rohan Reddy",9750724966,2025,A,1,"Chennai Institute of Technology",Active
3784,"Aarav Rao",ECE,1,Female,2006-08-18,O-,9458643467,aarav3784@cit.edu.in,"67 Gandhi Road",Chennai,Karnataka,642106,"Karan Rao",9826581738,2025,D,2,"Chennai Institute of Technology",Active
3785,"Rahul Patel",MECH,1,Male,2003-01-13,B-,9104725549,rahul3785@cit.edu.in,"16 Gandhi Road",Pune,West Bengal,635468,"Karan Patel",9539122443,2025,C,1,"Chennai Institute of Technology",Active
3786,"Aarav Patel",EEE,3,Male,2003-02-04,AB+,9128983155,aarav3786@cit.edu.in,"64 Gandhi Road",Hyderabad,Karnataka,668626,"Diya Patel",9048277460,2023,C,5,"Chennai Institute of Technology",Active
3787,"Diya Verma",CSE,1,Female,2003-01-26,B-,9906105034,diya3787@cit.edu.in,"46 Gandhi Road",Bengaluru,Telangana,605967,"Rohan Verma",9425872184,2025,C,1,"Chennai Institute of Technology",Active
3788,"Priya Gupta",CSE,3,Male,2002-07-05,AB-,9252975934,priya3788@cit.edu.in,"66 Gandhi Road",Mumbai,Maharashtra,680390,"Aditya Gupta",9453050921,2023,D,6,"Chennai Institute of Technology",Active
3789,"Karan Singh",EEE,3,Male,2004-08-13,B-,9052218273,karan3789@cit.edu.in,"49 Gandhi Road",Pune,Karnataka,694185,"Diya Singh",9593846750,2023,C,5,"Chennai Institute of Technology",Active
3790,"Rahul Patel",AIML,3,Female,2004-03-23,AB-,9826317022,rahul3790@cit.edu.in,"20 Gandhi Road",Kolkata,Maharashtra,626827,"Vikram Patel",9981021040,2023,D,5,"Chennai Institute of Technology",Active
3791,"Vikram Verma",AIDS,4,Male,2005-01-12,AB-,9728255874,vikram3791@cit.edu.in,"22 Gandhi Road",Kolkata,Maharashtra,624508,"Karan Verma",9685705456,2022,B,8,"Chennai Institute of Technology",Active
3792,"Ananya Chopra",EEE,1,Male,2004-03-04,A-,9330061722,ananya3792@cit.edu.in,"80 Gandhi Road",Chennai,West Bengal,605519,"Sanya Chopra",9868574036,2025,C,1,"Chennai Institute of Technology",Active
3793,"Karan Singh",AIDS,2,Female,2002-07-11,A+,9407148973,karan3793@cit.edu.in,"97 Gandhi Road",Kolkata,Maharashtra,626957,"Aditya Singh",9684402092,2024,A,4,"Chennai Institute of Technology",Active
3794,"Meera Singh",EEE,1,Male,2003-06-22,AB-,9868409133,meera3794@cit.edu.in,"69 Gandhi Road",Delhi,Tamil Nadu,689661,"Priya Singh",9492112948,2025,C,2,"Chennai Institute of Technology",Active
3795,"Sanya Joshi",ECE,1,Male,2006-09-22,O+,9597926522,sanya3795@cit.edu.in,"96 Gandhi Road",Kolkata,Karnataka,652305,"Diya Joshi",9218943734,2025,A,1,"Chennai Institute of Technology",Active
3796,"Karan Mehta",AIML,1,Male,2002-03-27,A-,9186316538,karan3796@cit.edu.in,"41 Gandhi Road",Pune,West Bengal,675228,"Aarav Mehta",9544690131,2025,A,2,"Chennai Institute of Technology",Active
3797,"Varun Reddy",MECH,2,Female,2006-05-28,AB+,9971411367,varun3797@cit.edu.in,"19 Gandhi Road",Pune,Maharashtra,644915,"Rahul Reddy",9115248351,2024,A,4,"Chennai Institute of Technology",Active
3798,"Rohan Sharma",IT,1,Female,2006-09-18,O-,9137109225,rohan3798@cit.edu.in,"81 Gandhi Road",Mumbai,Delhi,629186,"Diya Sharma",9438578223,2025,B,1,"Chennai Institute of Technology",Active
3799,"Aditya Patel",IT,3,Male,2002-05-03,B-,9614671422,aditya3799@cit.edu.in,"96 Gandhi Road",Mumbai,Telangana,671815,"Kavya Patel",9627226737,2023,D,5,"Chennai Institute of Technology",Active
3800,"Karan Reddy",CIVIL,4,Female,2005-05-15,B+,9943883375,karan3800@cit.edu.in,"66 Gandhi Road",Mumbai,Delhi,696216,"Aditya Reddy",9031195577,2022,D,7,"Chennai Institute of Technology",Active
3801,"Aarav Kumar",IT,2,Male,2002-08-12,O-,9281978771,aarav3801@cit.edu.in,"57 Gandhi Road",Kolkata,Delhi,670398,"Aditya Kumar",9874724472,2024,D,3,"Chennai Institute of Technology",Active
3802,"Neha Joshi",CIVIL,2,Male,2003-08-23,B-,9304196597,neha3802@cit.edu.in,"28 Gandhi Road",Delhi,Maharashtra,634156,"Ananya Joshi",9780162742,2024,A,3,"Chennai Institute of Technology",Active
3803,"Sanya Sharma",EEE,3,Male,2005-07-25,A+,9956051387,sanya3803@cit.edu.in,"50 Gandhi Road",Mumbai,Delhi,603480,"Priya Sharma",9491198344,2023,B,5,"Chennai Institute of Technology",Active
3804,"Sanya Sharma",CIVIL,4,Male,2005-09-03,A+,9446663351,sanya3804@cit.edu.in,"94 Gandhi Road",Pune,Karnataka,698771,"Karan Sharma",9776285260,2022,A,8,"Chennai Institute of Technology",Active
3805,"Sanya Kumar",ECE,3,Male,2006-12-11,O-,9193279349,sanya3805@cit.edu.in,"49 Gandhi Road",Kolkata,Karnataka,671930,"Rohan Kumar",9937288845,2023,C,5,"Chennai Institute of Technology",Active
3806,"Ananya Nair",ECE,2,Male,2005-06-17,O-,9245609466,ananya3806@cit.edu.in,"12 Gandhi Road",Delhi,Telangana,629806,"Rohan Nair",9006650580,2024,C,3,"Chennai Institute of Technology",Active
3807,"Neha Chopra",AIML,2,Male,2005-06-11,B+,9886273180,neha3807@cit.edu.in,"49 Gandhi Road",Pune,West Bengal,619381,"Ananya Chopra",9918084940,2024,B,4,"Chennai Institute of Technology",Active
3808,"Karan Kumar",AIDS,4,Male,2004-07-03,A-,9644911196,karan3808@cit.edu.in,"29 Gandhi Road",Bengaluru,Tamil Nadu,673124,"Pooja Kumar",9558184235,2022,D,8,"Chennai Institute of Technology",Active
3809,"Karan Verma",CSE,2,Male,2002-07-02,A-,9931739146,karan3809@cit.edu.in,"50 Gandhi Road",Hyderabad,Maharashtra,656590,"Meera Verma",9339443743,2024,A,4,"Chennai Institute of Technology",Active
3810,"Rohan Sharma",AIDS,3,Male,2006-07-11,B+,9056772685,rohan3810@cit.edu.in,"88 Gandhi Road",Kolkata,Delhi,676503,"Varun Sharma",9945009119,2023,B,6,"Chennai Institute of Technology",Active
3811,"Meera Nair",MECH,1,Female,2002-06-09,A+,9919414175,meera3811@cit.edu.in,"82 Gandhi Road",Kolkata,Delhi,679938,"Varun Nair",9465542386,2025,B,2,"Chennai Institute of Technology",Active
3812,"Aditya Joshi",ECE,2,Female,2006-12-09,AB-,9728140948,aditya3812@cit.edu.in,"58 Gandhi Road",Pune,Tamil Nadu,615905,"Neha Joshi",9523878202,2024,C,4,"Chennai Institute of Technology",Active
3813,"Arjun Chopra",AIDS,3,Female,2005-09-19,A+,9620763954,arjun3813@cit.edu.in,"27 Gandhi Road",Bengaluru,Delhi,651887,"Diya Chopra",9689583925,2023,A,5,"Chennai Institute of Technology",Active
3814,"Karan Reddy",AIML,4,Male,2004-07-24,AB-,9990957460,karan3814@cit.edu.in,"63 Gandhi Road",Kolkata,Maharashtra,622705,"Aditya Reddy",9678365526,2022,B,8,"Chennai Institute of Technology",Active
3815,"Diya Sharma",IT,3,Female,2006-06-24,A-,9799208438,diya3815@cit.edu.in,"74 Gandhi Road",Pune,Karnataka,689622,"Priya Sharma",9340376027,2023,A,6,"Chennai Institute of Technology",Active
3816,"Varun Rao",AIML,3,Female,2004-07-14,O+,9535898550,varun3816@cit.edu.in,"18 Gandhi Road",Hyderabad,Maharashtra,618140,"Vikram Rao",9083948191,2023,D,5,"Chennai Institute of Technology",Active
3817,"Sanya Reddy",AIDS,2,Female,2006-02-11,AB-,9781479237,sanya3817@cit.edu.in,"75 Gandhi Road",Pune,Maharashtra,675705,"Karan Reddy",9129531682,2024,A,3,"Chennai Institute of Technology",Active
3818,"Rahul Sharma",ECE,1,Female,2006-06-04,A-,9843030730,rahul3818@cit.edu.in,"11 Gandhi Road",Bengaluru,West Bengal,606215,"Ananya Sharma",9103245398,2025,D,2,"Chennai Institute of Technology",Active
3819,"Meera Mehta",IT,3,Male,2003-07-17,O+,9709961751,meera3819@cit.edu.in,"58 Gandhi Road",Bengaluru,West Bengal,691137,"Vikram Mehta",9399450764,2023,C,5,"Chennai Institute of Technology",Active
3820,"Aarav Patel",AIML,2,Female,2004-05-26,AB-,9524254561,aarav3820@cit.edu.in,"61 Gandhi Road",Delhi,Delhi,616033,"Pooja Patel",9292416395,2024,C,4,"Chennai Institute of Technology",Active
3821,"Pooja Verma",IT,2,Female,2005-02-21,B-,9850193075,pooja3821@cit.edu.in,"88 Gandhi Road",Bengaluru,West Bengal,602032,"Sanya Verma",9574165463,2024,B,3,"Chennai Institute of Technology",Active
3822,"Meera Sharma",MECH,1,Male,2003-06-22,A-,9116978859,meera3822@cit.edu.in,"87 Gandhi Road",Pune,West Bengal,690010,"Rahul Sharma",9594772566,2025,A,1,"Chennai Institute of Technology",Active
3823,"Sanya Nair",IT,1,Female,2003-08-13,A+,9011758933,sanya3823@cit.edu.in,"99 Gandhi Road",Pune,West Bengal,691542,"Varun Nair",9025717236,2025,D,2,"Chennai Institute of Technology",Active
3824,"Sanya Sharma",CIVIL,4,Male,2006-10-27,AB-,9471716904,sanya3824@cit.edu.in,"33 Gandhi Road",Mumbai,Maharashtra,645256,"Aditya Sharma",9924845866,2022,D,7,"Chennai Institute of Technology",Active
3825,"Kavya Gupta",IT,3,Male,2004-02-17,AB-,9398168050,kavya3825@cit.edu.in,"89 Gandhi Road",Bengaluru,West Bengal,606604,"Sanya Gupta",9510895903,2023,A,5,"Chennai Institute of Technology",Active
3826,"Meera Verma",AIML,2,Female,2005-11-11,A-,9689846364,meera3826@cit.edu.in,"23 Gandhi Road",Pune,West Bengal,677206,"Rohan Verma",9710742173,2024,D,3,"Chennai Institute of Technology",Active
3827,"Aditya Patel",IT,2,Female,2003-08-03,O-,9862681795,aditya3827@cit.edu.in,"60 Gandhi Road",Mumbai,Maharashtra,674929,"Varun Patel",9314858136,2024,C,3,"Chennai Institute of Technology",Active
3828,"Diya Rao",AIML,4,Male,2005-10-14,O+,9127712332,diya3828@cit.edu.in,"38 Gandhi Road",Pune,Karnataka,670786,"Rahul Rao",9201162038,2022,A,8,"Chennai Institute of Technology",Active
3829,"Kavya Mehta",CIVIL,4,Female,2004-10-06,B+,9577032617,kavya3829@cit.edu.in,"94 Gandhi Road",Bengaluru,Delhi,693239,"Sanya Mehta",9191717942,2022,C,8,"Chennai Institute of Technology",Active
3830,"Kavya Reddy",IT,4,Male,2004-08-22,B+,9770277781,kavya3830@cit.edu.in,"64 Gandhi Road",Chennai,West Bengal,668712,"Varun Reddy",9166946014,2022,D,7,"Chennai Institute of Technology",Active
3831,"Sanya Joshi",MECH,3,Male,2004-11-02,B+,9536879833,sanya3831@cit.edu.in,"30 Gandhi Road",Delhi,Maharashtra,649574,"Diya Joshi",9548572927,2023,B,6,"Chennai Institute of Technology",Active
3832,"Diya Gupta",CIVIL,2,Female,2005-05-25,AB-,9369824631,diya3832@cit.edu.in,"61 Gandhi Road",Chennai,Karnataka,686302,"Varun Gupta",9125721970,2024,D,3,"Chennai Institute of Technology",Active
3833,"Varun Reddy",IT,1,Female,2003-06-06,O-,9592355871,varun3833@cit.edu.in,"86 Gandhi Road",Delhi,Telangana,663999,"Rahul Reddy",9402229508,2025,A,1,"Chennai Institute of Technology",Active
3834,"Pooja Joshi",CSE,3,Female,2005-11-24,AB+,9459063936,pooja3834@cit.edu.in,"56 Gandhi Road",Kolkata,Tamil Nadu,662765,"Diya Joshi",9822305283,2023,A,5,"Chennai Institute of Technology",Active
3835,"Diya Mehta",AIDS,2,Female,2003-09-10,A-,9328118662,diya3835@cit.edu.in,"77 Gandhi Road",Bengaluru,Telangana,612655,"Pooja Mehta",9288067264,2024,A,3,"Chennai Institute of Technology",Active
3836,"Vikram Sharma",AIDS,2,Female,2002-11-09,O-,9104984152,vikram3836@cit.edu.in,"50 Gandhi Road",Chennai,West Bengal,694141,"Pooja Sharma",9219967480,2024,C,4,"Chennai Institute of Technology",Active
3837,"Ananya Verma",AIDS,1,Male,2003-12-18,A-,9603064873,ananya3837@cit.edu.in,"62 Gandhi Road",Mumbai,Telangana,697923,"Rohan Verma",9367979209,2025,A,1,"Chennai Institute of Technology",Active
3838,"Priya Sharma",ECE,4,Female,2003-08-08,A+,9699351635,priya3838@cit.edu.in,"64 Gandhi Road",Kolkata,West Bengal,690120,"Diya Sharma",9780758695,2022,D,8,"Chennai Institute of Technology",Active
3839,"Aarav Singh",EEE,1,Female,2006-08-26,O-,9204641253,aarav3839@cit.edu.in,"26 Gandhi Road",Chennai,Telangana,696600,"Neha Singh",9918189255,2025,A,1,"Chennai Institute of Technology",Active
3840,"Arjun Nair",CIVIL,3,Male,2006-11-15,O-,9060892904,arjun3840@cit.edu.in,"81 Gandhi Road",Bengaluru,Maharashtra,682298,"Priya Nair",9022358659,2023,A,6,"Chennai Institute of Technology",Active
3841,"Varun Rao",IT,3,Male,2002-11-08,A+,9755713177,varun3841@cit.edu.in,"26 Gandhi Road",Hyderabad,West Bengal,650381,"Aarav Rao",9211589574,2023,C,5,"Chennai Institute of Technology",Active
3842,"Kavya Rao",IT,3,Female,2005-08-10,AB-,9801678411,kavya3842@cit.edu.in,"47 Gandhi Road",Pune,Tamil Nadu,637157,"Neha Rao",9856972396,2023,C,5,"Chennai Institute of Technology",Active
3843,"Kavya Reddy",ECE,4,Male,2002-09-09,A-,9059423836,kavya3843@cit.edu.in,"11 Gandhi Road",Delhi,Delhi,602109,"Pooja Reddy",9940053344,2022,C,7,"Chennai Institute of Technology",Active
3844,"Ananya Mehta",ECE,1,Female,2004-06-22,O-,9884433839,ananya3844@cit.edu.in,"37 Gandhi Road",Chennai,Karnataka,697495,"Priya Mehta",9845391392,2025,C,2,"Chennai Institute of Technology",Active
3845,"Ananya Singh",AIML,1,Female,2006-08-12,O+,9882439857,ananya3845@cit.edu.in,"25 Gandhi Road",Pune,Delhi,643651,"Ananya Singh",9199082167,2025,A,1,"Chennai Institute of Technology",Active
3846,"Rohan Nair",IT,2,Male,2004-07-19,B+,9828241043,rohan3846@cit.edu.in,"39 Gandhi Road",Chennai,Karnataka,648884,"Rohan Nair",9644103969,2024,B,3,"Chennai Institute of Technology",Active
3847,"Priya Chopra",AIML,1,Male,2005-03-03,AB+,9830707488,priya3847@cit.edu.in,"96 Gandhi Road",Hyderabad,Maharashtra,653279,"Sanya Chopra",9334456415,2025,B,2,"Chennai Institute of Technology",Active
3848,"Diya Kumar",ECE,4,Male,2002-01-28,O-,9978057746,diya3848@cit.edu.in,"12 Gandhi Road",Kolkata,Maharashtra,687520,"Kavya Kumar",9019827418,2022,B,8,"Chennai Institute of Technology",Active
3849,"Vikram Kumar",EEE,2,Female,2004-04-26,O-,9076226278,vikram3849@cit.edu.in,"44 Gandhi Road",Delhi,Maharashtra,602302,"Karan Kumar",9016452516,2024,B,4,"Chennai Institute of Technology",Active
3850,"Aarav Joshi",CSE,1,Male,2005-09-10,O-,9030896712,aarav3850@cit.edu.in,"65 Gandhi Road",Delhi,Delhi,626870,"Diya Joshi",9083780575,2025,B,1,"Chennai Institute of Technology",Active
3851,"Arjun Sharma",IT,4,Male,2005-07-06,O-,9526414690,arjun3851@cit.edu.in,"52 Gandhi Road",Mumbai,Karnataka,664617,"Priya Sharma",9792001145,2022,C,7,"Chennai Institute of Technology",Active
3852,"Priya Kumar",AIDS,4,Male,2006-02-11,O+,9094873193,priya3852@cit.edu.in,"92 Gandhi Road",Hyderabad,Delhi,683427,"Sanya Kumar",9974805020,2022,D,8,"Chennai Institute of Technology",Active
3853,"Diya Singh",CIVIL,1,Female,2006-12-25,B-,9349864864,diya3853@cit.edu.in,"83 Gandhi Road",Chennai,Maharashtra,636640,"Sanya Singh",9656901744,2025,A,1,"Chennai Institute of Technology",Active
3854,"Aditya Nair",MECH,2,Male,2006-10-14,O-,9182045193,aditya3854@cit.edu.in,"33 Gandhi Road",Pune,Telangana,692505,"Karan Nair",9236982636,2024,B,4,"Chennai Institute of Technology",Active
3855,"Arjun Chopra",IT,4,Female,2004-04-15,B-,9442065578,arjun3855@cit.edu.in,"36 Gandhi Road",Mumbai,Maharashtra,633206,"Kavya Chopra",9212047506,2022,D,8,"Chennai Institute of Technology",Active
3856,"Ananya Nair",CSE,3,Male,2005-11-11,B+,9793563012,ananya3856@cit.edu.in,"82 Gandhi Road",Chennai,Delhi,663914,"Ananya Nair",9380231071,2023,C,5,"Chennai Institute of Technology",Active
3857,"Kavya Singh",IT,2,Male,2003-06-20,B-,9522212966,kavya3857@cit.edu.in,"52 Gandhi Road",Hyderabad,West Bengal,647953,"Varun Singh",9841121489,2024,B,4,"Chennai Institute of Technology",Active
3858,"Vikram Chopra",AIML,2,Female,2004-09-17,B-,9626050036,vikram3858@cit.edu.in,"77 Gandhi Road",Chennai,Telangana,663793,"Priya Chopra",9121286791,2024,C,3,"Chennai Institute of Technology",Active
3859,"Varun Nair",IT,2,Female,2006-06-15,B+,9222569120,varun3859@cit.edu.in,"69 Gandhi Road",Kolkata,Karnataka,663423,"Priya Nair",9281095824,2024,D,4,"Chennai Institute of Technology",Active
3860,"Rohan Nair",CIVIL,4,Male,2005-01-18,A+,9711059869,rohan3860@cit.edu.in,"53 Gandhi Road",Kolkata,Delhi,610710,"Meera Nair",9494402335,2022,A,8,"Chennai Institute of Technology",Active
3861,"Kavya Kumar",CIVIL,2,Male,2004-12-17,O-,9029126186,kavya3861@cit.edu.in,"68 Gandhi Road",Kolkata,Telangana,699749,"Aditya Kumar",9063942701,2024,D,3,"Chennai Institute of Technology",Active
3862,"Priya Rao",MECH,2,Female,2002-09-13,B+,9711681359,priya3862@cit.edu.in,"90 Gandhi Road",Kolkata,Tamil Nadu,647842,"Ananya Rao",9144304029,2024,D,4,"Chennai Institute of Technology",Active
3863,"Pooja Chopra",AIML,2,Male,2006-02-13,B-,9404336045,pooja3863@cit.edu.in,"70 Gandhi Road",Hyderabad,Tamil Nadu,607011,"Diya Chopra",9621230308,2024,A,3,"Chennai Institute of Technology",Active
3864,"Karan Gupta",IT,4,Male,2003-08-03,A+,9826252782,karan3864@cit.edu.in,"50 Gandhi Road",Delhi,Delhi,655546,"Rohan Gupta",9456688163,2022,C,7,"Chennai Institute of Technology",Active
3865,"Aarav Gupta",CIVIL,4,Female,2005-02-17,B-,9113245291,aarav3865@cit.edu.in,"26 Gandhi Road",Mumbai,Karnataka,619680,"Rohan Gupta",9262372508,2022,C,7,"Chennai Institute of Technology",Active
3866,"Karan Chopra",AIDS,4,Female,2003-02-22,AB-,9839696187,karan3866@cit.edu.in,"44 Gandhi Road",Bengaluru,Delhi,670897,"Kavya Chopra",9644837895,2022,D,8,"Chennai Institute of Technology",Active
3867,"Priya Rao",CSE,4,Female,2005-01-25,O-,9826903247,priya3867@cit.edu.in,"68 Gandhi Road",Bengaluru,West Bengal,642085,"Ananya Rao",9313269203,2022,D,7,"Chennai Institute of Technology",Active
3868,"Diya Reddy",AIML,4,Female,2003-12-07,A-,9320242543,diya3868@cit.edu.in,"72 Gandhi Road",Chennai,West Bengal,612293,"Ananya Reddy",9535235531,2022,C,7,"Chennai Institute of Technology",Active
3869,"Varun Gupta",EEE,1,Male,2002-07-06,AB-,9082496640,varun3869@cit.edu.in,"17 Gandhi Road",Chennai,Tamil Nadu,645271,"Aarav Gupta",9792917611,2025,C,1,"Chennai Institute of Technology",Active
3870,"Priya Nair",AIML,2,Female,2006-10-04,B-,9017854841,priya3870@cit.edu.in,"82 Gandhi Road",Kolkata,Telangana,684913,"Karan Nair",9338389442,2024,A,4,"Chennai Institute of Technology",Active
3871,"Aarav Nair",IT,3,Male,2004-08-06,B+,9181742771,aarav3871@cit.edu.in,"26 Gandhi Road",Kolkata,West Bengal,679863,"Meera Nair",9924049252,2023,C,6,"Chennai Institute of Technology",Active
3872,"Neha Patel",IT,3,Male,2003-09-08,A-,9605281578,neha3872@cit.edu.in,"86 Gandhi Road",Delhi,Karnataka,631826,"Ananya Patel",9610968210,2023,A,6,"Chennai Institute of Technology",Active
3873,"Aditya Reddy",IT,1,Female,2005-02-23,A-,9699116192,aditya3873@cit.edu.in,"72 Gandhi Road",Chennai,Delhi,643161,"Neha Reddy",9145599844,2025,D,1,"Chennai Institute of Technology",Active
3874,"Rohan Kumar",IT,2,Female,2005-05-24,O-,9067471486,rohan3874@cit.edu.in,"58 Gandhi Road",Kolkata,Delhi,666849,"Kavya Kumar",9270862918,2024,C,4,"Chennai Institute of Technology",Active
3875,"Meera Joshi",EEE,3,Male,2005-02-02,B+,9093355541,meera3875@cit.edu.in,"31 Gandhi Road",Hyderabad,Delhi,600244,"Neha Joshi",9122194660,2023,D,5,"Chennai Institute of Technology",Active
3876,"Priya Reddy",AIML,4,Male,2004-09-12,B-,9913347575,priya3876@cit.edu.in,"35 Gandhi Road",Chennai,Karnataka,649586,"Aarav Reddy",9575312910,2022,A,7,"Chennai Institute of Technology",Active
3877,"Rohan Mehta",CSE,1,Female,2004-01-25,B+,9675720740,rohan3877@cit.edu.in,"57 Gandhi Road",Mumbai,Delhi,606498,"Kavya Mehta",9440104363,2025,D,2,"Chennai Institute of Technology",Active
3878,"Vikram Joshi",AIML,3,Female,2002-05-03,AB-,9749169814,vikram3878@cit.edu.in,"64 Gandhi Road",Kolkata,Karnataka,671959,"Arjun Joshi",9181742705,2023,C,5,"Chennai Institute of Technology",Active
3879,"Diya Kumar",IT,1,Male,2004-02-02,AB+,9661565882,diya3879@cit.edu.in,"67 Gandhi Road",Delhi,Karnataka,691757,"Diya Kumar",9198627874,2025,D,2,"Chennai Institute of Technology",Active
3880,"Ananya Joshi",MECH,2,Male,2003-10-12,A+,9318702847,ananya3880@cit.edu.in,"34 Gandhi Road",Bengaluru,West Bengal,605715,"Arjun Joshi",9298532550,2024,B,3,"Chennai Institute of Technology",Active
3881,"Priya Nair",AIML,3,Male,2004-05-25,A-,9875626835,priya3881@cit.edu.in,"26 Gandhi Road",Kolkata,Telangana,617340,"Aarav Nair",9564193103,2023,C,6,"Chennai Institute of Technology",Active
3882,"Priya Rao",IT,3,Female,2003-05-26,B+,9012693628,priya3882@cit.edu.in,"44 Gandhi Road",Chennai,Maharashtra,681303,"Pooja Rao",9594998912,2023,D,5,"Chennai Institute of Technology",Active
3883,"Pooja Chopra",AIDS,2,Female,2006-01-23,O-,9097302694,pooja3883@cit.edu.in,"70 Gandhi Road",Delhi,Telangana,606330,"Vikram Chopra",9149219802,2024,D,3,"Chennai Institute of Technology",Active
3884,"Pooja Reddy",MECH,3,Female,2003-11-25,B+,9004441741,pooja3884@cit.edu.in,"87 Gandhi Road",Mumbai,Karnataka,647745,"Sanya Reddy",9189844087,2023,A,6,"Chennai Institute of Technology",Active
3885,"Neha Chopra",CIVIL,2,Male,2004-08-13,A-,9779030170,neha3885@cit.edu.in,"77 Gandhi Road",Hyderabad,Delhi,622911,"Diya Chopra",9192725685,2024,B,3,"Chennai Institute of Technology",Active
3886,"Karan Gupta",AIML,2,Male,2002-12-23,A-,9293479889,karan3886@cit.edu.in,"34 Gandhi Road",Bengaluru,Telangana,679272,"Vikram Gupta",9667518936,2024,C,3,"Chennai Institute of Technology",Active
3887,"Arjun Nair",MECH,3,Female,2002-12-09,O-,9492295428,arjun3887@cit.edu.in,"80 Gandhi Road",Delhi,West Bengal,627075,"Aarav Nair",9053589951,2023,B,6,"Chennai Institute of Technology",Active
3888,"Neha Gupta",AIDS,1,Female,2006-11-22,AB+,9678054283,neha3888@cit.edu.in,"92 Gandhi Road",Hyderabad,Delhi,656317,"Ananya Gupta",9483912477,2025,D,2,"Chennai Institute of Technology",Active
3889,"Aditya Verma",ECE,4,Female,2005-06-04,O+,9559725103,aditya3889@cit.edu.in,"16 Gandhi Road",Mumbai,West Bengal,639451,"Sanya Verma",9424236936,2022,C,7,"Chennai Institute of Technology",Active
3890,"Kavya Joshi",EEE,1,Female,2005-06-14,AB-,9678079412,kavya3890@cit.edu.in,"51 Gandhi Road",Hyderabad,Telangana,666622,"Ananya Joshi",9637644570,2025,D,2,"Chennai Institute of Technology",Active
3891,"Aditya Gupta",CIVIL,2,Female,2002-06-18,AB-,9933486639,aditya3891@cit.edu.in,"27 Gandhi Road",Bengaluru,Maharashtra,648443,"Ananya Gupta",9499363161,2024,A,4,"Chennai Institute of Technology",Active
3892,"Aditya Kumar",CSE,2,Female,2005-06-11,B+,9619695531,aditya3892@cit.edu.in,"86 Gandhi Road",Bengaluru,West Bengal,661264,"Varun Kumar",9522016650,2024,A,3,"Chennai Institute of Technology",Active
3893,"Rahul Patel",ECE,1,Male,2005-01-24,B+,9562071824,rahul3893@cit.edu.in,"14 Gandhi Road",Kolkata,Delhi,695165,"Kavya Patel",9156804560,2025,A,1,"Chennai Institute of Technology",Active
3894,"Pooja Gupta",MECH,2,Female,2003-01-19,O+,9037548972,pooja3894@cit.edu.in,"39 Gandhi Road",Pune,Maharashtra,678490,"Pooja Gupta",9282825740,2024,D,3,"Chennai Institute of Technology",Active
3895,"Arjun Gupta",AIML,1,Female,2006-11-05,AB-,9757416213,arjun3895@cit.edu.in,"80 Gandhi Road",Bengaluru,Delhi,647746,"Pooja Gupta",9975174000,2025,B,2,"Chennai Institute of Technology",Active
3896,"Karan Singh",CIVIL,3,Male,2003-10-19,O+,9660991490,karan3896@cit.edu.in,"20 Gandhi Road",Chennai,Maharashtra,613641,"Rohan Singh",9933317423,2023,B,6,"Chennai Institute of Technology",Active
3897,"Aditya Reddy",CIVIL,3,Male,2005-02-28,B+,9171447350,aditya3897@cit.edu.in,"61 Gandhi Road",Kolkata,Karnataka,618493,"Karan Reddy",9122957623,2023,D,6,"Chennai Institute of Technology",Active
3898,"Priya Joshi",AIML,3,Male,2002-08-27,A+,9889280912,priya3898@cit.edu.in,"86 Gandhi Road",Mumbai,Telangana,617495,"Aditya Joshi",9497780685,2023,C,6,"Chennai Institute of Technology",Active
3899,"Karan Rao",EEE,3,Female,2004-10-08,O-,9144868067,karan3899@cit.edu.in,"34 Gandhi Road",Kolkata,Delhi,691478,"Ananya Rao",9599450630,2023,D,6,"Chennai Institute of Technology",Active
3900,"Neha Singh",MECH,4,Male,2006-03-08,A-,9351938689,neha3900@cit.edu.in,"59 Gandhi Road",Kolkata,Tamil Nadu,610360,"Meera Singh",9315557538,2022,B,8,"Chennai Institute of Technology",Active
3901,"Varun Rao",EEE,1,Female,2002-07-09,A-,9120391095,varun3901@cit.edu.in,"41 Gandhi Road",Bengaluru,Karnataka,629542,"Aarav Rao",9897674501,2025,D,1,"Chennai Institute of Technology",Active
3902,"Neha Chopra",AIML,4,Male,2006-06-25,B+,9537413566,neha3902@cit.edu.in,"73 Gandhi Road",Delhi,Maharashtra,631768,"Meera Chopra",9528548014,2022,D,8,"Chennai Institute of Technology",Active
3903,"Vikram Singh",MECH,1,Male,2006-07-19,AB-,9406279912,vikram3903@cit.edu.in,"42 Gandhi Road",Kolkata,Telangana,687146,"Rahul Singh",9763676811,2025,C,2,"Chennai Institute of Technology",Active
3904,"Pooja Nair",AIML,3,Female,2006-11-26,A+,9254350185,pooja3904@cit.edu.in,"22 Gandhi Road",Chennai,Tamil Nadu,632972,"Aditya Nair",9615503312,2023,B,5,"Chennai Institute of Technology",Active
3905,"Priya Chopra",CSE,2,Female,2004-12-09,O-,9373998281,priya3905@cit.edu.in,"99 Gandhi Road",Pune,West Bengal,620981,"Ananya Chopra",9538951935,2024,B,3,"Chennai Institute of Technology",Active
3906,"Sanya Verma",AIDS,2,Female,2005-09-02,A-,9968837013,sanya3906@cit.edu.in,"59 Gandhi Road",Delhi,Delhi,645594,"Pooja Verma",9440037874,2024,C,3,"Chennai Institute of Technology",Active
3907,"Sanya Patel",EEE,3,Male,2004-09-13,O-,9313385629,sanya3907@cit.edu.in,"31 Gandhi Road",Kolkata,West Bengal,666116,"Neha Patel",9774612189,2023,D,6,"Chennai Institute of Technology",Active
3908,"Sanya Mehta",IT,3,Male,2002-06-25,AB-,9710521251,sanya3908@cit.edu.in,"85 Gandhi Road",Delhi,West Bengal,683220,"Rohan Mehta",9829523463,2023,B,5,"Chennai Institute of Technology",Active
3909,"Pooja Verma",AIDS,2,Female,2006-06-11,AB+,9779651028,pooja3909@cit.edu.in,"22 Gandhi Road",Pune,Maharashtra,634431,"Varun Verma",9117137044,2024,B,4,"Chennai Institute of Technology",Active
3910,"Neha Nair",MECH,2,Female,2003-05-27,B-,9030969141,neha3910@cit.edu.in,"69 Gandhi Road",Mumbai,Karnataka,657644,"Pooja Nair",9989603254,2024,B,3,"Chennai Institute of Technology",Active
3911,"Aditya Verma",CSE,2,Male,2004-02-28,AB+,9964545291,aditya3911@cit.edu.in,"32 Gandhi Road",Delhi,Delhi,674684,"Aditya Verma",9718660827,2024,D,4,"Chennai Institute of Technology",Active
3912,"Rahul Mehta",CIVIL,2,Male,2004-07-10,B-,9505940213,rahul3912@cit.edu.in,"25 Gandhi Road",Kolkata,Karnataka,649957,"Priya Mehta",9745449175,2024,A,4,"Chennai Institute of Technology",Active
3913,"Aarav Verma",IT,4,Male,2005-12-26,A+,9542869175,aarav3913@cit.edu.in,"35 Gandhi Road",Hyderabad,Karnataka,642691,"Karan Verma",9311106907,2022,A,8,"Chennai Institute of Technology",Active
3914,"Priya Joshi",AIDS,1,Male,2006-07-28,B+,9814078752,priya3914@cit.edu.in,"47 Gandhi Road",Kolkata,West Bengal,610127,"Neha Joshi",9943537247,2025,C,1,"Chennai Institute of Technology",Active
3915,"Aditya Reddy",IT,1,Male,2002-09-13,O+,9782152733,aditya3915@cit.edu.in,"49 Gandhi Road",Chennai,West Bengal,634291,"Aarav Reddy",9629956975,2025,C,1,"Chennai Institute of Technology",Active
3916,"Karan Reddy",AIML,3,Male,2002-05-25,AB-,9831947996,karan3916@cit.edu.in,"84 Gandhi Road",Chennai,Karnataka,680789,"Karan Reddy",9955257030,2023,B,6,"Chennai Institute of Technology",Active
3917,"Karan Reddy",AIDS,4,Female,2002-12-14,B+,9526098823,karan3917@cit.edu.in,"92 Gandhi Road",Bengaluru,Delhi,636827,"Priya Reddy",9904403685,2022,D,7,"Chennai Institute of Technology",Active
3918,"Aarav Kumar",CSE,1,Male,2002-05-18,AB+,9634001441,aarav3918@cit.edu.in,"81 Gandhi Road",Pune,Tamil Nadu,621427,"Rohan Kumar",9460675592,2025,D,2,"Chennai Institute of Technology",Active
3919,"Rahul Nair",AIML,3,Male,2004-12-23,O-,9212700101,rahul3919@cit.edu.in,"10 Gandhi Road",Mumbai,Delhi,605300,"Meera Nair",9357954564,2023,A,5,"Chennai Institute of Technology",Active
3920,"Rahul Chopra",CSE,3,Female,2002-01-23,O-,9721884156,rahul3920@cit.edu.in,"70 Gandhi Road",Bengaluru,Karnataka,686693,"Priya Chopra",9261529715,2023,A,6,"Chennai Institute of Technology",Active
3921,"Priya Gupta",AIDS,4,Male,2005-08-24,B-,9683817834,priya3921@cit.edu.in,"90 Gandhi Road",Hyderabad,West Bengal,673340,"Karan Gupta",9239530598,2022,D,7,"Chennai Institute of Technology",Active
3922,"Varun Sharma",ECE,3,Female,2006-04-09,O-,9119532449,varun3922@cit.edu.in,"39 Gandhi Road",Delhi,West Bengal,679992,"Aarav Sharma",9052751606,2023,B,5,"Chennai Institute of Technology",Active
3923,"Neha Mehta",AIDS,1,Male,2004-03-17,B-,9914153388,neha3923@cit.edu.in,"40 Gandhi Road",Kolkata,Karnataka,673226,"Aarav Mehta",9351953476,2025,B,1,"Chennai Institute of Technology",Active
3924,"Aditya Sharma",IT,2,Male,2005-04-23,A-,9129895750,aditya3924@cit.edu.in,"93 Gandhi Road",Kolkata,Delhi,633670,"Kavya Sharma",9739046998,2024,C,4,"Chennai Institute of Technology",Active
3925,"Ananya Reddy",IT,1,Male,2003-01-24,B+,9047092392,ananya3925@cit.edu.in,"35 Gandhi Road",Hyderabad,Tamil Nadu,659724,"Varun Reddy",9611878986,2025,B,2,"Chennai Institute of Technology",Active
3926,"Priya Verma",AIML,4,Male,2005-10-01,A-,9505566619,priya3926@cit.edu.in,"21 Gandhi Road",Bengaluru,Delhi,696407,"Vikram Verma",9112523678,2022,A,7,"Chennai Institute of Technology",Active
3927,"Neha Gupta",IT,3,Female,2006-01-16,AB-,9872411747,neha3927@cit.edu.in,"72 Gandhi Road",Bengaluru,West Bengal,685291,"Aditya Gupta",9879696957,2023,C,6,"Chennai Institute of Technology",Active
3928,"Meera Singh",MECH,1,Female,2005-07-24,A+,9325812346,meera3928@cit.edu.in,"33 Gandhi Road",Kolkata,Karnataka,649961,"Rahul Singh",9809029617,2025,A,2,"Chennai Institute of Technology",Active
3929,"Ananya Kumar",EEE,2,Male,2004-02-25,O-,9491629359,ananya3929@cit.edu.in,"36 Gandhi Road",Mumbai,Telangana,694048,"Vikram Kumar",9270114806,2024,C,3,"Chennai Institute of Technology",Active
3930,"Diya Rao",AIDS,1,Male,2003-07-25,A-,9660046955,diya3930@cit.edu.in,"31 Gandhi Road",Delhi,Tamil Nadu,670579,"Kavya Rao",9854487886,2025,B,1,"Chennai Institute of Technology",Active
3931,"Pooja Singh",AIDS,3,Female,2004-11-09,B+,9554182263,pooja3931@cit.edu.in,"49 Gandhi Road",Pune,Delhi,638900,"Aditya Singh",9550865031,2023,B,5,"Chennai Institute of Technology",Active
3932,"Kavya Patel",AIDS,1,Female,2006-11-12,O+,9127372274,kavya3932@cit.edu.in,"81 Gandhi Road",Mumbai,Delhi,602519,"Pooja Patel",9606211721,2025,A,2,"Chennai Institute of Technology",Active
3933,"Aarav Patel",MECH,4,Male,2005-10-07,A-,9280752126,aarav3933@cit.edu.in,"60 Gandhi Road",Pune,Delhi,684006,"Sanya Patel",9015600381,2022,C,7,"Chennai Institute of Technology",Active
3934,"Meera Kumar",CSE,3,Female,2002-03-21,AB+,9670297773,meera3934@cit.edu.in,"57 Gandhi Road",Chennai,Delhi,637831,"Pooja Kumar",9505857037,2023,D,6,"Chennai Institute of Technology",Active
3935,"Kavya Sharma",ECE,3,Male,2003-01-09,B+,9834929250,kavya3935@cit.edu.in,"17 Gandhi Road",Hyderabad,Karnataka,623017,"Karan Sharma",9769127227,2023,A,5,"Chennai Institute of Technology",Active
3936,"Varun Patel",IT,2,Female,2003-01-13,O-,9137264716,varun3936@cit.edu.in,"34 Gandhi Road",Delhi,Maharashtra,602472,"Sanya Patel",9507733601,2024,D,3,"Chennai Institute of Technology",Active
3937,"Sanya Joshi",AIDS,4,Female,2004-03-07,B+,9308196088,sanya3937@cit.edu.in,"14 Gandhi Road",Bengaluru,Tamil Nadu,671965,"Kavya Joshi",9787995085,2022,B,7,"Chennai Institute of Technology",Active
3938,"Rahul Patel",ECE,1,Male,2004-07-14,O-,9794785658,rahul3938@cit.edu.in,"71 Gandhi Road",Mumbai,Maharashtra,664143,"Kavya Patel",9258951115,2025,C,2,"Chennai Institute of Technology",Active
3939,"Aditya Patel",AIML,4,Male,2004-06-21,AB-,9583616065,aditya3939@cit.edu.in,"41 Gandhi Road",Hyderabad,Karnataka,657391,"Diya Patel",9743905242,2022,B,8,"Chennai Institute of Technology",Active
3940,"Rahul Singh",AIML,4,Female,2006-03-07,O-,9536943214,rahul3940@cit.edu.in,"59 Gandhi Road",Pune,Telangana,673016,"Aarav Singh",9629080846,2022,B,8,"Chennai Institute of Technology",Active
3941,"Aarav Sharma",AIDS,4,Female,2006-05-12,AB+,9022987527,aarav3941@cit.edu.in,"49 Gandhi Road",Delhi,Maharashtra,638531,"Vikram Sharma",9054210866,2022,C,8,"Chennai Institute of Technology",Active
3942,"Varun Nair",AIML,4,Female,2005-09-02,A+,9445280525,varun3942@cit.edu.in,"87 Gandhi Road",Hyderabad,Telangana,692741,"Karan Nair",9943492943,2022,B,8,"Chennai Institute of Technology",Active
3943,"Sanya Sharma",CSE,4,Female,2002-03-28,A+,9852397592,sanya3943@cit.edu.in,"66 Gandhi Road",Kolkata,Telangana,689964,"Ananya Sharma",9324421765,2022,C,7,"Chennai Institute of Technology",Active
3944,"Aarav Rao",EEE,4,Male,2004-06-26,B+,9876009147,aarav3944@cit.edu.in,"19 Gandhi Road",Mumbai,Tamil Nadu,644508,"Sanya Rao",9022462741,2022,D,8,"Chennai Institute of Technology",Active
3945,"Vikram Gupta",AIML,3,Female,2002-04-25,O-,9339187869,vikram3945@cit.edu.in,"98 Gandhi Road",Chennai,Maharashtra,689718,"Karan Gupta",9497550261,2023,A,5,"Chennai Institute of Technology",Active
3946,"Priya Chopra",CIVIL,1,Male,2006-04-26,O-,9628481470,priya3946@cit.edu.in,"55 Gandhi Road",Chennai,Maharashtra,644297,"Meera Chopra",9535243374,2025,D,2,"Chennai Institute of Technology",Active
3947,"Arjun Mehta",EEE,2,Female,2003-11-09,A+,9916729412,arjun3947@cit.edu.in,"36 Gandhi Road",Hyderabad,Telangana,631586,"Sanya Mehta",9250418578,2024,C,3,"Chennai Institute of Technology",Active
3948,"Aarav Mehta",AIDS,2,Male,2005-08-09,AB-,9464777774,aarav3948@cit.edu.in,"74 Gandhi Road",Bengaluru,Telangana,615330,"Aarav Mehta",9477439508,2024,B,4,"Chennai Institute of Technology",Active
3949,"Arjun Chopra",MECH,3,Female,2002-12-16,AB-,9791740903,arjun3949@cit.edu.in,"92 Gandhi Road",Chennai,Karnataka,624910,"Karan Chopra",9477484867,2023,B,6,"Chennai Institute of Technology",Active
3950,"Varun Kumar",CIVIL,1,Female,2004-04-19,B-,9986511954,varun3950@cit.edu.in,"51 Gandhi Road",Mumbai,Karnataka,691170,"Kavya Kumar",9507362423,2025,A,2,"Chennai Institute of Technology",Active
3951,"Varun Kumar",CSE,2,Female,2003-09-06,AB-,9366208828,varun3951@cit.edu.in,"23 Gandhi Road",Kolkata,Tamil Nadu,660201,"Diya Kumar",9265234264,2024,B,4,"Chennai Institute of Technology",Active
3952,"Meera Sharma",IT,3,Female,2002-08-03,A-,9243871618,meera3952@cit.edu.in,"79 Gandhi Road",Delhi,Delhi,661130,"Aditya Sharma",9647516949,2023,C,5,"Chennai Institute of Technology",Active
3953,"Priya Nair",AIML,2,Male,2006-07-27,B-,9547332247,priya3953@cit.edu.in,"57 Gandhi Road",Pune,Karnataka,659244,"Ananya Nair",9543369676,2024,D,4,"Chennai Institute of Technology",Active
3954,"Pooja Gupta",AIDS,4,Male,2004-10-11,B+,9847874996,pooja3954@cit.edu.in,"99 Gandhi Road",Kolkata,Telangana,605677,"Aditya Gupta",9940753807,2022,B,7,"Chennai Institute of Technology",Active
3955,"Aditya Singh",IT,3,Female,2003-05-03,O+,9728119242,aditya3955@cit.edu.in,"60 Gandhi Road",Delhi,West Bengal,659161,"Karan Singh",9117257239,2023,A,6,"Chennai Institute of Technology",Active
3956,"Kavya Reddy",CIVIL,2,Female,2006-05-05,O-,9162340486,kavya3956@cit.edu.in,"11 Gandhi Road",Kolkata,Telangana,692277,"Vikram Reddy",9328212221,2024,D,4,"Chennai Institute of Technology",Active
3957,"Priya Rao",AIML,4,Female,2003-10-21,A+,9415773497,priya3957@cit.edu.in,"61 Gandhi Road",Chennai,Karnataka,686626,"Rahul Rao",9562879444,2022,A,8,"Chennai Institute of Technology",Active
3958,"Diya Joshi",EEE,4,Female,2005-01-20,B+,9240026108,diya3958@cit.edu.in,"60 Gandhi Road",Kolkata,Delhi,654122,"Aarav Joshi",9557213085,2022,B,8,"Chennai Institute of Technology",Active
3959,"Neha Patel",MECH,1,Female,2006-10-10,A-,9516579544,neha3959@cit.edu.in,"38 Gandhi Road",Delhi,Tamil Nadu,651269,"Pooja Patel",9417291342,2025,D,2,"Chennai Institute of Technology",Active
3960,"Aditya Reddy",AIDS,2,Female,2002-01-16,B-,9956198152,aditya3960@cit.edu.in,"86 Gandhi Road",Pune,Maharashtra,660586,"Priya Reddy",9166133553,2024,C,3,"Chennai Institute of Technology",Active
3961,"Rahul Sharma",CSE,2,Female,2006-04-19,A-,9130602019,rahul3961@cit.edu.in,"78 Gandhi Road",Mumbai,Maharashtra,633622,"Rahul Sharma",9843605978,2024,B,4,"Chennai Institute of Technology",Active
3962,"Priya Mehta",AIML,1,Male,2002-11-14,AB+,9567364124,priya3962@cit.edu.in,"56 Gandhi Road",Mumbai,Tamil Nadu,635842,"Diya Mehta",9089374292,2025,D,1,"Chennai Institute of Technology",Active
3963,"Diya Gupta",ECE,1,Female,2002-02-19,B-,9233962674,diya3963@cit.edu.in,"93 Gandhi Road",Bengaluru,Telangana,658919,"Sanya Gupta",9047933240,2025,C,2,"Chennai Institute of Technology",Active
3964,"Sanya Kumar",ECE,4,Male,2004-05-23,B-,9664673392,sanya3964@cit.edu.in,"63 Gandhi Road",Kolkata,Karnataka,643871,"Sanya Kumar",9415987532,2022,D,8,"Chennai Institute of Technology",Active
3965,"Aditya Nair",IT,4,Male,2006-01-24,A+,9044601288,aditya3965@cit.edu.in,"98 Gandhi Road",Pune,West Bengal,680880,"Meera Nair",9186741900,2022,B,8,"Chennai Institute of Technology",Active
3966,"Ananya Singh",ECE,4,Female,2004-02-04,B-,9304500898,ananya3966@cit.edu.in,"18 Gandhi Road",Pune,Karnataka,626039,"Rahul Singh",9863144328,2022,B,7,"Chennai Institute of Technology",Active
3967,"Rohan Kumar",CIVIL,3,Female,2004-07-26,O-,9489870127,rohan3967@cit.edu.in,"11 Gandhi Road",Pune,Telangana,655344,"Aditya Kumar",9114243122,2023,C,5,"Chennai Institute of Technology",Active
3968,"Vikram Rao",CSE,4,Male,2003-11-11,B+,9042671771,vikram3968@cit.edu.in,"77 Gandhi Road",Chennai,Tamil Nadu,626266,"Neha Rao",9645321287,2022,C,7,"Chennai Institute of Technology",Active
3969,"Aarav Reddy",MECH,2,Male,2005-12-09,A+,9762747052,aarav3969@cit.edu.in,"50 Gandhi Road",Kolkata,Maharashtra,640628,"Neha Reddy",9630575538,2024,D,3,"Chennai Institute of Technology",Active
3970,"Varun Joshi",CIVIL,2,Male,2004-09-09,B+,9964879646,varun3970@cit.edu.in,"40 Gandhi Road",Pune,Karnataka,610981,"Rohan Joshi",9414489685,2024,D,4,"Chennai Institute of Technology",Active
3971,"Sanya Reddy",IT,4,Male,2006-08-03,AB+,9953721887,sanya3971@cit.edu.in,"37 Gandhi Road",Bengaluru,Tamil Nadu,675218,"Rahul Reddy",9193641167,2022,A,8,"Chennai Institute of Technology",Active
3972,"Rohan Mehta",CSE,4,Male,2005-12-18,A-,9298823918,rohan3972@cit.edu.in,"76 Gandhi Road",Chennai,Maharashtra,696768,"Diya Mehta",9821943536,2022,D,8,"Chennai Institute of Technology",Active
3973,"Vikram Singh",MECH,1,Female,2006-03-26,B+,9332994619,vikram3973@cit.edu.in,"37 Gandhi Road",Mumbai,Tamil Nadu,678286,"Rahul Singh",9273962168,2025,A,2,"Chennai Institute of Technology",Active
3974,"Varun Singh",CSE,2,Male,2002-10-22,B+,9260391322,varun3974@cit.edu.in,"66 Gandhi Road",Chennai,Tamil Nadu,671942,"Neha Singh",9741924808,2024,C,3,"Chennai Institute of Technology",Active
3975,"Sanya Nair",IT,3,Male,2006-01-11,B+,9468965342,sanya3975@cit.edu.in,"42 Gandhi Road",Mumbai,Delhi,676825,"Ananya Nair",9439231841,2023,C,5,"Chennai Institute of Technology",Active
3976,"Neha Joshi",MECH,3,Male,2005-11-01,A-,9754101736,neha3976@cit.edu.in,"11 Gandhi Road",Chennai,West Bengal,690735,"Arjun Joshi",9139889700,2023,D,5,"Chennai Institute of Technology",Active
3977,"Varun Mehta",EEE,4,Female,2005-12-19,B+,9993883661,varun3977@cit.edu.in,"80 Gandhi Road",Hyderabad,Maharashtra,625824,"Pooja Mehta",9766887147,2022,A,8,"Chennai Institute of Technology",Active
3978,"Vikram Kumar",AIML,3,Female,2006-02-11,A-,9419752410,vikram3978@cit.edu.in,"21 Gandhi Road",Hyderabad,Karnataka,692762,"Neha Kumar",9668498209,2023,D,6,"Chennai Institute of Technology",Active
3979,"Ananya Reddy",CSE,4,Female,2002-08-16,B-,9412861583,ananya3979@cit.edu.in,"64 Gandhi Road",Kolkata,West Bengal,619383,"Varun Reddy",9505927999,2022,A,7,"Chennai Institute of Technology",Active
3980,"Diya Nair",EEE,3,Female,2004-02-23,A+,9797120097,diya3980@cit.edu.in,"65 Gandhi Road",Delhi,Telangana,639253,"Kavya Nair",9003850518,2023,D,5,"Chennai Institute of Technology",Active
3981,"Arjun Rao",EEE,1,Male,2006-06-12,A+,9220074788,arjun3981@cit.edu.in,"83 Gandhi Road",Pune,Telangana,637646,"Rahul Rao",9908928954,2025,B,1,"Chennai Institute of Technology",Active
3982,"Diya Mehta",ECE,2,Female,2002-10-10,A-,9584118940,diya3982@cit.edu.in,"39 Gandhi Road",Bengaluru,Tamil Nadu,661645,"Rahul Mehta",9364742162,2024,A,3,"Chennai Institute of Technology",Active
3983,"Sanya Joshi",EEE,1,Female,2005-05-04,O-,9638673249,sanya3983@cit.edu.in,"85 Gandhi Road",Hyderabad,Delhi,661396,"Rohan Joshi",9939803523,2025,D,1,"Chennai Institute of Technology",Active
3984,"Kavya Mehta",ECE,3,Female,2005-12-18,AB-,9779707270,kavya3984@cit.edu.in,"30 Gandhi Road",Pune,Delhi,657389,"Sanya Mehta",9446294905,2023,C,5,"Chennai Institute of Technology",Active
3985,"Neha Reddy",CSE,4,Female,2002-12-22,B+,9883270390,neha3985@cit.edu.in,"90 Gandhi Road",Mumbai,Tamil Nadu,609096,"Varun Reddy",9730915950,2022,D,8,"Chennai Institute of Technology",Active
3986,"Ananya Mehta",AIDS,4,Female,2004-09-26,AB+,9108692734,ananya3986@cit.edu.in,"30 Gandhi Road",Mumbai,Telangana,610921,"Pooja Mehta",9133722233,2022,A,7,"Chennai Institute of Technology",Active
3987,"Aditya Mehta",CSE,3,Female,2003-05-28,B-,9880729795,aditya3987@cit.edu.in,"83 Gandhi Road",Delhi,West Bengal,651399,"Neha Mehta",9854481853,2023,B,5,"Chennai Institute of Technology",Active
3988,"Arjun Patel",EEE,3,Male,2005-06-12,O-,9723098633,arjun3988@cit.edu.in,"90 Gandhi Road",Mumbai,Maharashtra,669375,"Pooja Patel",9335465006,2023,B,5,"Chennai Institute of Technology",Active
3989,"Rohan Joshi",AIDS,3,Male,2005-01-21,O+,9741443346,rohan3989@cit.edu.in,"32 Gandhi Road",Mumbai,Maharashtra,693279,"Aarav Joshi",9621807110,2023,D,5,"Chennai Institute of Technology",Active
3990,"Meera Chopra",AIML,1,Female,2005-04-05,A-,9400207162,meera3990@cit.edu.in,"66 Gandhi Road",Pune,Telangana,632975,"Diya Chopra",9048331716,2025,C,2,"Chennai Institute of Technology",Active
3991,"Kavya Sharma",AIML,1,Female,2004-04-14,AB-,9399966302,kavya3991@cit.edu.in,"98 Gandhi Road",Pune,Telangana,600334,"Arjun Sharma",9265654334,2025,D,1,"Chennai Institute of Technology",Active
3992,"Diya Verma",IT,4,Male,2006-11-13,A-,9873820231,diya3992@cit.edu.in,"26 Gandhi Road",Pune,Tamil Nadu,683875,"Meera Verma",9906864112,2022,B,7,"Chennai Institute of Technology",Active
3993,"Diya Reddy",CIVIL,1,Female,2006-06-02,B-,9158752099,diya3993@cit.edu.in,"27 Gandhi Road",Hyderabad,Telangana,640426,"Diya Reddy",9848898622,2025,A,2,"Chennai Institute of Technology",Active
3994,"Priya Reddy",MECH,4,Male,2004-04-23,A-,9988621646,priya3994@cit.edu.in,"69 Gandhi Road",Mumbai,Telangana,674153,"Aditya Reddy",9654477845,2022,C,8,"Chennai Institute of Technology",Active
3995,"Arjun Nair",AIDS,3,Male,2004-08-05,A-,9191331571,arjun3995@cit.edu.in,"92 Gandhi Road",Chennai,Karnataka,691277,"Aarav Nair",9019504683,2023,D,5,"Chennai Institute of Technology",Active
3996,"Varun Verma",AIML,2,Female,2004-09-07,AB+,9118466036,varun3996@cit.edu.in,"71 Gandhi Road",Delhi,Delhi,664189,"Pooja Verma",9490284605,2024,D,4,"Chennai Institute of Technology",Active
3997,"Aarav Joshi",AIDS,2,Male,2006-08-12,O-,9457163301,aarav3997@cit.edu.in,"55 Gandhi Road",Hyderabad,Delhi,685473,"Diya Joshi",9791846137,2024,A,3,"Chennai Institute of Technology",Active
3998,"Arjun Kumar",IT,1,Female,2006-10-19,AB-,9256977934,arjun3998@cit.edu.in,"54 Gandhi Road",Hyderabad,Karnataka,602075,"Priya Kumar",9426122461,2025,B,1,"Chennai Institute of Technology",Active
3999,"Arjun Patel",CIVIL,3,Female,2006-03-09,A-,9794663395,arjun3999@cit.edu.in,"63 Gandhi Road",Hyderabad,West Bengal,636194,"Priya Patel",9685284180,2023,A,5,"Chennai Institute of Technology",Active
4000,"Ananya Gupta",IT,1,Female,2006-04-05,A+,9279087769,ananya4000@cit.edu.in,"77 Gandhi Road",Hyderabad,Tamil Nadu,689033,"Neha Gupta",9344496145,2025,C,1,"Chennai Institute of Technology",Active
4001,"Aarav Sharma",IT,4,Male,2003-02-16,O+,9273414537,aarav4001@cit.edu.in,"57 Gandhi Road",Bengaluru,Maharashtra,656713,"Sanya Sharma",9566106941,2022,D,7,"Chennai Institute of Technology",Active
4002,"Rahul Sharma",CSE,4,Female,2002-03-20,A-,9128345883,rahul4002@cit.edu.in,"64 Gandhi Road",Hyderabad,Karnataka,600162,"Rahul Sharma",9447383818,2022,C,8,"Chennai Institute of Technology",Active
4003,"Pooja Sharma",CSE,4,Female,2005-07-22,B+,9762161430,pooja4003@cit.edu.in,"19 Gandhi Road",Pune,Telangana,687225,"Kavya Sharma",9014643927,2022,A,7,"Chennai Institute of Technology",Active
4004,"Aditya Joshi",ECE,4,Female,2002-12-06,AB-,9454190845,aditya4004@cit.edu.in,"82 Gandhi Road",Chennai,Maharashtra,681544,"Kavya Joshi",9895996169,2022,C,8,"Chennai Institute of Technology",Active
4005,"Karan Mehta",ECE,2,Female,2004-03-16,O-,9244750741,karan4005@cit.edu.in,"77 Gandhi Road",Pune,Delhi,682162,"Varun Mehta",9157336141,2024,C,3,"Chennai Institute of Technology",Active
4006,"Pooja Patel",AIML,3,Female,2004-07-01,B+,9171389101,pooja4006@cit.edu.in,"32 Gandhi Road",Pune,Karnataka,608864,"Ananya Patel",9665808437,2023,C,5,"Chennai Institute of Technology",Active
4007,"Aarav Sharma",MECH,2,Female,2004-08-18,B+,9142393920,aarav4007@cit.edu.in,"61 Gandhi Road",Bengaluru,West Bengal,684044,"Vikram Sharma",9047946542,2024,D,4,"Chennai Institute of Technology",Active
4008,"Aarav Nair",IT,2,Male,2004-01-22,O-,9111206911,aarav4008@cit.edu.in,"76 Gandhi Road",Bengaluru,Tamil Nadu,678593,"Aditya Nair",9149435159,2024,B,3,"Chennai Institute of Technology",Active
4009,"Sanya Reddy",CSE,2,Male,2004-09-05,AB-,9279046513,sanya4009@cit.edu.in,"75 Gandhi Road",Delhi,Delhi,638301,"Ananya Reddy",9165080711,2024,D,3,"Chennai Institute of Technology",Active
4010,"Karan Nair",AIDS,1,Male,2005-02-21,B-,9999355940,karan4010@cit.edu.in,"55 Gandhi Road",Pune,Maharashtra,635441,"Diya Nair",9252081691,2025,C,1,"Chennai Institute of Technology",Active
4011,"Varun Patel",EEE,2,Male,2004-05-17,O-,9924881160,varun4011@cit.edu.in,"64 Gandhi Road",Mumbai,Tamil Nadu,696261,"Neha Patel",9838908997,2024,A,3,"Chennai Institute of Technology",Active
4012,"Priya Patel",IT,1,Female,2004-11-12,AB+,9007250151,priya4012@cit.edu.in,"51 Gandhi Road",Kolkata,Karnataka,688834,"Arjun Patel",9685050602,2025,A,2,"Chennai Institute of Technology",Active
4013,"Ananya Reddy",CIVIL,1,Male,2002-06-19,AB+,9189165906,ananya4013@cit.edu.in,"85 Gandhi Road",Chennai,Maharashtra,668993,"Rohan Reddy",9884964275,2025,D,1,"Chennai Institute of Technology",Active
4014,"Sanya Kumar",MECH,3,Male,2004-08-06,B+,9894485743,sanya4014@cit.edu.in,"75 Gandhi Road",Hyderabad,Delhi,619063,"Diya Kumar",9219732664,2023,A,5,"Chennai Institute of Technology",Active
4015,"Karan Gupta",ECE,4,Female,2003-10-25,AB-,9003480214,karan4015@cit.edu.in,"57 Gandhi Road",Mumbai,Delhi,615452,"Aarav Gupta",9099621328,2022,A,7,"Chennai Institute of Technology",Active
4016,"Arjun Reddy",AIDS,2,Female,2006-02-18,O+,9927496253,arjun4016@cit.edu.in,"64 Gandhi Road",Bengaluru,Telangana,685613,"Karan Reddy",9378537375,2024,D,3,"Chennai Institute of Technology",Active
4017,"Karan Rao",CIVIL,2,Female,2002-05-24,O+,9648344421,karan4017@cit.edu.in,"16 Gandhi Road",Kolkata,Telangana,665133,"Meera Rao",9612022274,2024,D,3,"Chennai Institute of Technology",Active
4018,"Arjun Rao",ECE,2,Female,2003-10-03,O+,9804336083,arjun4018@cit.edu.in,"52 Gandhi Road",Bengaluru,Karnataka,624209,"Aditya Rao",9813916867,2024,B,4,"Chennai Institute of Technology",Active
4019,"Aarav Patel",CSE,1,Male,2003-06-26,O-,9673994781,aarav4019@cit.edu.in,"60 Gandhi Road",Mumbai,Maharashtra,611999,"Arjun Patel",9342059652,2025,C,1,"Chennai Institute of Technology",Active
4020,"Kavya Nair",CSE,1,Female,2004-03-23,O+,9404067625,kavya4020@cit.edu.in,"52 Gandhi Road",Hyderabad,Maharashtra,667684,"Varun Nair",9985826126,2025,A,2,"Chennai Institute of Technology",Active
4021,"Meera Patel",CIVIL,1,Male,2006-01-13,B-,9916365001,meera4021@cit.edu.in,"23 Gandhi Road",Chennai,Tamil Nadu,632512,"Priya Patel",9692768520,2025,D,2,"Chennai Institute of Technology",Active
4022,"Rohan Mehta",CSE,2,Female,2003-04-06,A+,9254427590,rohan4022@cit.edu.in,"24 Gandhi Road",Delhi,Maharashtra,699687,"Ananya Mehta",9514262393,2024,D,4,"Chennai Institute of Technology",Active
4023,"Kavya Chopra",EEE,2,Male,2002-02-20,AB+,9807837923,kavya4023@cit.edu.in,"66 Gandhi Road",Kolkata,Telangana,649216,"Rohan Chopra",9821144146,2024,A,4,"Chennai Institute of Technology",Active
4024,"Pooja Patel",EEE,1,Female,2002-07-05,AB+,9017290552,pooja4024@cit.edu.in,"97 Gandhi Road",Kolkata,Delhi,612260,"Arjun Patel",9134816899,2025,B,2,"Chennai Institute of Technology",Active
4025,"Sanya Verma",ECE,2,Male,2004-12-04,A-,9209483888,sanya4025@cit.edu.in,"41 Gandhi Road",Chennai,West Bengal,634175,"Karan Verma",9363611503,2024,D,4,"Chennai Institute of Technology",Active
4026,"Diya Nair",IT,3,Male,2003-04-04,AB+,9329438848,diya4026@cit.edu.in,"37 Gandhi Road",Pune,Tamil Nadu,640644,"Neha Nair",9275395720,2023,B,5,"Chennai Institute of Technology",Active
4027,"Kavya Kumar",ECE,1,Male,2004-10-19,B-,9214908307,kavya4027@cit.edu.in,"18 Gandhi Road",Mumbai,West Bengal,615762,"Vikram Kumar",9333729779,2025,A,1,"Chennai Institute of Technology",Active
4028,"Kavya Joshi",CIVIL,4,Male,2005-07-18,B+,9766967095,kavya4028@cit.edu.in,"76 Gandhi Road",Mumbai,Tamil Nadu,626011,"Ananya Joshi",9292314307,2022,B,7,"Chennai Institute of Technology",Active
4029,"Pooja Rao",CIVIL,2,Female,2002-10-17,A+,9518779789,pooja4029@cit.edu.in,"51 Gandhi Road",Kolkata,Telangana,659236,"Kavya Rao",9924504489,2024,D,4,"Chennai Institute of Technology",Active
4030,"Vikram Mehta",ECE,1,Male,2002-01-16,B+,9223004344,vikram4030@cit.edu.in,"20 Gandhi Road",Kolkata,West Bengal,660979,"Priya Mehta",9538659216,2025,B,1,"Chennai Institute of Technology",Active
4031,"Aditya Joshi",CIVIL,3,Female,2003-12-23,B+,9995725798,aditya4031@cit.edu.in,"85 Gandhi Road",Bengaluru,Karnataka,637463,"Neha Joshi",9894511539,2023,D,5,"Chennai Institute of Technology",Active
4032,"Aditya Mehta",EEE,1,Female,2006-06-07,O+,9374726401,aditya4032@cit.edu.in,"65 Gandhi Road",Mumbai,Maharashtra,688736,"Ananya Mehta",9859663840,2025,A,2,"Chennai Institute of Technology",Active
4033,"Rohan Verma",CIVIL,1,Female,2004-04-10,AB-,9794562716,rohan4033@cit.edu.in,"21 Gandhi Road",Delhi,Telangana,650165,"Vikram Verma",9244583878,2025,A,1,"Chennai Institute of Technology",Active
4034,"Rohan Rao",AIML,4,Male,2003-11-01,B-,9811883386,rohan4034@cit.edu.in,"20 Gandhi Road",Chennai,Karnataka,612873,"Pooja Rao",9820214071,2022,C,7,"Chennai Institute of Technology",Active
4035,"Pooja Patel",AIML,1,Male,2003-08-16,AB-,9690225526,pooja4035@cit.edu.in,"11 Gandhi Road",Bengaluru,Telangana,640987,"Meera Patel",9841201013,2025,C,1,"Chennai Institute of Technology",Active
4036,"Karan Verma",CSE,2,Male,2003-01-08,O-,9582536035,karan4036@cit.edu.in,"77 Gandhi Road",Chennai,Karnataka,614879,"Aarav Verma",9666414795,2024,D,4,"Chennai Institute of Technology",Active
4037,"Aarav Nair",IT,3,Female,2006-02-09,B-,9228423078,aarav4037@cit.edu.in,"46 Gandhi Road",Bengaluru,Telangana,624199,"Arjun Nair",9611440433,2023,B,5,"Chennai Institute of Technology",Active
4038,"Pooja Joshi",CSE,1,Male,2003-05-15,O+,9894710134,pooja4038@cit.edu.in,"56 Gandhi Road",Chennai,Delhi,645127,"Vikram Joshi",9746868612,2025,D,1,"Chennai Institute of Technology",Active
4039,"Pooja Mehta",AIML,4,Female,2002-10-27,B+,9506531380,pooja4039@cit.edu.in,"74 Gandhi Road",Pune,Telangana,608343,"Meera Mehta",9046537605,2022,A,7,"Chennai Institute of Technology",Active
4040,"Neha Nair",CIVIL,2,Female,2003-03-07,A-,9790175019,neha4040@cit.edu.in,"53 Gandhi Road",Pune,Delhi,658198,"Karan Nair",9706668184,2024,D,4,"Chennai Institute of Technology",Active
4041,"Aarav Chopra",EEE,2,Female,2003-02-09,AB-,9257755890,aarav4041@cit.edu.in,"35 Gandhi Road",Pune,Tamil Nadu,652870,"Varun Chopra",9612570890,2024,A,3,"Chennai Institute of Technology",Active
4042,"Rohan Sharma",ECE,2,Female,2006-10-24,A+,9898517421,rohan4042@cit.edu.in,"92 Gandhi Road",Hyderabad,Telangana,639996,"Neha Sharma",9612730878,2024,C,3,"Chennai Institute of Technology",Active
4043,"Varun Chopra",MECH,3,Female,2003-05-20,B-,9129963786,varun4043@cit.edu.in,"88 Gandhi Road",Kolkata,Delhi,603368,"Aditya Chopra",9035078301,2023,C,6,"Chennai Institute of Technology",Active
4044,"Karan Kumar",AIDS,3,Male,2003-12-17,AB+,9759220317,karan4044@cit.edu.in,"71 Gandhi Road",Hyderabad,Delhi,688372,"Rohan Kumar",9615070687,2023,C,5,"Chennai Institute of Technology",Active
4045,"Varun Chopra",IT,2,Female,2003-05-08,O-,9611902290,varun4045@cit.edu.in,"18 Gandhi Road",Mumbai,Karnataka,660651,"Arjun Chopra",9900353725,2024,B,3,"Chennai Institute of Technology",Active
4046,"Aditya Patel",IT,1,Male,2003-08-28,AB-,9017367173,aditya4046@cit.edu.in,"69 Gandhi Road",Hyderabad,Karnataka,683044,"Ananya Patel",9616384037,2025,D,2,"Chennai Institute of Technology",Active
4047,"Varun Patel",AIML,3,Female,2006-09-15,O+,9386420189,varun4047@cit.edu.in,"33 Gandhi Road",Delhi,Maharashtra,657158,"Sanya Patel",9535937837,2023,C,5,"Chennai Institute of Technology",Active
4048,"Karan Reddy",AIML,1,Male,2006-10-11,B-,9466320226,karan4048@cit.edu.in,"35 Gandhi Road",Delhi,Karnataka,694477,"Karan Reddy",9034571057,2025,C,2,"Chennai Institute of Technology",Active
4049,"Aditya Patel",ECE,4,Male,2004-01-14,A+,9446617342,aditya4049@cit.edu.in,"86 Gandhi Road",Delhi,Tamil Nadu,670973,"Neha Patel",9591550624,2022,C,8,"Chennai Institute of Technology",Active
4050,"Meera Kumar",CIVIL,4,Male,2006-05-04,B+,9332699900,meera4050@cit.edu.in,"44 Gandhi Road",Kolkata,Delhi,676475,"Meera Kumar",9086252012,2022,C,7,"Chennai Institute of Technology",Active
4051,"Meera Singh",AIML,3,Female,2005-07-08,B+,9663021528,meera4051@cit.edu.in,"69 Gandhi Road",Delhi,West Bengal,632686,"Vikram Singh",9684354565,2023,A,5,"Chennai Institute of Technology",Active
4052,"Rahul Sharma",ECE,4,Female,2004-07-23,A+,9713667565,rahul4052@cit.edu.in,"61 Gandhi Road",Chennai,Telangana,677913,"Sanya Sharma",9218631875,2022,A,7,"Chennai Institute of Technology",Active
4053,"Ananya Singh",CSE,1,Male,2003-12-18,B-,9774157946,ananya4053@cit.edu.in,"39 Gandhi Road",Kolkata,Tamil Nadu,603034,"Aarav Singh",9538400962,2025,D,2,"Chennai Institute of Technology",Active
4054,"Rohan Mehta",ECE,3,Female,2002-07-03,B+,9415681969,rohan4054@cit.edu.in,"63 Gandhi Road",Bengaluru,Karnataka,698489,"Karan Mehta",9040098892,2023,A,5,"Chennai Institute of Technology",Active
4055,"Kavya Kumar",CIVIL,2,Female,2002-04-27,O-,9561750070,kavya4055@cit.edu.in,"35 Gandhi Road",Delhi,Telangana,653216,"Kavya Kumar",9849073982,2024,B,3,"Chennai Institute of Technology",Active
4056,"Sanya Sharma",IT,2,Male,2006-05-02,A-,9034752569,sanya4056@cit.edu.in,"88 Gandhi Road",Bengaluru,Karnataka,694336,"Arjun Sharma",9838321527,2024,D,3,"Chennai Institute of Technology",Active
4057,"Priya Patel",CSE,2,Male,2003-06-05,B-,9870059240,priya4057@cit.edu.in,"42 Gandhi Road",Mumbai,Delhi,651386,"Priya Patel",9804472581,2024,A,3,"Chennai Institute of Technology",Active
4058,"Priya Singh",CSE,3,Female,2002-10-20,AB+,9166936723,priya4058@cit.edu.in,"54 Gandhi Road",Chennai,Telangana,696566,"Pooja Singh",9628373259,2023,B,6,"Chennai Institute of Technology",Active
4059,"Meera Rao",CIVIL,2,Female,2003-12-04,B-,9492363932,meera4059@cit.edu.in,"86 Gandhi Road",Chennai,Telangana,655545,"Ananya Rao",9829755522,2024,B,4,"Chennai Institute of Technology",Active
4060,"Aditya Chopra",MECH,2,Male,2005-03-23,A-,9059593715,aditya4060@cit.edu.in,"32 Gandhi Road",Bengaluru,Delhi,659714,"Priya Chopra",9789394564,2024,B,3,"Chennai Institute of Technology",Active
4061,"Sanya Sharma",CIVIL,3,Male,2002-03-02,AB-,9696239438,sanya4061@cit.edu.in,"35 Gandhi Road",Kolkata,Karnataka,621805,"Kavya Sharma",9474704296,2023,B,6,"Chennai Institute of Technology",Active
4062,"Rahul Nair",ECE,4,Male,2002-06-26,A-,9249688389,rahul4062@cit.edu.in,"97 Gandhi Road",Hyderabad,Delhi,662729,"Varun Nair",9925066754,2022,A,8,"Chennai Institute of Technology",Active
4063,"Diya Reddy",CSE,4,Male,2005-03-26,O+,9722712205,diya4063@cit.edu.in,"13 Gandhi Road",Kolkata,Karnataka,681341,"Kavya Reddy",9661928079,2022,A,8,"Chennai Institute of Technology",Active
4064,"Rohan Nair",ECE,4,Female,2005-01-24,AB-,9615011163,rohan4064@cit.edu.in,"96 Gandhi Road",Mumbai,West Bengal,602160,"Sanya Nair",9914170773,2022,A,8,"Chennai Institute of Technology",Active
4065,"Pooja Patel",MECH,1,Male,2003-08-27,B-,9972641318,pooja4065@cit.edu.in,"19 Gandhi Road",Chennai,Karnataka,602976,"Aditya Patel",9001828888,2025,D,2,"Chennai Institute of Technology",Active
4066,"Karan Verma",CIVIL,3,Female,2003-12-18,A-,9366160931,karan4066@cit.edu.in,"98 Gandhi Road",Delhi,West Bengal,647710,"Aditya Verma",9228946475,2023,B,6,"Chennai Institute of Technology",Active
4067,"Vikram Patel",AIDS,1,Female,2004-04-10,AB+,9886727297,vikram4067@cit.edu.in,"91 Gandhi Road",Chennai,Delhi,635176,"Priya Patel",9882925813,2025,B,1,"Chennai Institute of Technology",Active
4068,"Rohan Patel",IT,2,Female,2002-11-25,AB+,9437422908,rohan4068@cit.edu.in,"83 Gandhi Road",Bengaluru,Maharashtra,638401,"Ananya Patel",9059957685,2024,A,3,"Chennai Institute of Technology",Active
4069,"Varun Nair",AIDS,4,Male,2002-04-19,O-,9278509734,varun4069@cit.edu.in,"34 Gandhi Road",Chennai,Karnataka,612595,"Rahul Nair",9433100688,2022,C,8,"Chennai Institute of Technology",Active
4070,"Sanya Reddy",ECE,2,Male,2002-11-05,A+,9523821588,sanya4070@cit.edu.in,"62 Gandhi Road",Pune,Karnataka,690469,"Rohan Reddy",9711309141,2024,A,4,"Chennai Institute of Technology",Active
4071,"Varun Nair",MECH,1,Female,2004-04-14,A+,9179754966,varun4071@cit.edu.in,"44 Gandhi Road",Hyderabad,Maharashtra,682140,"Rohan Nair",9440811446,2025,D,1,"Chennai Institute of Technology",Active
4072,"Varun Chopra",CIVIL,3,Female,2003-06-11,AB+,9457519292,varun4072@cit.edu.in,"71 Gandhi Road",Pune,Tamil Nadu,697522,"Kavya Chopra",9421793710,2023,A,5,"Chennai Institute of Technology",Active
4073,"Varun Sharma",IT,4,Female,2002-02-12,AB+,9105317967,varun4073@cit.edu.in,"98 Gandhi Road",Bengaluru,Karnataka,653458,"Aditya Sharma",9691850136,2022,D,8,"Chennai Institute of Technology",Active
4074,"Pooja Kumar",MECH,4,Male,2003-06-09,AB-,9838055557,pooja4074@cit.edu.in,"72 Gandhi Road",Pune,Karnataka,626341,"Aditya Kumar",9363734006,2022,C,7,"Chennai Institute of Technology",Active
4075,"Kavya Sharma",IT,4,Female,2005-01-19,B+,9245822165,kavya4075@cit.edu.in,"96 Gandhi Road",Mumbai,Telangana,625198,"Rohan Sharma",9184875270,2022,D,7,"Chennai Institute of Technology",Active
4076,"Varun Reddy",AIML,3,Male,2006-08-01,B+,9393035375,varun4076@cit.edu.in,"98 Gandhi Road",Mumbai,Telangana,624317,"Kavya Reddy",9664995152,2023,A,6,"Chennai Institute of Technology",Active
4077,"Arjun Sharma",ECE,1,Male,2006-06-15,A-,9860775593,arjun4077@cit.edu.in,"71 Gandhi Road",Kolkata,Telangana,604910,"Rohan Sharma",9331778336,2025,B,1,"Chennai Institute of Technology",Active
4078,"Priya Kumar",AIML,2,Female,2005-03-08,B-,9279880859,priya4078@cit.edu.in,"75 Gandhi Road",Mumbai,Telangana,657002,"Rahul Kumar",9298935722,2024,B,3,"Chennai Institute of Technology",Active
4079,"Rahul Sharma",CSE,3,Female,2006-12-23,AB+,9143376451,rahul4079@cit.edu.in,"45 Gandhi Road",Bengaluru,Telangana,606865,"Aditya Sharma",9107532771,2023,A,6,"Chennai Institute of Technology",Active
4080,"Pooja Kumar",CIVIL,2,Male,2003-08-21,B-,9187579549,pooja4080@cit.edu.in,"15 Gandhi Road",Mumbai,Delhi,602455,"Meera Kumar",9013631194,2024,A,3,"Chennai Institute of Technology",Active
4081,"Meera Verma",AIML,4,Female,2005-07-17,AB-,9154993971,meera4081@cit.edu.in,"73 Gandhi Road",Pune,Delhi,699009,"Rahul Verma",9925670854,2022,A,7,"Chennai Institute of Technology",Active
4082,"Aarav Nair",ECE,1,Female,2004-05-03,AB+,9755495323,aarav4082@cit.edu.in,"71 Gandhi Road",Delhi,Telangana,600795,"Arjun Nair",9513606874,2025,D,1,"Chennai Institute of Technology",Active
4083,"Priya Rao",AIDS,1,Female,2006-12-18,A+,9773836477,priya4083@cit.edu.in,"68 Gandhi Road",Bengaluru,West Bengal,635259,"Rahul Rao",9478952345,2025,D,2,"Chennai Institute of Technology",Active
4084,"Vikram Reddy",AIDS,3,Male,2003-10-12,B+,9767167890,vikram4084@cit.edu.in,"11 Gandhi Road",Mumbai,Telangana,674929,"Arjun Reddy",9464841170,2023,A,5,"Chennai Institute of Technology",Active
4085,"Vikram Nair",MECH,4,Male,2006-09-19,O-,9149792814,vikram4085@cit.edu.in,"93 Gandhi Road",Delhi,Telangana,604926,"Aarav Nair",9484583478,2022,D,8,"Chennai Institute of Technology",Active
4086,"Aditya Nair",EEE,3,Female,2003-04-25,A+,9011687513,aditya4086@cit.edu.in,"53 Gandhi Road",Mumbai,Delhi,668067,"Pooja Nair",9271900889,2023,A,6,"Chennai Institute of Technology",Active
4087,"Ananya Singh",ECE,2,Female,2005-01-02,AB+,9061173284,ananya4087@cit.edu.in,"94 Gandhi Road",Mumbai,Telangana,619987,"Meera Singh",9701465620,2024,A,3,"Chennai Institute of Technology",Active
4088,"Neha Kumar",AIML,3,Female,2004-05-07,B+,9727822376,neha4088@cit.edu.in,"50 Gandhi Road",Kolkata,Telangana,605744,"Priya Kumar",9287870192,2023,B,6,"Chennai Institute of Technology",Active
4089,"Priya Patel",AIDS,3,Male,2005-04-02,O+,9126820362,priya4089@cit.edu.in,"60 Gandhi Road",Mumbai,Delhi,699399,"Meera Patel",9534338004,2023,B,6,"Chennai Institute of Technology",Active
4090,"Varun Chopra",AIML,3,Female,2004-01-02,B+,9396515864,varun4090@cit.edu.in,"76 Gandhi Road",Kolkata,West Bengal,692124,"Meera Chopra",9885817324,2023,B,5,"Chennai Institute of Technology",Active
4091,"Priya Reddy",CIVIL,2,Female,2004-03-28,AB+,9007190699,priya4091@cit.edu.in,"81 Gandhi Road",Mumbai,West Bengal,698229,"Aditya Reddy",9109104747,2024,B,3,"Chennai Institute of Technology",Active
4092,"Meera Nair",AIDS,4,Male,2006-12-14,O+,9958281550,meera4092@cit.edu.in,"87 Gandhi Road",Kolkata,Tamil Nadu,647783,"Diya Nair",9135704025,2022,C,8,"Chennai Institute of Technology",Active
4093,"Kavya Joshi",CSE,3,Female,2005-07-04,A+,9773020987,kavya4093@cit.edu.in,"80 Gandhi Road",Mumbai,Karnataka,686944,"Priya Joshi",9777410557,2023,D,6,"Chennai Institute of Technology",Active
4094,"Rohan Gupta",EEE,1,Male,2006-06-06,AB+,9596565873,rohan4094@cit.edu.in,"72 Gandhi Road",Mumbai,Maharashtra,633682,"Diya Gupta",9269730619,2025,B,2,"Chennai Institute of Technology",Active
4095,"Karan Singh",AIML,3,Female,2003-11-16,B-,9615553976,karan4095@cit.edu.in,"58 Gandhi Road",Delhi,Delhi,614558,"Rahul Singh",9327069300,2023,B,6,"Chennai Institute of Technology",Active
4096,"Meera Sharma",CSE,4,Male,2004-02-17,B+,9607256865,meera4096@cit.edu.in,"95 Gandhi Road",Mumbai,Maharashtra,689132,"Rohan Sharma",9308912345,2022,C,7,"Chennai Institute of Technology",Active
4097,"Kavya Rao",AIML,1,Male,2006-05-14,O+,9913834439,kavya4097@cit.edu.in,"67 Gandhi Road",Kolkata,Delhi,605076,"Karan Rao",9846120926,2025,A,1,"Chennai Institute of Technology",Active
4098,"Vikram Nair",CIVIL,3,Male,2005-08-24,O+,9342514068,vikram4098@cit.edu.in,"17 Gandhi Road",Hyderabad,West Bengal,689152,"Rahul Nair",9408355498,2023,B,6,"Chennai Institute of Technology",Active
4099,"Arjun Patel",EEE,1,Male,2006-09-01,B+,9267044303,arjun4099@cit.edu.in,"40 Gandhi Road",Bengaluru,Maharashtra,679441,"Kavya Patel",9832722223,2025,A,2,"Chennai Institute of Technology",Active
4100,"Priya Verma",IT,4,Female,2003-10-06,B+,9415935181,priya4100@cit.edu.in,"76 Gandhi Road",Delhi,Tamil Nadu,665092,"Pooja Verma",9898233391,2022,C,8,"Chennai Institute of Technology",Active
4101,"Pooja Kumar",CIVIL,2,Male,2006-10-19,A-,9866148494,pooja4101@cit.edu.in,"26 Gandhi Road",Bengaluru,Telangana,680936,"Arjun Kumar",9316515830,2024,A,4,"Chennai Institute of Technology",Active
4102,"Aditya Sharma",EEE,1,Male,2002-09-13,B+,9345434662,aditya4102@cit.edu.in,"88 Gandhi Road",Bengaluru,West Bengal,626732,"Neha Sharma",9347702411,2025,D,1,"Chennai Institute of Technology",Active
4103,"Arjun Kumar",MECH,3,Male,2006-07-01,A-,9963767922,arjun4103@cit.edu.in,"24 Gandhi Road",Bengaluru,West Bengal,695620,"Karan Kumar",9796022985,2023,A,6,"Chennai Institute of Technology",Active
4104,"Kavya Gupta",ECE,4,Female,2003-09-05,A+,9472318125,kavya4104@cit.edu.in,"69 Gandhi Road",Delhi,West Bengal,698018,"Varun Gupta",9954935120,2022,D,8,"Chennai Institute of Technology",Active
4105,"Diya Reddy",IT,1,Male,2006-08-09,AB+,9556826255,diya4105@cit.edu.in,"38 Gandhi Road",Chennai,Maharashtra,681758,"Meera Reddy",9888499458,2025,A,2,"Chennai Institute of Technology",Active
4106,"Ananya Verma",AIDS,2,Male,2005-02-21,O-,9577630679,ananya4106@cit.edu.in,"30 Gandhi Road",Bengaluru,Delhi,651420,"Kavya Verma",9716983883,2024,C,3,"Chennai Institute of Technology",Active
4107,"Pooja Nair",CSE,4,Male,2006-10-21,O-,9070754855,pooja4107@cit.edu.in,"28 Gandhi Road",Chennai,Karnataka,685005,"Pooja Nair",9943867157,2022,B,7,"Chennai Institute of Technology",Active
4108,"Sanya Sharma",MECH,4,Female,2005-11-26,O-,9465054960,sanya4108@cit.edu.in,"38 Gandhi Road",Delhi,Karnataka,653865,"Rahul Sharma",9806568860,2022,B,8,"Chennai Institute of Technology",Active
4109,"Karan Kumar",AIDS,2,Female,2003-11-03,B+,9056026512,karan4109@cit.edu.in,"93 Gandhi Road",Kolkata,Karnataka,676754,"Kavya Kumar",9948808828,2024,A,4,"Chennai Institute of Technology",Active
4110,"Priya Patel",ECE,1,Male,2006-10-25,AB-,9287879524,priya4110@cit.edu.in,"70 Gandhi Road",Chennai,Delhi,681347,"Meera Patel",9819789470,2025,B,1,"Chennai Institute of Technology",Active
4111,"Ananya Gupta",CSE,1,Female,2005-03-09,AB-,9052150959,ananya4111@cit.edu.in,"23 Gandhi Road",Hyderabad,Telangana,694987,"Priya Gupta",9269828396,2025,D,2,"Chennai Institute of Technology",Active
4112,"Ananya Singh",AIML,1,Female,2003-08-06,AB-,9578472273,ananya4112@cit.edu.in,"15 Gandhi Road",Hyderabad,Tamil Nadu,663635,"Neha Singh",9650154299,2025,A,2,"Chennai Institute of Technology",Active
4113,"Aditya Mehta",AIDS,1,Male,2002-02-15,A-,9513865826,aditya4113@cit.edu.in,"61 Gandhi Road",Chennai,Telangana,635288,"Rahul Mehta",9660946046,2025,A,2,"Chennai Institute of Technology",Active
4114,"Rohan Kumar",EEE,3,Male,2002-10-16,AB+,9854968895,rohan4114@cit.edu.in,"84 Gandhi Road",Pune,Telangana,696618,"Varun Kumar",9489429787,2023,C,6,"Chennai Institute of Technology",Active
4115,"Priya Verma",AIML,1,Male,2003-07-22,B-,9026291500,priya4115@cit.edu.in,"84 Gandhi Road",Bengaluru,Karnataka,674496,"Aarav Verma",9774488183,2025,D,1,"Chennai Institute of Technology",Active
4116,"Karan Kumar",ECE,1,Female,2006-04-18,A+,9536275911,karan4116@cit.edu.in,"77 Gandhi Road",Chennai,Maharashtra,670659,"Aditya Kumar",9869106642,2025,A,2,"Chennai Institute of Technology",Active
4117,"Ananya Rao",CSE,2,Male,2002-03-07,AB+,9250934565,ananya4117@cit.edu.in,"79 Gandhi Road",Bengaluru,Delhi,631528,"Karan Rao",9341082910,2024,B,3,"Chennai Institute of Technology",Active
4118,"Sanya Joshi",MECH,2,Male,2005-05-26,O+,9248320802,sanya4118@cit.edu.in,"36 Gandhi Road",Pune,Karnataka,657993,"Karan Joshi",9398989940,2024,C,3,"Chennai Institute of Technology",Active
4119,"Rahul Joshi",EEE,2,Female,2004-12-17,B+,9467202586,rahul4119@cit.edu.in,"54 Gandhi Road",Mumbai,Tamil Nadu,676038,"Karan Joshi",9221422960,2024,A,3,"Chennai Institute of Technology",Active
4120,"Rahul Gupta",IT,2,Male,2004-11-19,AB-,9795943628,rahul4120@cit.edu.in,"25 Gandhi Road",Bengaluru,Telangana,644249,"Aarav Gupta",9292718589,2024,B,3,"Chennai Institute of Technology",Active
4121,"Priya Rao",MECH,1,Male,2005-12-24,O-,9891081376,priya4121@cit.edu.in,"90 Gandhi Road",Bengaluru,Delhi,685863,"Diya Rao",9834364275,2025,A,2,"Chennai Institute of Technology",Active
4122,"Arjun Reddy",AIML,3,Male,2002-08-03,AB+,9696575814,arjun4122@cit.edu.in,"26 Gandhi Road",Delhi,Maharashtra,685517,"Diya Reddy",9082518818,2023,D,5,"Chennai Institute of Technology",Active
4123,"Aarav Singh",CIVIL,2,Female,2004-12-02,AB+,9269804570,aarav4123@cit.edu.in,"40 Gandhi Road",Bengaluru,Delhi,614557,"Varun Singh",9884801663,2024,A,3,"Chennai Institute of Technology",Active
4124,"Meera Mehta",IT,1,Female,2004-06-25,A+,9462863502,meera4124@cit.edu.in,"58 Gandhi Road",Chennai,West Bengal,634951,"Aarav Mehta",9125057858,2025,D,2,"Chennai Institute of Technology",Active
4125,"Rahul Reddy",EEE,3,Female,2004-05-25,O+,9524143168,rahul4125@cit.edu.in,"61 Gandhi Road",Pune,Delhi,618130,"Priya Reddy",9601828599,2023,C,5,"Chennai Institute of Technology",Active
4126,"Arjun Kumar",AIML,3,Male,2004-09-06,A-,9907475729,arjun4126@cit.edu.in,"84 Gandhi Road",Delhi,Karnataka,600157,"Kavya Kumar",9096736746,2023,C,5,"Chennai Institute of Technology",Active
4127,"Diya Kumar",MECH,3,Male,2003-02-16,A-,9370127616,diya4127@cit.edu.in,"85 Gandhi Road",Chennai,Telangana,659522,"Ananya Kumar",9292858281,2023,D,6,"Chennai Institute of Technology",Active
4128,"Aarav Verma",EEE,2,Female,2005-04-12,O+,9526378139,aarav4128@cit.edu.in,"89 Gandhi Road",Kolkata,Karnataka,652344,"Aarav Verma",9998465904,2024,A,4,"Chennai Institute of Technology",Active
4129,"Arjun Gupta",ECE,1,Male,2003-11-22,A+,9511823160,arjun4129@cit.edu.in,"14 Gandhi Road",Pune,West Bengal,620538,"Arjun Gupta",9255290960,2025,A,1,"Chennai Institute of Technology",Active
4130,"Pooja Kumar",MECH,3,Female,2005-12-09,AB+,9137866610,pooja4130@cit.edu.in,"12 Gandhi Road",Hyderabad,Maharashtra,677526,"Pooja Kumar",9245745022,2023,A,6,"Chennai Institute of Technology",Active
4131,"Arjun Verma",CIVIL,2,Male,2006-06-21,AB-,9592329898,arjun4131@cit.edu.in,"62 Gandhi Road",Hyderabad,Karnataka,616516,"Rohan Verma",9402518812,2024,A,4,"Chennai Institute of Technology",Active
4132,"Aarav Chopra",ECE,4,Male,2002-02-03,B-,9629690179,aarav4132@cit.edu.in,"93 Gandhi Road",Chennai,Maharashtra,602156,"Rohan Chopra",9442508637,2022,B,7,"Chennai Institute of Technology",Active
4133,"Aarav Chopra",CSE,2,Male,2006-11-07,O-,9152360704,aarav4133@cit.edu.in,"80 Gandhi Road",Hyderabad,Telangana,643311,"Arjun Chopra",9463730604,2024,D,3,"Chennai Institute of Technology",Active
4134,"Aarav Joshi",EEE,3,Male,2006-10-22,B+,9808856190,aarav4134@cit.edu.in,"45 Gandhi Road",Delhi,Maharashtra,609205,"Kavya Joshi",9111815814,2023,A,6,"Chennai Institute of Technology",Active
4135,"Kavya Gupta",CIVIL,1,Male,2004-01-13,AB+,9401738106,kavya4135@cit.edu.in,"42 Gandhi Road",Hyderabad,Karnataka,644475,"Meera Gupta",9648316622,2025,D,1,"Chennai Institute of Technology",Active
4136,"Pooja Kumar",MECH,3,Female,2004-01-22,B-,9980145950,pooja4136@cit.edu.in,"75 Gandhi Road",Chennai,Maharashtra,698167,"Rohan Kumar",9854888615,2023,B,6,"Chennai Institute of Technology",Active
4137,"Aditya Kumar",ECE,1,Male,2006-09-13,A+,9108618305,aditya4137@cit.edu.in,"41 Gandhi Road",Bengaluru,Delhi,698922,"Rahul Kumar",9325887438,2025,C,2,"Chennai Institute of Technology",Active
4138,"Kavya Patel",MECH,3,Female,2002-11-11,A-,9303554324,kavya4138@cit.edu.in,"42 Gandhi Road",Mumbai,Karnataka,644274,"Aarav Patel",9149199553,2023,D,6,"Chennai Institute of Technology",Active
4139,"Diya Chopra",CSE,1,Male,2006-08-21,A-,9311013868,diya4139@cit.edu.in,"21 Gandhi Road",Bengaluru,Delhi,637895,"Arjun Chopra",9299643580,2025,C,2,"Chennai Institute of Technology",Active
4140,"Arjun Mehta",IT,4,Male,2003-08-28,O-,9715883885,arjun4140@cit.edu.in,"85 Gandhi Road",Delhi,Telangana,674746,"Varun Mehta",9927895807,2022,A,7,"Chennai Institute of Technology",Active
4141,"Aditya Sharma",AIML,1,Female,2004-12-23,AB-,9438827499,aditya4141@cit.edu.in,"71 Gandhi Road",Pune,Telangana,608209,"Diya Sharma",9760545136,2025,A,1,"Chennai Institute of Technology",Active
4142,"Rahul Joshi",AIML,4,Female,2005-05-11,AB-,9978029311,rahul4142@cit.edu.in,"34 Gandhi Road",Hyderabad,Karnataka,640246,"Sanya Joshi",9387494020,2022,A,8,"Chennai Institute of Technology",Active
4143,"Arjun Joshi",IT,2,Male,2003-08-02,AB-,9182272475,arjun4143@cit.edu.in,"68 Gandhi Road",Pune,West Bengal,647546,"Aarav Joshi",9662675933,2024,D,3,"Chennai Institute of Technology",Active
4144,"Rohan Reddy",IT,1,Female,2004-09-10,O-,9719158538,rohan4144@cit.edu.in,"82 Gandhi Road",Mumbai,Tamil Nadu,628740,"Ananya Reddy",9851267982,2025,B,1,"Chennai Institute of Technology",Active
4145,"Varun Gupta",ECE,4,Female,2006-12-13,A+,9178679913,varun4145@cit.edu.in,"10 Gandhi Road",Chennai,Karnataka,640736,"Sanya Gupta",9202905049,2022,B,8,"Chennai Institute of Technology",Active
4146,"Vikram Kumar",ECE,2,Male,2005-05-11,B+,9306180461,vikram4146@cit.edu.in,"72 Gandhi Road",Mumbai,West Bengal,670448,"Aditya Kumar",9874536876,2024,A,3,"Chennai Institute of Technology",Active
4147,"Diya Sharma",CIVIL,3,Female,2005-08-22,AB+,9646364285,diya4147@cit.edu.in,"85 Gandhi Road",Chennai,Tamil Nadu,667201,"Rohan Sharma",9060167117,2023,B,5,"Chennai Institute of Technology",Active
4148,"Pooja Reddy",MECH,4,Female,2005-12-02,B+,9517620663,pooja4148@cit.edu.in,"66 Gandhi Road",Bengaluru,Tamil Nadu,688247,"Sanya Reddy",9095791013,2022,A,7,"Chennai Institute of Technology",Active
4149,"Kavya Rao",AIML,1,Male,2005-04-02,A-,9775637475,kavya4149@cit.edu.in,"98 Gandhi Road",Pune,Tamil Nadu,612798,"Neha Rao",9516118368,2025,D,2,"Chennai Institute of Technology",Active
4150,"Neha Verma",EEE,4,Female,2006-10-01,AB+,9532615825,neha4150@cit.edu.in,"55 Gandhi Road",Kolkata,Tamil Nadu,642148,"Kavya Verma",9620099092,2022,B,7,"Chennai Institute of Technology",Active
4151,"Aarav Sharma",CIVIL,2,Male,2004-03-01,A+,9392395561,aarav4151@cit.edu.in,"39 Gandhi Road",Hyderabad,Delhi,682898,"Rahul Sharma",9559960382,2024,A,4,"Chennai Institute of Technology",Active
4152,"Vikram Chopra",CSE,4,Male,2006-07-10,B+,9012646804,vikram4152@cit.edu.in,"29 Gandhi Road",Chennai,Delhi,634614,"Ananya Chopra",9797719325,2022,A,7,"Chennai Institute of Technology",Active
4153,"Aarav Kumar",AIML,3,Female,2004-01-10,B-,9138510789,aarav4153@cit.edu.in,"77 Gandhi Road",Delhi,Telangana,657581,"Diya Kumar",9098617645,2023,C,6,"Chennai Institute of Technology",Active
4154,"Kavya Rao",CIVIL,3,Female,2005-09-27,A+,9389183639,kavya4154@cit.edu.in,"76 Gandhi Road",Delhi,Delhi,601485,"Sanya Rao",9125766433,2023,A,6,"Chennai Institute of Technology",Active
4155,"Aditya Verma",AIML,2,Male,2003-05-21,A+,9475548784,aditya4155@cit.edu.in,"47 Gandhi Road",Delhi,Tamil Nadu,605737,"Ananya Verma",9217444091,2024,B,4,"Chennai Institute of Technology",Active
4156,"Priya Gupta",AIML,2,Female,2004-07-17,O-,9411115934,priya4156@cit.edu.in,"12 Gandhi Road",Chennai,Maharashtra,639584,"Kavya Gupta",9412393466,2024,A,4,"Chennai Institute of Technology",Active
4157,"Pooja Reddy",IT,1,Male,2003-04-04,O-,9387184416,pooja4157@cit.edu.in,"46 Gandhi Road",Hyderabad,Delhi,648894,"Priya Reddy",9838667957,2025,A,1,"Chennai Institute of Technology",Active
4158,"Aarav Kumar",AIML,2,Male,2003-08-02,B-,9063543166,aarav4158@cit.edu.in,"28 Gandhi Road",Kolkata,Delhi,614179,"Rahul Kumar",9702208493,2024,D,4,"Chennai Institute of Technology",Active
4159,"Neha Patel",MECH,3,Female,2006-08-18,B-,9618592702,neha4159@cit.edu.in,"56 Gandhi Road",Delhi,Tamil Nadu,600983,"Priya Patel",9174134778,2023,A,5,"Chennai Institute of Technology",Active
4160,"Arjun Joshi",CIVIL,2,Female,2003-04-25,A+,9898027808,arjun4160@cit.edu.in,"53 Gandhi Road",Hyderabad,Tamil Nadu,674240,"Sanya Joshi",9181740511,2024,A,4,"Chennai Institute of Technology",Active
4161,"Vikram Gupta",AIML,1,Female,2006-10-15,AB-,9362316352,vikram4161@cit.edu.in,"82 Gandhi Road",Kolkata,Tamil Nadu,631569,"Sanya Gupta",9369970525,2025,C,2,"Chennai Institute of Technology",Active
4162,"Pooja Verma",MECH,1,Female,2002-06-05,AB+,9761889456,pooja4162@cit.edu.in,"14 Gandhi Road",Mumbai,Tamil Nadu,647675,"Rahul Verma",9447957168,2025,D,1,"Chennai Institute of Technology",Active
4163,"Priya Nair",MECH,2,Male,2004-09-16,A-,9423837632,priya4163@cit.edu.in,"59 Gandhi Road",Kolkata,Telangana,686196,"Karan Nair",9943944980,2024,A,4,"Chennai Institute of Technology",Active
4164,"Aditya Kumar",AIDS,2,Female,2003-10-17,B+,9405539906,aditya4164@cit.edu.in,"82 Gandhi Road",Kolkata,Telangana,600396,"Vikram Kumar",9152089769,2024,C,4,"Chennai Institute of Technology",Active
4165,"Karan Mehta",IT,2,Male,2006-01-06,B-,9486171658,karan4165@cit.edu.in,"73 Gandhi Road",Hyderabad,Maharashtra,661074,"Sanya Mehta",9823545865,2024,D,4,"Chennai Institute of Technology",Active
4166,"Priya Verma",MECH,1,Male,2005-12-13,AB+,9595008299,priya4166@cit.edu.in,"46 Gandhi Road",Bengaluru,Karnataka,610687,"Neha Verma",9866064999,2025,D,2,"Chennai Institute of Technology",Active
4167,"Rahul Mehta",CIVIL,2,Male,2003-12-28,B+,9942216445,rahul4167@cit.edu.in,"59 Gandhi Road",Hyderabad,West Bengal,608344,"Kavya Mehta",9492851907,2024,B,3,"Chennai Institute of Technology",Active
4168,"Aditya Gupta",ECE,2,Female,2004-03-01,A-,9674050599,aditya4168@cit.edu.in,"86 Gandhi Road",Mumbai,Maharashtra,671436,"Aditya Gupta",9778436437,2024,C,3,"Chennai Institute of Technology",Active
4169,"Priya Chopra",ECE,2,Male,2006-02-28,A-,9407903993,priya4169@cit.edu.in,"78 Gandhi Road",Delhi,West Bengal,682082,"Sanya Chopra",9927845872,2024,B,4,"Chennai Institute of Technology",Active
4170,"Diya Sharma",EEE,2,Male,2006-01-20,B+,9179705495,diya4170@cit.edu.in,"42 Gandhi Road",Mumbai,Telangana,640403,"Pooja Sharma",9658869960,2024,C,3,"Chennai Institute of Technology",Active
4171,"Aarav Gupta",MECH,2,Female,2005-03-05,O+,9384800628,aarav4171@cit.edu.in,"26 Gandhi Road",Chennai,West Bengal,624033,"Aarav Gupta",9286552210,2024,A,4,"Chennai Institute of Technology",Active
4172,"Pooja Patel",CSE,1,Male,2006-02-12,O-,9927017703,pooja4172@cit.edu.in,"75 Gandhi Road",Hyderabad,Telangana,689631,"Varun Patel",9928976311,2025,B,2,"Chennai Institute of Technology",Active
4173,"Ananya Gupta",ECE,3,Female,2002-08-24,AB+,9482369446,ananya4173@cit.edu.in,"47 Gandhi Road",Hyderabad,Delhi,611645,"Aditya Gupta",9267945413,2023,A,5,"Chennai Institute of Technology",Active
4174,"Neha Chopra",EEE,2,Male,2005-08-22,AB-,9207937038,neha4174@cit.edu.in,"81 Gandhi Road",Bengaluru,Tamil Nadu,618740,"Meera Chopra",9283921174,2024,A,3,"Chennai Institute of Technology",Active
4175,"Pooja Rao",ECE,3,Female,2006-10-09,A-,9613899108,pooja4175@cit.edu.in,"30 Gandhi Road",Kolkata,West Bengal,620380,"Priya Rao",9528878633,2023,D,6,"Chennai Institute of Technology",Active
4176,"Diya Gupta",CIVIL,4,Female,2002-11-08,O+,9748089903,diya4176@cit.edu.in,"36 Gandhi Road",Delhi,Delhi,663633,"Meera Gupta",9751111375,2022,A,7,"Chennai Institute of Technology",Active
4177,"Vikram Sharma",ECE,4,Female,2004-03-09,AB+,9028068361,vikram4177@cit.edu.in,"90 Gandhi Road",Kolkata,West Bengal,692182,"Priya Sharma",9014371570,2022,B,7,"Chennai Institute of Technology",Active
4178,"Diya Kumar",IT,3,Female,2005-06-09,A-,9695610459,diya4178@cit.edu.in,"14 Gandhi Road",Kolkata,West Bengal,675446,"Arjun Kumar",9534283102,2023,D,5,"Chennai Institute of Technology",Active
4179,"Varun Patel",ECE,2,Male,2005-11-22,A+,9329522575,varun4179@cit.edu.in,"80 Gandhi Road",Delhi,Delhi,695238,"Rohan Patel",9274284682,2024,B,4,"Chennai Institute of Technology",Active
4180,"Rahul Reddy",CSE,1,Female,2006-01-01,A-,9925462392,rahul4180@cit.edu.in,"84 Gandhi Road",Chennai,Karnataka,642922,"Vikram Reddy",9079741447,2025,D,2,"Chennai Institute of Technology",Active
4181,"Rahul Joshi",EEE,2,Female,2006-02-10,AB+,9208923871,rahul4181@cit.edu.in,"94 Gandhi Road",Bengaluru,West Bengal,648001,"Aditya Joshi",9098910237,2024,B,4,"Chennai Institute of Technology",Active
4182,"Priya Reddy",EEE,3,Female,2006-06-13,B-,9966547894,priya4182@cit.edu.in,"17 Gandhi Road",Pune,Karnataka,688211,"Varun Reddy",9959826633,2023,C,5,"Chennai Institute of Technology",Active
4183,"Meera Singh",CSE,4,Female,2005-01-15,A-,9029533517,meera4183@cit.edu.in,"80 Gandhi Road",Mumbai,Delhi,650578,"Pooja Singh",9879451260,2022,B,8,"Chennai Institute of Technology",Active
4184,"Sanya Sharma",AIDS,2,Male,2005-04-10,A-,9039171698,sanya4184@cit.edu.in,"21 Gandhi Road",Pune,Maharashtra,639725,"Arjun Sharma",9168025782,2024,C,4,"Chennai Institute of Technology",Active
4185,"Kavya Nair",ECE,4,Female,2002-02-15,O-,9662108202,kavya4185@cit.edu.in,"66 Gandhi Road",Mumbai,Maharashtra,659213,"Rahul Nair",9925748204,2022,B,7,"Chennai Institute of Technology",Active
4186,"Pooja Chopra",AIDS,1,Male,2003-06-10,O+,9713181939,pooja4186@cit.edu.in,"85 Gandhi Road",Mumbai,Tamil Nadu,613169,"Meera Chopra",9469377107,2025,D,2,"Chennai Institute of Technology",Active
4187,"Priya Joshi",MECH,2,Male,2002-08-13,B+,9818704339,priya4187@cit.edu.in,"55 Gandhi Road",Hyderabad,Karnataka,675783,"Ananya Joshi",9542313777,2024,B,3,"Chennai Institute of Technology",Active
4188,"Vikram Gupta",CSE,2,Female,2002-05-28,B-,9151575616,vikram4188@cit.edu.in,"26 Gandhi Road",Hyderabad,Telangana,628857,"Neha Gupta",9163385488,2024,A,4,"Chennai Institute of Technology",Active
4189,"Arjun Joshi",ECE,3,Male,2004-02-01,O+,9576148561,arjun4189@cit.edu.in,"36 Gandhi Road",Pune,West Bengal,602669,"Karan Joshi",9247459207,2023,A,6,"Chennai Institute of Technology",Active
4190,"Meera Joshi",CIVIL,2,Female,2003-07-20,O-,9114013665,meera4190@cit.edu.in,"95 Gandhi Road",Pune,Telangana,642933,"Diya Joshi",9740025141,2024,C,4,"Chennai Institute of Technology",Active
4191,"Sanya Reddy",IT,4,Female,2005-01-22,A+,9846684715,sanya4191@cit.edu.in,"42 Gandhi Road",Pune,West Bengal,631055,"Karan Reddy",9527016964,2022,A,7,"Chennai Institute of Technology",Active
4192,"Vikram Singh",CSE,1,Male,2003-09-18,AB+,9141109628,vikram4192@cit.edu.in,"65 Gandhi Road",Kolkata,Telangana,647139,"Karan Singh",9027204271,2025,B,2,"Chennai Institute of Technology",Active
4193,"Varun Verma",AIML,4,Female,2002-11-13,A-,9056849940,varun4193@cit.edu.in,"40 Gandhi Road",Hyderabad,Delhi,627145,"Aditya Verma",9740742847,2022,A,7,"Chennai Institute of Technology",Active
4194,"Meera Reddy",EEE,4,Female,2004-02-07,O-,9071346875,meera4194@cit.edu.in,"83 Gandhi Road",Kolkata,Delhi,662134,"Aarav Reddy",9476141610,2022,D,7,"Chennai Institute of Technology",Active
4195,"Priya Verma",CIVIL,1,Male,2004-02-15,B-,9444937363,priya4195@cit.edu.in,"49 Gandhi Road",Bengaluru,Maharashtra,640109,"Rohan Verma",9294783750,2025,B,1,"Chennai Institute of Technology",Active
4196,"Varun Chopra",ECE,3,Female,2006-04-25,AB-,9699599732,varun4196@cit.edu.in,"50 Gandhi Road",Mumbai,Tamil Nadu,644611,"Diya Chopra",9813389605,2023,A,6,"Chennai Institute of Technology",Active
4197,"Kavya Nair",MECH,3,Male,2006-12-28,AB+,9761303230,kavya4197@cit.edu.in,"49 Gandhi Road",Chennai,Tamil Nadu,664334,"Varun Nair",9336894920,2023,B,5,"Chennai Institute of Technology",Active
4198,"Rahul Kumar",EEE,2,Male,2006-02-20,O-,9815255186,rahul4198@cit.edu.in,"30 Gandhi Road",Kolkata,Maharashtra,669932,"Meera Kumar",9964620727,2024,A,4,"Chennai Institute of Technology",Active
4199,"Varun Joshi",CIVIL,1,Female,2005-10-07,A+,9445353736,varun4199@cit.edu.in,"38 Gandhi Road",Delhi,Telangana,629246,"Rahul Joshi",9583269316,2025,D,2,"Chennai Institute of Technology",Active
4200,"Varun Verma",AIML,3,Female,2002-07-25,A+,9074952479,varun4200@cit.edu.in,"61 Gandhi Road",Pune,West Bengal,641804,"Meera Verma",9311514212,2023,D,5,"Chennai Institute of Technology",Active
4201,"Arjun Nair",AIML,3,Male,2005-06-27,AB+,9025619306,arjun4201@cit.edu.in,"52 Gandhi Road",Delhi,Karnataka,613457,"Meera Nair",9378744492,2023,D,5,"Chennai Institute of Technology",Active
4202,"Kavya Verma",AIML,3,Male,2003-06-23,AB-,9389422223,kavya4202@cit.edu.in,"63 Gandhi Road",Kolkata,Tamil Nadu,602378,"Varun Verma",9854432572,2023,B,6,"Chennai Institute of Technology",Active
4203,"Rohan Sharma",EEE,1,Female,2005-09-12,A-,9656082626,rohan4203@cit.edu.in,"76 Gandhi Road",Mumbai,Maharashtra,653895,"Vikram Sharma",9191945695,2025,A,1,"Chennai Institute of Technology",Active
4204,"Aarav Joshi",CIVIL,4,Female,2004-03-12,O-,9112208870,aarav4204@cit.edu.in,"79 Gandhi Road",Hyderabad,Tamil Nadu,652189,"Rohan Joshi",9957096996,2022,A,7,"Chennai Institute of Technology",Active
4205,"Sanya Chopra",CSE,2,Male,2003-09-25,B+,9719424550,sanya4205@cit.edu.in,"74 Gandhi Road",Mumbai,Delhi,687844,"Sanya Chopra",9004725253,2024,A,3,"Chennai Institute of Technology",Active
4206,"Rahul Mehta",AIDS,3,Male,2002-11-11,A+,9863883730,rahul4206@cit.edu.in,"93 Gandhi Road",Hyderabad,Telangana,605677,"Neha Mehta",9865054349,2023,A,6,"Chennai Institute of Technology",Active
4207,"Rohan Verma",AIDS,2,Male,2003-11-14,A+,9758290134,rohan4207@cit.edu.in,"40 Gandhi Road",Pune,Delhi,694632,"Karan Verma",9316744829,2024,C,3,"Chennai Institute of Technology",Active
4208,"Diya Verma",AIDS,3,Male,2003-10-27,AB+,9728285392,diya4208@cit.edu.in,"41 Gandhi Road",Bengaluru,Delhi,639842,"Sanya Verma",9850368278,2023,A,6,"Chennai Institute of Technology",Active
4209,"Arjun Kumar",AIML,2,Male,2004-06-07,O-,9273329456,arjun4209@cit.edu.in,"42 Gandhi Road",Delhi,Maharashtra,638250,"Kavya Kumar",9893447943,2024,B,4,"Chennai Institute of Technology",Active
4210,"Karan Kumar",CSE,2,Male,2003-04-20,AB-,9313429631,karan4210@cit.edu.in,"15 Gandhi Road",Chennai,Tamil Nadu,673223,"Karan Kumar",9994914006,2024,D,3,"Chennai Institute of Technology",Active
4211,"Arjun Reddy",CSE,1,Male,2003-03-05,B-,9251431395,arjun4211@cit.edu.in,"32 Gandhi Road",Delhi,Karnataka,642739,"Rahul Reddy",9765881112,2025,A,1,"Chennai Institute of Technology",Active
4212,"Aarav Singh",ECE,1,Male,2006-01-21,A-,9429367792,aarav4212@cit.edu.in,"51 Gandhi Road",Bengaluru,Tamil Nadu,623510,"Sanya Singh",9185853993,2025,A,2,"Chennai Institute of Technology",Active
4213,"Karan Singh",CSE,4,Male,2005-03-05,A+,9781353940,karan4213@cit.edu.in,"36 Gandhi Road",Hyderabad,Karnataka,600404,"Diya Singh",9207657191,2022,A,8,"Chennai Institute of Technology",Active
4214,"Sanya Sharma",CIVIL,1,Male,2005-05-06,AB-,9042924779,sanya4214@cit.edu.in,"13 Gandhi Road",Pune,West Bengal,637608,"Aarav Sharma",9381252517,2025,A,2,"Chennai Institute of Technology",Active
4215,"Kavya Rao",AIML,3,Female,2003-12-25,B-,9480687748,kavya4215@cit.edu.in,"98 Gandhi Road",Pune,Karnataka,692299,"Aditya Rao",9948121431,2023,D,6,"Chennai Institute of Technology",Active
4216,"Vikram Patel",EEE,4,Female,2002-06-15,B-,9647035741,vikram4216@cit.edu.in,"59 Gandhi Road",Delhi,Telangana,605638,"Sanya Patel",9813850886,2022,B,8,"Chennai Institute of Technology",Active
4217,"Pooja Joshi",CSE,1,Male,2003-06-28,AB-,9639574931,pooja4217@cit.edu.in,"61 Gandhi Road",Mumbai,Delhi,622402,"Aditya Joshi",9339594791,2025,B,1,"Chennai Institute of Technology",Active
4218,"Karan Sharma",EEE,4,Female,2005-03-18,B+,9699165139,karan4218@cit.edu.in,"27 Gandhi Road",Mumbai,West Bengal,648447,"Pooja Sharma",9117839900,2022,D,7,"Chennai Institute of Technology",Active
4219,"Vikram Sharma",AIML,2,Female,2002-05-11,O-,9579122630,vikram4219@cit.edu.in,"56 Gandhi Road",Kolkata,West Bengal,635516,"Meera Sharma",9630789578,2024,B,4,"Chennai Institute of Technology",Active
4220,"Vikram Sharma",ECE,4,Male,2005-06-22,B+,9508573641,vikram4220@cit.edu.in,"13 Gandhi Road",Kolkata,Delhi,620564,"Rahul Sharma",9683662261,2022,B,8,"Chennai Institute of Technology",Active
4221,"Vikram Reddy",ECE,1,Female,2003-07-05,A-,9621793573,vikram4221@cit.edu.in,"99 Gandhi Road",Hyderabad,Tamil Nadu,654096,"Arjun Reddy",9454216161,2025,A,1,"Chennai Institute of Technology",Active
4222,"Meera Gupta",AIML,4,Male,2003-07-19,AB+,9445602845,meera4222@cit.edu.in,"40 Gandhi Road",Hyderabad,Telangana,687563,"Vikram Gupta",9240570207,2022,C,8,"Chennai Institute of Technology",Active
4223,"Ananya Sharma",ECE,3,Male,2006-01-25,A+,9606702681,ananya4223@cit.edu.in,"66 Gandhi Road",Mumbai,Karnataka,677402,"Neha Sharma",9128450381,2023,B,6,"Chennai Institute of Technology",Active
4224,"Kavya Verma",MECH,3,Male,2005-07-18,A-,9899360626,kavya4224@cit.edu.in,"99 Gandhi Road",Mumbai,Tamil Nadu,613788,"Karan Verma",9016962179,2023,C,5,"Chennai Institute of Technology",Active
4225,"Meera Verma",EEE,3,Female,2004-07-05,O-,9578681116,meera4225@cit.edu.in,"60 Gandhi Road",Mumbai,Karnataka,677785,"Meera Verma",9162108582,2023,D,6,"Chennai Institute of Technology",Active
4226,"Rohan Nair",IT,3,Female,2005-11-08,O+,9670121248,rohan4226@cit.edu.in,"18 Gandhi Road",Kolkata,Delhi,612148,"Rahul Nair",9905272087,2023,D,6,"Chennai Institute of Technology",Active
4227,"Neha Rao",EEE,1,Male,2005-12-10,AB+,9589851767,neha4227@cit.edu.in,"96 Gandhi Road",Mumbai,Karnataka,696549,"Karan Rao",9316271444,2025,B,1,"Chennai Institute of Technology",Active
4228,"Priya Joshi",CSE,1,Male,2003-11-07,AB-,9332933013,priya4228@cit.edu.in,"68 Gandhi Road",Delhi,Karnataka,694387,"Aditya Joshi",9967996104,2025,C,1,"Chennai Institute of Technology",Active
4229,"Rahul Joshi",IT,1,Female,2005-03-08,B+,9350273031,rahul4229@cit.edu.in,"91 Gandhi Road",Mumbai,Telangana,611685,"Neha Joshi",9172286331,2025,A,1,"Chennai Institute of Technology",Active
4230,"Neha Reddy",CSE,1,Female,2005-02-03,O+,9733260073,neha4230@cit.edu.in,"58 Gandhi Road",Bengaluru,Telangana,663204,"Rohan Reddy",9145012745,2025,C,1,"Chennai Institute of Technology",Active
4231,"Varun Reddy",ECE,1,Female,2004-01-27,B-,9027442272,varun4231@cit.edu.in,"44 Gandhi Road",Chennai,Telangana,633239,"Aarav Reddy",9903731888,2025,B,1,"Chennai Institute of Technology",Active
4232,"Rahul Chopra",CIVIL,3,Male,2004-03-04,B+,9345757920,rahul4232@cit.edu.in,"77 Gandhi Road",Delhi,Karnataka,626215,"Meera Chopra",9140554601,2023,C,6,"Chennai Institute of Technology",Active
4233,"Karan Sharma",CSE,3,Female,2005-03-14,B-,9037231297,karan4233@cit.edu.in,"14 Gandhi Road",Delhi,Delhi,643722,"Priya Sharma",9909551405,2023,D,5,"Chennai Institute of Technology",Active
4234,"Ananya Kumar",ECE,3,Male,2004-04-13,O+,9794119315,ananya4234@cit.edu.in,"36 Gandhi Road",Chennai,Maharashtra,672583,"Diya Kumar",9292937624,2023,D,6,"Chennai Institute of Technology",Active
4235,"Aditya Sharma",ECE,3,Male,2006-11-01,O+,9359715559,aditya4235@cit.edu.in,"71 Gandhi Road",Pune,Karnataka,662508,"Vikram Sharma",9080372524,2023,D,6,"Chennai Institute of Technology",Active
4236,"Rohan Rao",IT,2,Female,2006-09-27,AB+,9546317996,rohan4236@cit.edu.in,"61 Gandhi Road",Chennai,Tamil Nadu,612564,"Aarav Rao",9683178163,2024,D,4,"Chennai Institute of Technology",Active
4237,"Rohan Joshi",AIML,4,Female,2006-03-24,AB-,9030187702,rohan4237@cit.edu.in,"69 Gandhi Road",Delhi,Maharashtra,666319,"Rahul Joshi",9802359591,2022,D,7,"Chennai Institute of Technology",Active
4238,"Meera Chopra",EEE,2,Female,2006-06-25,B-,9633675461,meera4238@cit.edu.in,"98 Gandhi Road",Pune,Delhi,645872,"Aditya Chopra",9359792410,2024,C,4,"Chennai Institute of Technology",Active
4239,"Neha Rao",EEE,3,Female,2003-05-15,O+,9408329478,neha4239@cit.edu.in,"26 Gandhi Road",Delhi,Tamil Nadu,660097,"Sanya Rao",9052056860,2023,A,5,"Chennai Institute of Technology",Active
4240,"Sanya Kumar",IT,4,Female,2003-10-02,A-,9481067113,sanya4240@cit.edu.in,"16 Gandhi Road",Hyderabad,Karnataka,601507,"Kavya Kumar",9775758600,2022,C,7,"Chennai Institute of Technology",Active
4241,"Rahul Mehta",AIDS,3,Female,2004-06-26,A-,9894116756,rahul4241@cit.edu.in,"46 Gandhi Road",Pune,Telangana,695179,"Rahul Mehta",9773785863,2023,B,6,"Chennai Institute of Technology",Active
4242,"Rohan Sharma",EEE,4,Female,2006-01-23,B-,9384232819,rohan4242@cit.edu.in,"23 Gandhi Road",Hyderabad,Delhi,691058,"Priya Sharma",9493434256,2022,A,8,"Chennai Institute of Technology",Active
4243,"Aditya Nair",ECE,4,Male,2002-07-04,AB+,9036788026,aditya4243@cit.edu.in,"28 Gandhi Road",Bengaluru,West Bengal,638041,"Priya Nair",9372029377,2022,A,8,"Chennai Institute of Technology",Active
4244,"Neha Chopra",AIML,1,Male,2003-11-25,O-,9721673180,neha4244@cit.edu.in,"18 Gandhi Road",Pune,Maharashtra,674407,"Meera Chopra",9984514832,2025,D,2,"Chennai Institute of Technology",Active
4245,"Vikram Patel",AIDS,1,Male,2002-02-11,A-,9748971900,vikram4245@cit.edu.in,"66 Gandhi Road",Bengaluru,Karnataka,615722,"Karan Patel",9500074687,2025,A,1,"Chennai Institute of Technology",Active
4246,"Neha Sharma",CIVIL,2,Female,2006-02-02,O+,9461583502,neha4246@cit.edu.in,"94 Gandhi Road",Bengaluru,West Bengal,626338,"Aditya Sharma",9748020928,2024,D,4,"Chennai Institute of Technology",Active
4247,"Vikram Mehta",AIML,2,Male,2002-03-05,A+,9935108887,vikram4247@cit.edu.in,"44 Gandhi Road",Hyderabad,Tamil Nadu,697404,"Kavya Mehta",9033925031,2024,C,4,"Chennai Institute of Technology",Active
4248,"Ananya Patel",CSE,2,Male,2002-03-27,O-,9678547372,ananya4248@cit.edu.in,"62 Gandhi Road",Kolkata,Telangana,639780,"Vikram Patel",9431512137,2024,C,4,"Chennai Institute of Technology",Active
4249,"Vikram Rao",EEE,1,Female,2002-08-02,AB-,9901257750,vikram4249@cit.edu.in,"10 Gandhi Road",Pune,Telangana,697364,"Priya Rao",9452779131,2025,C,2,"Chennai Institute of Technology",Active
4250,"Kavya Mehta",ECE,2,Female,2004-03-28,B-,9764800595,kavya4250@cit.edu.in,"13 Gandhi Road",Delhi,West Bengal,669730,"Priya Mehta",9599974809,2024,D,3,"Chennai Institute of Technology",Active
4251,"Pooja Verma",IT,1,Female,2005-03-25,AB-,9549450668,pooja4251@cit.edu.in,"63 Gandhi Road",Bengaluru,Delhi,690107,"Ananya Verma",9304507742,2025,D,2,"Chennai Institute of Technology",Active
4252,"Vikram Verma",AIML,2,Female,2002-01-13,O-,9181212750,vikram4252@cit.edu.in,"86 Gandhi Road",Kolkata,Delhi,687472,"Ananya Verma",9208355731,2024,B,3,"Chennai Institute of Technology",Active
4253,"Karan Reddy",EEE,4,Male,2003-09-19,B-,9753553253,karan4253@cit.edu.in,"65 Gandhi Road",Mumbai,Tamil Nadu,635898,"Diya Reddy",9137501783,2022,C,7,"Chennai Institute of Technology",Active
4254,"Kavya Nair",CIVIL,2,Male,2006-05-26,AB-,9614855767,kavya4254@cit.edu.in,"80 Gandhi Road",Mumbai,West Bengal,618475,"Arjun Nair",9765247679,2024,C,4,"Chennai Institute of Technology",Active
4255,"Varun Nair",AIDS,1,Female,2004-08-09,AB-,9917065075,varun4255@cit.edu.in,"80 Gandhi Road",Bengaluru,Karnataka,686077,"Pooja Nair",9062213339,2025,D,1,"Chennai Institute of Technology",Active
4256,"Kavya Rao",AIDS,1,Male,2003-09-21,AB-,9493046505,kavya4256@cit.edu.in,"87 Gandhi Road",Hyderabad,Maharashtra,696890,"Sanya Rao",9042233886,2025,B,1,"Chennai Institute of Technology",Active
4257,"Aarav Nair",MECH,1,Male,2003-07-02,B-,9449431188,aarav4257@cit.edu.in,"69 Gandhi Road",Kolkata,West Bengal,649889,"Pooja Nair",9332807788,2025,D,1,"Chennai Institute of Technology",Active
4258,"Sanya Singh",IT,1,Female,2005-09-17,O-,9525852095,sanya4258@cit.edu.in,"29 Gandhi Road",Bengaluru,Tamil Nadu,695990,"Varun Singh",9246895643,2025,C,1,"Chennai Institute of Technology",Active
4259,"Arjun Mehta",AIML,4,Female,2002-03-25,A+,9807788446,arjun4259@cit.edu.in,"95 Gandhi Road",Mumbai,Telangana,630491,"Rohan Mehta",9387248730,2022,A,7,"Chennai Institute of Technology",Active
4260,"Diya Nair",AIML,4,Female,2003-09-05,A+,9414417388,diya4260@cit.edu.in,"65 Gandhi Road",Chennai,Tamil Nadu,653542,"Kavya Nair",9043141020,2022,D,7,"Chennai Institute of Technology",Active
4261,"Meera Nair",AIML,2,Female,2005-03-13,B+,9329007272,meera4261@cit.edu.in,"59 Gandhi Road",Kolkata,Delhi,634923,"Aditya Nair",9084289191,2024,B,3,"Chennai Institute of Technology",Active
4262,"Aditya Verma",AIML,4,Male,2002-05-07,O-,9046139543,aditya4262@cit.edu.in,"22 Gandhi Road",Hyderabad,Delhi,690664,"Kavya Verma",9926396873,2022,A,7,"Chennai Institute of Technology",Active
4263,"Varun Verma",AIML,2,Female,2002-08-26,B+,9704527427,varun4263@cit.edu.in,"27 Gandhi Road",Delhi,Delhi,658794,"Rahul Verma",9573163869,2024,A,3,"Chennai Institute of Technology",Active
4264,"Rohan Gupta",AIML,3,Male,2006-02-22,A-,9177280576,rohan4264@cit.edu.in,"23 Gandhi Road",Pune,West Bengal,655860,"Kavya Gupta",9125201913,2023,D,5,"Chennai Institute of Technology",Active
4265,"Rahul Rao",AIML,2,Female,2006-07-12,O-,9541516794,rahul4265@cit.edu.in,"43 Gandhi Road",Delhi,Tamil Nadu,638699,"Aditya Rao",9725477000,2024,C,4,"Chennai Institute of Technology",Active
4266,"Diya Singh",AIDS,3,Male,2006-12-21,B+,9181619558,diya4266@cit.edu.in,"17 Gandhi Road",Mumbai,Tamil Nadu,636260,"Sanya Singh",9013839090,2023,C,6,"Chennai Institute of Technology",Active
4267,"Vikram Chopra",CSE,4,Male,2006-05-16,A-,9116252689,vikram4267@cit.edu.in,"72 Gandhi Road",Hyderabad,Delhi,699440,"Neha Chopra",9437838616,2022,D,7,"Chennai Institute of Technology",Active
4268,"Vikram Patel",ECE,2,Female,2005-04-20,B+,9860017722,vikram4268@cit.edu.in,"44 Gandhi Road",Delhi,Telangana,612181,"Rahul Patel",9027196705,2024,B,3,"Chennai Institute of Technology",Active
4269,"Neha Mehta",ECE,4,Male,2004-07-05,A-,9385474512,neha4269@cit.edu.in,"75 Gandhi Road",Chennai,Karnataka,696635,"Aarav Mehta",9106149574,2022,A,7,"Chennai Institute of Technology",Active
4270,"Ananya Chopra",CIVIL,2,Male,2005-05-26,O+,9935750286,ananya4270@cit.edu.in,"56 Gandhi Road",Bengaluru,Maharashtra,647917,"Vikram Chopra",9588825223,2024,D,3,"Chennai Institute of Technology",Active
4271,"Pooja Verma",CIVIL,3,Male,2002-09-20,B-,9212542005,pooja4271@cit.edu.in,"38 Gandhi Road",Hyderabad,Delhi,661212,"Karan Verma",9072180154,2023,D,6,"Chennai Institute of Technology",Active
4272,"Sanya Patel",MECH,3,Male,2004-07-14,O-,9541105809,sanya4272@cit.edu.in,"13 Gandhi Road",Chennai,Maharashtra,609675,"Priya Patel",9389039240,2023,B,6,"Chennai Institute of Technology",Active
4273,"Ananya Mehta",CIVIL,3,Male,2004-06-16,O-,9042451121,ananya4273@cit.edu.in,"58 Gandhi Road",Mumbai,Telangana,633085,"Arjun Mehta",9700435686,2023,A,5,"Chennai Institute of Technology",Active
4274,"Rahul Rao",CIVIL,2,Female,2005-05-02,B-,9790839391,rahul4274@cit.edu.in,"83 Gandhi Road",Pune,West Bengal,660579,"Aditya Rao",9313834095,2024,A,4,"Chennai Institute of Technology",Active
4275,"Vikram Gupta",MECH,1,Male,2005-03-27,A-,9765638699,vikram4275@cit.edu.in,"84 Gandhi Road",Pune,Delhi,667572,"Kavya Gupta",9977762633,2025,C,1,"Chennai Institute of Technology",Active
4276,"Aditya Joshi",ECE,1,Male,2002-08-25,AB+,9308809691,aditya4276@cit.edu.in,"66 Gandhi Road",Kolkata,Delhi,662381,"Varun Joshi",9879939433,2025,D,2,"Chennai Institute of Technology",Active
4277,"Rahul Reddy",MECH,2,Male,2006-12-06,AB+,9652087320,rahul4277@cit.edu.in,"88 Gandhi Road",Chennai,Telangana,622776,"Neha Reddy",9646667446,2024,A,3,"Chennai Institute of Technology",Active
4278,"Varun Verma",CIVIL,4,Female,2002-10-12,B-,9550266082,varun4278@cit.edu.in,"98 Gandhi Road",Pune,Tamil Nadu,620101,"Ananya Verma",9622918147,2022,B,7,"Chennai Institute of Technology",Active
4279,"Rahul Verma",IT,2,Female,2003-10-19,B-,9286089833,rahul4279@cit.edu.in,"93 Gandhi Road",Mumbai,West Bengal,609290,"Rahul Verma",9181049925,2024,C,4,"Chennai Institute of Technology",Active
4280,"Vikram Gupta",IT,1,Male,2006-03-08,A+,9527190380,vikram4280@cit.edu.in,"42 Gandhi Road",Kolkata,Telangana,644244,"Karan Gupta",9494462426,2025,D,2,"Chennai Institute of Technology",Active
4281,"Ananya Rao",CIVIL,2,Male,2004-05-03,A-,9593203441,ananya4281@cit.edu.in,"48 Gandhi Road",Mumbai,Maharashtra,649254,"Rohan Rao",9254494133,2024,A,3,"Chennai Institute of Technology",Active
4282,"Priya Sharma",IT,3,Female,2004-07-01,B-,9219933908,priya4282@cit.edu.in,"45 Gandhi Road",Delhi,Maharashtra,626558,"Arjun Sharma",9851634677,2023,C,5,"Chennai Institute of Technology",Active
4283,"Rohan Mehta",AIML,2,Male,2006-06-07,B-,9471502485,rohan4283@cit.edu.in,"30 Gandhi Road",Chennai,Karnataka,686124,"Aditya Mehta",9460591283,2024,A,4,"Chennai Institute of Technology",Active
4284,"Pooja Verma",CIVIL,4,Male,2003-01-16,O+,9887839655,pooja4284@cit.edu.in,"42 Gandhi Road",Pune,Tamil Nadu,611000,"Sanya Verma",9575604781,2022,B,7,"Chennai Institute of Technology",Active
4285,"Aditya Singh",MECH,1,Female,2003-04-13,O+,9311151127,aditya4285@cit.edu.in,"11 Gandhi Road",Hyderabad,Delhi,629584,"Priya Singh",9204542080,2025,A,1,"Chennai Institute of Technology",Active
4286,"Priya Verma",IT,4,Male,2002-07-15,B-,9722049180,priya4286@cit.edu.in,"38 Gandhi Road",Delhi,Karnataka,645302,"Arjun Verma",9370301999,2022,C,7,"Chennai Institute of Technology",Active
4287,"Aarav Reddy",MECH,1,Female,2004-08-06,A-,9023882784,aarav4287@cit.edu.in,"17 Gandhi Road",Bengaluru,Tamil Nadu,698472,"Rohan Reddy",9210542232,2025,A,2,"Chennai Institute of Technology",Active
4288,"Pooja Patel",ECE,1,Male,2006-01-14,O-,9482332885,pooja4288@cit.edu.in,"29 Gandhi Road",Pune,Telangana,615353,"Neha Patel",9957994323,2025,C,1,"Chennai Institute of Technology",Active
4289,"Kavya Sharma",AIDS,2,Female,2002-12-22,A-,9441821878,kavya4289@cit.edu.in,"23 Gandhi Road",Delhi,Tamil Nadu,614220,"Meera Sharma",9454579071,2024,A,4,"Chennai Institute of Technology",Active
4290,"Ananya Patel",CSE,4,Female,2002-05-26,AB-,9299124211,ananya4290@cit.edu.in,"59 Gandhi Road",Pune,Karnataka,600866,"Ananya Patel",9228846505,2022,B,8,"Chennai Institute of Technology",Active
4291,"Pooja Rao",CSE,3,Female,2006-02-18,B+,9078230016,pooja4291@cit.edu.in,"89 Gandhi Road",Mumbai,Telangana,665863,"Priya Rao",9980555124,2023,B,5,"Chennai Institute of Technology",Active
4292,"Rohan Patel",CIVIL,1,Male,2005-03-20,A-,9095778493,rohan4292@cit.edu.in,"93 Gandhi Road",Mumbai,Maharashtra,630419,"Priya Patel",9007631843,2025,B,1,"Chennai Institute of Technology",Active
4293,"Neha Rao",ECE,3,Female,2004-07-21,AB-,9674185295,neha4293@cit.edu.in,"40 Gandhi Road",Pune,Telangana,685483,"Meera Rao",9036312560,2023,C,6,"Chennai Institute of Technology",Active
4294,"Rohan Nair",EEE,1,Male,2003-11-28,A+,9317042039,rohan4294@cit.edu.in,"12 Gandhi Road",Chennai,Telangana,675343,"Sanya Nair",9323847164,2025,D,1,"Chennai Institute of Technology",Active
4295,"Pooja Reddy",EEE,3,Male,2002-05-14,A+,9710252138,pooja4295@cit.edu.in,"89 Gandhi Road",Hyderabad,Tamil Nadu,614478,"Pooja Reddy",9769787348,2023,B,6,"Chennai Institute of Technology",Active
4296,"Sanya Joshi",CSE,1,Male,2006-04-10,B-,9373512403,sanya4296@cit.edu.in,"40 Gandhi Road",Chennai,Maharashtra,676713,"Diya Joshi",9942849301,2025,B,2,"Chennai Institute of Technology",Active
4297,"Ananya Sharma",IT,3,Male,2006-08-24,A+,9917860154,ananya4297@cit.edu.in,"48 Gandhi Road",Hyderabad,West Bengal,654956,"Kavya Sharma",9777149165,2023,C,6,"Chennai Institute of Technology",Active
4298,"Aarav Reddy",CSE,1,Male,2003-01-06,A+,9501757634,aarav4298@cit.edu.in,"28 Gandhi Road",Chennai,Delhi,613522,"Diya Reddy",9298354759,2025,D,2,"Chennai Institute of Technology",Active
4299,"Diya Singh",CIVIL,4,Female,2005-03-14,O-,9234700211,diya4299@cit.edu.in,"79 Gandhi Road",Bengaluru,Karnataka,610086,"Karan Singh",9379530901,2022,C,8,"Chennai Institute of Technology",Active
4300,"Neha Mehta",ECE,1,Female,2006-10-13,B-,9651881978,neha4300@cit.edu.in,"91 Gandhi Road",Bengaluru,Telangana,662256,"Rahul Mehta",9275113363,2025,A,2,"Chennai Institute of Technology",Active
4301,"Rahul Kumar",EEE,3,Female,2005-06-16,A+,9190424677,rahul4301@cit.edu.in,"83 Gandhi Road",Bengaluru,Tamil Nadu,693356,"Diya Kumar",9999854451,2023,B,6,"Chennai Institute of Technology",Active
4302,"Karan Chopra",AIML,2,Male,2003-06-25,B-,9421740036,karan4302@cit.edu.in,"61 Gandhi Road",Bengaluru,Karnataka,637251,"Diya Chopra",9607412474,2024,B,3,"Chennai Institute of Technology",Active
4303,"Meera Nair",EEE,4,Male,2004-09-21,AB-,9264100511,meera4303@cit.edu.in,"39 Gandhi Road",Hyderabad,Delhi,635483,"Sanya Nair",9779825761,2022,B,7,"Chennai Institute of Technology",Active
4304,"Kavya Nair",MECH,2,Male,2004-10-20,AB+,9153462272,kavya4304@cit.edu.in,"27 Gandhi Road",Pune,Delhi,642390,"Ananya Nair",9310320552,2024,B,4,"Chennai Institute of Technology",Active
4305,"Rohan Chopra",CSE,4,Female,2005-09-20,A-,9501031228,rohan4305@cit.edu.in,"23 Gandhi Road",Mumbai,Maharashtra,630079,"Meera Chopra",9519375981,2022,D,7,"Chennai Institute of Technology",Active
4306,"Arjun Chopra",CIVIL,3,Female,2005-10-07,O-,9995471863,arjun4306@cit.edu.in,"20 Gandhi Road",Hyderabad,Karnataka,699205,"Rahul Chopra",9353673547,2023,D,6,"Chennai Institute of Technology",Active
4307,"Rohan Kumar",AIDS,3,Female,2004-02-22,A-,9559513357,rohan4307@cit.edu.in,"32 Gandhi Road",Hyderabad,Tamil Nadu,604151,"Rohan Kumar",9351821305,2023,D,5,"Chennai Institute of Technology",Active
4308,"Diya Sharma",EEE,1,Female,2006-08-05,AB+,9186878171,diya4308@cit.edu.in,"11 Gandhi Road",Mumbai,West Bengal,674225,"Vikram Sharma",9527233409,2025,C,1,"Chennai Institute of Technology",Active
4309,"Meera Rao",CSE,4,Female,2005-01-26,B-,9993445602,meera4309@cit.edu.in,"68 Gandhi Road",Hyderabad,West Bengal,655080,"Aarav Rao",9030049021,2022,C,7,"Chennai Institute of Technology",Active
4310,"Sanya Singh",CIVIL,3,Male,2006-03-19,AB-,9572388639,sanya4310@cit.edu.in,"29 Gandhi Road",Hyderabad,Tamil Nadu,615910,"Pooja Singh",9971341167,2023,A,5,"Chennai Institute of Technology",Active
4311,"Varun Joshi",AIDS,2,Male,2003-11-01,A-,9575437109,varun4311@cit.edu.in,"25 Gandhi Road",Pune,Karnataka,619041,"Arjun Joshi",9983224940,2024,A,4,"Chennai Institute of Technology",Active
4312,"Sanya Gupta",AIML,4,Male,2004-05-26,B-,9080789998,sanya4312@cit.edu.in,"39 Gandhi Road",Mumbai,West Bengal,612533,"Priya Gupta",9765265773,2022,C,7,"Chennai Institute of Technology",Active
4313,"Meera Nair",AIDS,2,Male,2003-12-18,AB-,9545397108,meera4313@cit.edu.in,"44 Gandhi Road",Hyderabad,Karnataka,615402,"Diya Nair",9979286195,2024,A,4,"Chennai Institute of Technology",Active
4314,"Pooja Singh",ECE,1,Male,2006-06-24,B+,9042985226,pooja4314@cit.edu.in,"60 Gandhi Road",Delhi,Maharashtra,634256,"Meera Singh",9099870941,2025,A,2,"Chennai Institute of Technology",Active
4315,"Pooja Rao",CSE,3,Male,2006-07-17,B+,9982093546,pooja4315@cit.edu.in,"89 Gandhi Road",Delhi,West Bengal,654516,"Pooja Rao",9420028253,2023,A,5,"Chennai Institute of Technology",Active
4316,"Kavya Gupta",EEE,3,Female,2004-09-22,AB+,9146971972,kavya4316@cit.edu.in,"35 Gandhi Road",Mumbai,West Bengal,633738,"Meera Gupta",9579582102,2023,D,6,"Chennai Institute of Technology",Active
4317,"Neha Nair",CIVIL,4,Female,2002-08-06,B+,9359690707,neha4317@cit.edu.in,"80 Gandhi Road",Bengaluru,Karnataka,604962,"Ananya Nair",9550179110,2022,C,7,"Chennai Institute of Technology",Active
4318,"Ananya Patel",CSE,4,Female,2004-02-03,O+,9422918290,ananya4318@cit.edu.in,"27 Gandhi Road",Pune,Telangana,637909,"Neha Patel",9214162186,2022,D,8,"Chennai Institute of Technology",Active
4319,"Diya Sharma",ECE,1,Male,2003-03-12,B-,9727717697,diya4319@cit.edu.in,"28 Gandhi Road",Pune,Karnataka,616310,"Neha Sharma",9775838254,2025,C,1,"Chennai Institute of Technology",Active
4320,"Rohan Gupta",EEE,1,Female,2004-04-08,AB-,9340151855,rohan4320@cit.edu.in,"23 Gandhi Road",Kolkata,West Bengal,620298,"Arjun Gupta",9448732075,2025,C,1,"Chennai Institute of Technology",Active
4321,"Pooja Sharma",AIDS,3,Male,2006-07-27,AB-,9377767739,pooja4321@cit.edu.in,"77 Gandhi Road",Bengaluru,Maharashtra,661728,"Ananya Sharma",9504663870,2023,A,5,"Chennai Institute of Technology",Active
4322,"Sanya Patel",AIDS,3,Female,2005-01-09,AB+,9517963269,sanya4322@cit.edu.in,"19 Gandhi Road",Chennai,West Bengal,663405,"Aarav Patel",9796823345,2023,D,6,"Chennai Institute of Technology",Active
4323,"Neha Nair",AIDS,1,Female,2003-12-07,A-,9215469040,neha4323@cit.edu.in,"27 Gandhi Road",Mumbai,Telangana,693682,"Pooja Nair",9198670867,2025,D,1,"Chennai Institute of Technology",Active
4324,"Aditya Reddy",MECH,1,Female,2004-12-05,O-,9779903026,aditya4324@cit.edu.in,"68 Gandhi Road",Pune,Maharashtra,617168,"Varun Reddy",9229540744,2025,D,2,"Chennai Institute of Technology",Active
4325,"Meera Kumar",IT,4,Female,2002-08-13,B+,9034062681,meera4325@cit.edu.in,"75 Gandhi Road",Delhi,Delhi,670248,"Diya Kumar",9389561886,2022,A,8,"Chennai Institute of Technology",Active
4326,"Rahul Verma",CSE,3,Female,2005-01-26,B-,9355079934,rahul4326@cit.edu.in,"20 Gandhi Road",Delhi,Delhi,685471,"Diya Verma",9269348785,2023,D,6,"Chennai Institute of Technology",Active
4327,"Arjun Kumar",AIML,2,Male,2004-06-11,O+,9893363893,arjun4327@cit.edu.in,"95 Gandhi Road",Hyderabad,West Bengal,674707,"Meera Kumar",9054066898,2024,A,3,"Chennai Institute of Technology",Active
4328,"Sanya Reddy",CIVIL,2,Female,2005-09-28,AB-,9384823014,sanya4328@cit.edu.in,"16 Gandhi Road",Hyderabad,Tamil Nadu,605831,"Aarav Reddy",9098621334,2024,C,4,"Chennai Institute of Technology",Active
4329,"Sanya Mehta",IT,4,Male,2003-09-06,AB+,9899196710,sanya4329@cit.edu.in,"43 Gandhi Road",Chennai,Tamil Nadu,673465,"Rahul Mehta",9755257391,2022,B,8,"Chennai Institute of Technology",Active
4330,"Diya Singh",AIML,1,Female,2002-07-19,B+,9326385077,diya4330@cit.edu.in,"65 Gandhi Road",Hyderabad,Maharashtra,679381,"Vikram Singh",9462649903,2025,C,1,"Chennai Institute of Technology",Active
4331,"Vikram Reddy",CSE,1,Female,2005-04-26,B+,9162550737,vikram4331@cit.edu.in,"24 Gandhi Road",Hyderabad,Karnataka,672500,"Priya Reddy",9187439601,2025,C,2,"Chennai Institute of Technology",Active
4332,"Vikram Verma",MECH,2,Female,2003-01-27,B+,9131038363,vikram4332@cit.edu.in,"47 Gandhi Road",Pune,West Bengal,658716,"Meera Verma",9269767793,2024,A,4,"Chennai Institute of Technology",Active
4333,"Neha Verma",MECH,3,Male,2006-08-27,B+,9266682979,neha4333@cit.edu.in,"39 Gandhi Road",Pune,West Bengal,659000,"Ananya Verma",9552523896,2023,C,6,"Chennai Institute of Technology",Active
4334,"Aditya Kumar",CIVIL,3,Male,2004-02-27,AB-,9845032030,aditya4334@cit.edu.in,"39 Gandhi Road",Bengaluru,Maharashtra,653604,"Ananya Kumar",9123906295,2023,A,5,"Chennai Institute of Technology",Active
4335,"Karan Sharma",IT,2,Male,2005-02-17,B+,9345664368,karan4335@cit.edu.in,"94 Gandhi Road",Pune,Tamil Nadu,698014,"Vikram Sharma",9801237373,2024,D,4,"Chennai Institute of Technology",Active
4336,"Meera Mehta",MECH,2,Female,2005-12-10,A-,9692835901,meera4336@cit.edu.in,"30 Gandhi Road",Hyderabad,Delhi,684848,"Vikram Mehta",9855009895,2024,D,4,"Chennai Institute of Technology",Active
4337,"Neha Chopra",MECH,4,Male,2004-01-07,AB+,9790740762,neha4337@cit.edu.in,"45 Gandhi Road",Delhi,Delhi,669136,"Kavya Chopra",9970947840,2022,C,8,"Chennai Institute of Technology",Active
4338,"Meera Singh",CSE,3,Male,2002-11-15,O-,9322471682,meera4338@cit.edu.in,"63 Gandhi Road",Hyderabad,Maharashtra,603130,"Rahul Singh",9843162918,2023,A,5,"Chennai Institute of Technology",Active
4339,"Vikram Rao",AIDS,4,Female,2003-11-06,A+,9673331730,vikram4339@cit.edu.in,"38 Gandhi Road",Hyderabad,Telangana,622777,"Sanya Rao",9737161885,2022,B,8,"Chennai Institute of Technology",Active
4340,"Karan Chopra",CSE,2,Male,2003-10-28,B-,9087545462,karan4340@cit.edu.in,"65 Gandhi Road",Hyderabad,Karnataka,612472,"Varun Chopra",9151444094,2024,B,4,"Chennai Institute of Technology",Active
4341,"Aarav Mehta",IT,2,Female,2002-01-14,O+,9819030986,aarav4341@cit.edu.in,"92 Gandhi Road",Mumbai,West Bengal,648928,"Pooja Mehta",9008119660,2024,C,3,"Chennai Institute of Technology",Active
4342,"Karan Sharma",EEE,1,Female,2006-04-11,O-,9684326092,karan4342@cit.edu.in,"44 Gandhi Road",Kolkata,West Bengal,619642,"Rahul Sharma",9602868981,2025,D,1,"Chennai Institute of Technology",Active
4343,"Karan Sharma",EEE,4,Male,2006-08-02,A-,9317941678,karan4343@cit.edu.in,"93 Gandhi Road",Pune,West Bengal,683205,"Rohan Sharma",9080919992,2022,C,8,"Chennai Institute of Technology",Active
4344,"Karan Reddy",EEE,4,Female,2006-11-17,AB-,9963897916,karan4344@cit.edu.in,"32 Gandhi Road",Hyderabad,Karnataka,679893,"Rahul Reddy",9527368266,2022,B,8,"Chennai Institute of Technology",Active
4345,"Aarav Nair",AIDS,2,Female,2005-01-21,A+,9919079649,aarav4345@cit.edu.in,"84 Gandhi Road",Delhi,Karnataka,641097,"Ananya Nair",9072240076,2024,D,4,"Chennai Institute of Technology",Active
4346,"Aarav Verma",MECH,3,Male,2005-10-16,A-,9112470770,aarav4346@cit.edu.in,"58 Gandhi Road",Chennai,Tamil Nadu,641525,"Vikram Verma",9811810002,2023,B,6,"Chennai Institute of Technology",Active
4347,"Kavya Sharma",MECH,4,Female,2006-05-17,AB+,9879102626,kavya4347@cit.edu.in,"34 Gandhi Road",Bengaluru,Telangana,697723,"Pooja Sharma",9745739209,2022,B,8,"Chennai Institute of Technology",Active
4348,"Diya Gupta",IT,4,Male,2003-04-18,AB-,9726854861,diya4348@cit.edu.in,"81 Gandhi Road",Bengaluru,Delhi,656815,"Vikram Gupta",9563496694,2022,D,7,"Chennai Institute of Technology",Active
4349,"Arjun Joshi",IT,4,Male,2004-07-12,B+,9556144039,arjun4349@cit.edu.in,"26 Gandhi Road",Bengaluru,Tamil Nadu,651400,"Rahul Joshi",9712379832,2022,B,7,"Chennai Institute of Technology",Active
4350,"Neha Joshi",IT,4,Female,2004-09-03,B-,9098779395,neha4350@cit.edu.in,"77 Gandhi Road",Hyderabad,Karnataka,626877,"Ananya Joshi",9421411390,2022,A,7,"Chennai Institute of Technology",Active
4351,"Arjun Verma",AIML,4,Male,2003-05-22,B+,9350151770,arjun4351@cit.edu.in,"25 Gandhi Road",Chennai,West Bengal,665077,"Neha Verma",9997125557,2022,A,8,"Chennai Institute of Technology",Active
4352,"Sanya Verma",IT,2,Male,2003-08-27,AB-,9042780915,sanya4352@cit.edu.in,"76 Gandhi Road",Chennai,West Bengal,676492,"Rohan Verma",9748076391,2024,B,3,"Chennai Institute of Technology",Active
4353,"Priya Sharma",ECE,2,Male,2003-07-07,A+,9673425726,priya4353@cit.edu.in,"82 Gandhi Road",Delhi,West Bengal,662217,"Arjun Sharma",9702805615,2024,A,4,"Chennai Institute of Technology",Active
4354,"Kavya Chopra",AIML,4,Female,2002-10-17,B+,9766581304,kavya4354@cit.edu.in,"66 Gandhi Road",Hyderabad,Telangana,608410,"Neha Chopra",9766660945,2022,A,7,"Chennai Institute of Technology",Active
4355,"Diya Mehta",AIDS,2,Female,2003-06-04,A+,9176264148,diya4355@cit.edu.in,"24 Gandhi Road",Kolkata,West Bengal,673782,"Rahul Mehta",9585851489,2024,A,4,"Chennai Institute of Technology",Active
4356,"Kavya Sharma",AIML,4,Male,2005-12-02,A-,9196535733,kavya4356@cit.edu.in,"93 Gandhi Road",Delhi,Maharashtra,684151,"Rahul Sharma",9867764396,2022,D,7,"Chennai Institute of Technology",Active
4357,"Karan Kumar",CSE,4,Male,2006-09-24,O+,9130199253,karan4357@cit.edu.in,"78 Gandhi Road",Delhi,Maharashtra,683883,"Aditya Kumar",9163025255,2022,A,8,"Chennai Institute of Technology",Active
4358,"Sanya Gupta",CSE,1,Male,2002-01-05,O-,9136583955,sanya4358@cit.edu.in,"40 Gandhi Road",Bengaluru,Delhi,640464,"Aditya Gupta",9146566370,2025,B,2,"Chennai Institute of Technology",Active
4359,"Rahul Verma",AIDS,1,Male,2003-01-26,B-,9474747479,rahul4359@cit.edu.in,"98 Gandhi Road",Kolkata,Maharashtra,680415,"Neha Verma",9614111595,2025,C,1,"Chennai Institute of Technology",Active
4360,"Pooja Gupta",EEE,3,Female,2003-02-20,A+,9382286943,pooja4360@cit.edu.in,"83 Gandhi Road",Hyderabad,Maharashtra,639997,"Rahul Gupta",9082357354,2023,B,5,"Chennai Institute of Technology",Active
4361,"Aarav Reddy",ECE,4,Male,2006-03-24,B-,9808041799,aarav4361@cit.edu.in,"27 Gandhi Road",Chennai,Delhi,667867,"Varun Reddy",9743063526,2022,D,7,"Chennai Institute of Technology",Active
4362,"Ananya Patel",IT,1,Male,2005-02-16,A+,9607475451,ananya4362@cit.edu.in,"35 Gandhi Road",Pune,Karnataka,626036,"Arjun Patel",9651870741,2025,D,1,"Chennai Institute of Technology",Active
4363,"Kavya Sharma",CIVIL,2,Male,2002-01-10,B+,9743950477,kavya4363@cit.edu.in,"33 Gandhi Road",Kolkata,Delhi,604782,"Varun Sharma",9745294982,2024,C,4,"Chennai Institute of Technology",Active
4364,"Priya Gupta",AIML,2,Female,2003-05-18,A+,9699727988,priya4364@cit.edu.in,"15 Gandhi Road",Mumbai,Telangana,659261,"Aditya Gupta",9536580814,2024,C,4,"Chennai Institute of Technology",Active
4365,"Aditya Singh",ECE,1,Male,2002-02-09,B+,9253879012,aditya4365@cit.edu.in,"24 Gandhi Road",Kolkata,Karnataka,641158,"Pooja Singh",9185750953,2025,B,1,"Chennai Institute of Technology",Active
4366,"Kavya Patel",IT,4,Male,2005-07-10,B-,9835703501,kavya4366@cit.edu.in,"16 Gandhi Road",Chennai,Karnataka,665386,"Varun Patel",9228053279,2022,C,8,"Chennai Institute of Technology",Active
4367,"Neha Nair",MECH,3,Female,2006-11-28,B+,9574490355,neha4367@cit.edu.in,"28 Gandhi Road",Kolkata,Tamil Nadu,696753,"Priya Nair",9221194103,2023,A,5,"Chennai Institute of Technology",Active
4368,"Arjun Rao",CSE,1,Male,2004-05-02,AB-,9240171703,arjun4368@cit.edu.in,"34 Gandhi Road",Chennai,West Bengal,611249,"Pooja Rao",9904922995,2025,B,2,"Chennai Institute of Technology",Active
4369,"Arjun Verma",AIDS,1,Male,2002-03-21,A+,9991846477,arjun4369@cit.edu.in,"96 Gandhi Road",Delhi,Tamil Nadu,641691,"Sanya Verma",9458335545,2025,C,1,"Chennai Institute of Technology",Active
4370,"Sanya Gupta",IT,2,Female,2003-06-08,A+,9182503378,sanya4370@cit.edu.in,"64 Gandhi Road",Chennai,Telangana,659274,"Rahul Gupta",9140942127,2024,B,3,"Chennai Institute of Technology",Active
4371,"Rohan Reddy",CSE,4,Female,2004-07-14,A+,9335193103,rohan4371@cit.edu.in,"14 Gandhi Road",Mumbai,Maharashtra,633243,"Ananya Reddy",9662214302,2022,D,8,"Chennai Institute of Technology",Active
4372,"Rahul Joshi",ECE,4,Male,2006-03-24,O+,9522812705,rahul4372@cit.edu.in,"60 Gandhi Road",Delhi,Maharashtra,632505,"Kavya Joshi",9192497953,2022,C,7,"Chennai Institute of Technology",Active
4373,"Priya Chopra",AIML,3,Male,2005-07-23,AB-,9939167955,priya4373@cit.edu.in,"61 Gandhi Road",Mumbai,Tamil Nadu,660525,"Kavya Chopra",9371523927,2023,D,5,"Chennai Institute of Technology",Active
4374,"Rahul Sharma",CIVIL,1,Female,2003-07-21,O-,9755845622,rahul4374@cit.edu.in,"62 Gandhi Road",Delhi,Delhi,603439,"Meera Sharma",9662744873,2025,B,1,"Chennai Institute of Technology",Active
4375,"Kavya Mehta",ECE,3,Male,2006-10-20,A+,9996033177,kavya4375@cit.edu.in,"76 Gandhi Road",Pune,Karnataka,618103,"Vikram Mehta",9125970449,2023,C,5,"Chennai Institute of Technology",Active
4376,"Kavya Mehta",AIML,1,Male,2002-09-23,B+,9485906108,kavya4376@cit.edu.in,"91 Gandhi Road",Delhi,Telangana,684302,"Aditya Mehta",9626593123,2025,C,1,"Chennai Institute of Technology",Active
4377,"Rohan Sharma",CSE,1,Female,2004-12-13,B+,9462591031,rohan4377@cit.edu.in,"65 Gandhi Road",Bengaluru,Tamil Nadu,658246,"Arjun Sharma",9164015424,2025,C,1,"Chennai Institute of Technology",Active
4378,"Ananya Reddy",ECE,4,Male,2003-05-23,B-,9315648168,ananya4378@cit.edu.in,"82 Gandhi Road",Delhi,Delhi,631698,"Neha Reddy",9248080494,2022,B,7,"Chennai Institute of Technology",Active
4379,"Diya Verma",AIML,3,Male,2006-08-28,B-,9069718355,diya4379@cit.edu.in,"92 Gandhi Road",Kolkata,Tamil Nadu,695232,"Neha Verma",9758058496,2023,B,5,"Chennai Institute of Technology",Active
4380,"Aarav Verma",IT,1,Male,2003-11-28,AB-,9689260819,aarav4380@cit.edu.in,"76 Gandhi Road",Pune,Maharashtra,686959,"Kavya Verma",9629360981,2025,D,1,"Chennai Institute of Technology",Active
4381,"Varun Kumar",CSE,3,Female,2006-02-25,O+,9493131145,varun4381@cit.edu.in,"50 Gandhi Road",Delhi,Maharashtra,640240,"Pooja Kumar",9475475849,2023,A,6,"Chennai Institute of Technology",Active
4382,"Rahul Kumar",IT,2,Female,2002-09-02,O-,9186101989,rahul4382@cit.edu.in,"63 Gandhi Road",Hyderabad,Maharashtra,675963,"Karan Kumar",9631864093,2024,B,3,"Chennai Institute of Technology",Active
4383,"Arjun Mehta",MECH,1,Male,2003-06-12,A+,9883885229,arjun4383@cit.edu.in,"15 Gandhi Road",Bengaluru,Telangana,653126,"Vikram Mehta",9182171979,2025,B,2,"Chennai Institute of Technology",Active
4384,"Aditya Rao",IT,2,Female,2004-07-02,B-,9430116396,aditya4384@cit.edu.in,"52 Gandhi Road",Pune,West Bengal,675886,"Diya Rao",9348873708,2024,B,3,"Chennai Institute of Technology",Active
4385,"Pooja Patel",CIVIL,2,Male,2005-04-21,O-,9957223978,pooja4385@cit.edu.in,"76 Gandhi Road",Hyderabad,Karnataka,646605,"Priya Patel",9345982893,2024,C,4,"Chennai Institute of Technology",Active
4386,"Diya Reddy",AIDS,1,Female,2003-02-23,A-,9061438923,diya4386@cit.edu.in,"85 Gandhi Road",Hyderabad,West Bengal,681912,"Pooja Reddy",9888322513,2025,A,1,"Chennai Institute of Technology",Active
4387,"Aarav Joshi",MECH,1,Female,2005-09-01,B-,9215616903,aarav4387@cit.edu.in,"94 Gandhi Road",Kolkata,West Bengal,693332,"Aditya Joshi",9246516061,2025,A,2,"Chennai Institute of Technology",Active
4388,"Ananya Chopra",IT,3,Female,2005-02-21,O+,9302977870,ananya4388@cit.edu.in,"91 Gandhi Road",Kolkata,Karnataka,694839,"Priya Chopra",9693499701,2023,A,5,"Chennai Institute of Technology",Active
4389,"Kavya Gupta",AIDS,2,Female,2004-04-15,B-,9870458708,kavya4389@cit.edu.in,"95 Gandhi Road",Hyderabad,Tamil Nadu,659560,"Arjun Gupta",9772895479,2024,A,4,"Chennai Institute of Technology",Active
4390,"Kavya Nair",CIVIL,2,Male,2002-04-19,B-,9100523230,kavya4390@cit.edu.in,"26 Gandhi Road",Hyderabad,Karnataka,664583,"Priya Nair",9065885984,2024,B,4,"Chennai Institute of Technology",Active
4391,"Aarav Joshi",AIDS,3,Female,2004-08-13,A+,9859988330,aarav4391@cit.edu.in,"50 Gandhi Road",Mumbai,Tamil Nadu,679997,"Aarav Joshi",9158053557,2023,C,5,"Chennai Institute of Technology",Active
4392,"Meera Mehta",AIDS,4,Male,2004-12-09,A+,9864918427,meera4392@cit.edu.in,"87 Gandhi Road",Pune,Tamil Nadu,628841,"Meera Mehta",9437629616,2022,A,8,"Chennai Institute of Technology",Active
4393,"Kavya Reddy",AIDS,2,Male,2003-05-06,A+,9612345233,kavya4393@cit.edu.in,"57 Gandhi Road",Chennai,Tamil Nadu,643059,"Aditya Reddy",9213556877,2024,C,3,"Chennai Institute of Technology",Active
4394,"Aditya Sharma",ECE,3,Male,2002-12-03,B+,9418922384,aditya4394@cit.edu.in,"23 Gandhi Road",Mumbai,West Bengal,686622,"Meera Sharma",9265373918,2023,A,5,"Chennai Institute of Technology",Active
4395,"Arjun Nair",IT,4,Female,2003-06-02,AB+,9070079920,arjun4395@cit.edu.in,"93 Gandhi Road",Delhi,Delhi,607251,"Varun Nair",9422505488,2022,B,7,"Chennai Institute of Technology",Active
4396,"Varun Rao",EEE,4,Female,2005-05-06,AB+,9166230303,varun4396@cit.edu.in,"40 Gandhi Road",Pune,Tamil Nadu,627006,"Aarav Rao",9945812881,2022,B,7,"Chennai Institute of Technology",Active
4397,"Aditya Rao",IT,1,Female,2004-08-23,AB-,9167434781,aditya4397@cit.edu.in,"75 Gandhi Road",Pune,Tamil Nadu,674201,"Neha Rao",9469822887,2025,B,2,"Chennai Institute of Technology",Active
4398,"Aarav Nair",CSE,4,Female,2005-06-09,O-,9721375088,aarav4398@cit.edu.in,"84 Gandhi Road",Bengaluru,Delhi,614216,"Sanya Nair",9995957106,2022,C,8,"Chennai Institute of Technology",Active
4399,"Aditya Kumar",MECH,1,Female,2003-05-08,O+,9323132599,aditya4399@cit.edu.in,"37 Gandhi Road",Delhi,Delhi,690332,"Neha Kumar",9447329961,2025,A,1,"Chennai Institute of Technology",Active
4400,"Ananya Verma",EEE,1,Female,2005-09-02,B+,9547483295,ananya4400@cit.edu.in,"20 Gandhi Road",Chennai,Tamil Nadu,692456,"Rohan Verma",9531018185,2025,C,2,"Chennai Institute of Technology",Active
4401,"Meera Singh",CIVIL,2,Female,2003-05-16,O-,9301880479,meera4401@cit.edu.in,"92 Gandhi Road",Bengaluru,Maharashtra,652055,"Arjun Singh",9142627208,2024,A,4,"Chennai Institute of Technology",Active
4402,"Aarav Kumar",CSE,2,Male,2004-04-25,O-,9185328512,aarav4402@cit.edu.in,"75 Gandhi Road",Hyderabad,West Bengal,603843,"Karan Kumar",9263959937,2024,A,4,"Chennai Institute of Technology",Active
4403,"Sanya Joshi",CIVIL,4,Male,2004-06-20,A+,9694587026,sanya4403@cit.edu.in,"25 Gandhi Road",Mumbai,Maharashtra,637787,"Pooja Joshi",9457087018,2022,D,8,"Chennai Institute of Technology",Active
4404,"Sanya Verma",AIDS,3,Male,2003-02-16,AB+,9153858321,sanya4404@cit.edu.in,"56 Gandhi Road",Bengaluru,West Bengal,657004,"Rahul Verma",9358788941,2023,D,5,"Chennai Institute of Technology",Active
4405,"Rohan Sharma",MECH,3,Male,2002-06-02,A-,9710678501,rohan4405@cit.edu.in,"35 Gandhi Road",Kolkata,Tamil Nadu,631441,"Aarav Sharma",9974412372,2023,A,6,"Chennai Institute of Technology",Active
4406,"Sanya Reddy",EEE,4,Male,2006-10-13,O-,9260392316,sanya4406@cit.edu.in,"59 Gandhi Road",Delhi,Delhi,610039,"Varun Reddy",9467715811,2022,A,7,"Chennai Institute of Technology",Active
4407,"Ananya Patel",AIDS,4,Male,2004-03-18,AB-,9073845277,ananya4407@cit.edu.in,"17 Gandhi Road",Pune,West Bengal,676985,"Sanya Patel",9387206722,2022,C,8,"Chennai Institute of Technology",Active
4408,"Rohan Singh",CSE,1,Male,2004-03-12,B-,9770261702,rohan4408@cit.edu.in,"27 Gandhi Road",Delhi,Tamil Nadu,620444,"Vikram Singh",9186407270,2025,A,1,"Chennai Institute of Technology",Active
4409,"Rohan Verma",MECH,2,Female,2002-06-24,B-,9193944362,rohan4409@cit.edu.in,"98 Gandhi Road",Delhi,Maharashtra,686775,"Sanya Verma",9486984019,2024,D,4,"Chennai Institute of Technology",Active
4410,"Pooja Verma",MECH,2,Male,2006-12-21,AB-,9750268697,pooja4410@cit.edu.in,"56 Gandhi Road",Chennai,Karnataka,629039,"Priya Verma",9438355189,2024,B,3,"Chennai Institute of Technology",Active
4411,"Rohan Patel",AIDS,1,Female,2005-01-24,AB-,9616501985,rohan4411@cit.edu.in,"82 Gandhi Road",Pune,Maharashtra,694149,"Sanya Patel",9361684973,2025,A,2,"Chennai Institute of Technology",Active
4412,"Vikram Mehta",ECE,4,Female,2006-05-24,A+,9123239662,vikram4412@cit.edu.in,"92 Gandhi Road",Bengaluru,West Bengal,697823,"Kavya Mehta",9713310309,2022,D,8,"Chennai Institute of Technology",Active
4413,"Aditya Kumar",CIVIL,2,Male,2003-08-24,B+,9808029998,aditya4413@cit.edu.in,"84 Gandhi Road",Mumbai,Maharashtra,611468,"Meera Kumar",9591048046,2024,D,4,"Chennai Institute of Technology",Active
4414,"Karan Sharma",IT,4,Male,2004-12-03,AB-,9089629815,karan4414@cit.edu.in,"25 Gandhi Road",Pune,Delhi,652781,"Varun Sharma",9196131049,2022,B,8,"Chennai Institute of Technology",Active
4415,"Neha Singh",IT,3,Female,2003-04-26,AB-,9433583225,neha4415@cit.edu.in,"63 Gandhi Road",Pune,Tamil Nadu,612441,"Karan Singh",9681129599,2023,A,6,"Chennai Institute of Technology",Active
4416,"Varun Reddy",MECH,2,Female,2002-07-03,B+,9083164308,varun4416@cit.edu.in,"49 Gandhi Road",Hyderabad,Tamil Nadu,667093,"Meera Reddy",9341328580,2024,A,3,"Chennai Institute of Technology",Active
4417,"Neha Nair",AIML,1,Female,2004-03-04,B+,9996964911,neha4417@cit.edu.in,"96 Gandhi Road",Pune,Karnataka,698048,"Rohan Nair",9961561790,2025,A,2,"Chennai Institute of Technology",Active
4418,"Kavya Kumar",MECH,1,Male,2002-09-06,AB-,9460884626,kavya4418@cit.edu.in,"75 Gandhi Road",Hyderabad,West Bengal,693750,"Pooja Kumar",9170976960,2025,C,2,"Chennai Institute of Technology",Active
4419,"Pooja Verma",MECH,1,Female,2002-11-14,A-,9601755198,pooja4419@cit.edu.in,"14 Gandhi Road",Pune,West Bengal,623716,"Vikram Verma",9259546900,2025,B,2,"Chennai Institute of Technology",Active
4420,"Neha Gupta",CIVIL,3,Male,2003-01-04,AB-,9907091732,neha4420@cit.edu.in,"46 Gandhi Road",Hyderabad,Telangana,687651,"Aarav Gupta",9313112994,2023,B,6,"Chennai Institute of Technology",Active
4421,"Aditya Nair",ECE,2,Male,2002-09-26,A-,9063473797,aditya4421@cit.edu.in,"77 Gandhi Road",Kolkata,Tamil Nadu,677350,"Varun Nair",9495992644,2024,B,4,"Chennai Institute of Technology",Active
4422,"Neha Singh",AIDS,1,Male,2005-03-17,AB+,9930563666,neha4422@cit.edu.in,"57 Gandhi Road",Kolkata,Karnataka,676734,"Diya Singh",9404504650,2025,A,1,"Chennai Institute of Technology",Active
4423,"Pooja Chopra",CSE,1,Female,2005-07-14,O-,9303624294,pooja4423@cit.edu.in,"67 Gandhi Road",Chennai,Tamil Nadu,633551,"Rohan Chopra",9042235153,2025,D,1,"Chennai Institute of Technology",Active
4424,"Meera Chopra",CIVIL,3,Male,2004-12-17,AB+,9821596031,meera4424@cit.edu.in,"50 Gandhi Road",Bengaluru,Tamil Nadu,673332,"Meera Chopra",9442190443,2023,D,6,"Chennai Institute of Technology",Active
4425,"Priya Rao",AIML,4,Male,2005-03-25,O+,9161771645,priya4425@cit.edu.in,"68 Gandhi Road",Delhi,Karnataka,603489,"Rahul Rao",9595797771,2022,B,7,"Chennai Institute of Technology",Active
4426,"Priya Kumar",ECE,4,Female,2006-12-12,AB+,9119789897,priya4426@cit.edu.in,"65 Gandhi Road",Kolkata,West Bengal,622720,"Rohan Kumar",9085600739,2022,C,7,"Chennai Institute of Technology",Active
4427,"Vikram Gupta",IT,1,Female,2004-01-02,O-,9270008938,vikram4427@cit.edu.in,"24 Gandhi Road",Kolkata,Telangana,637007,"Kavya Gupta",9478280437,2025,C,1,"Chennai Institute of Technology",Active
4428,"Priya Kumar",IT,2,Male,2002-02-04,B+,9515514745,priya4428@cit.edu.in,"67 Gandhi Road",Chennai,Tamil Nadu,643226,"Pooja Kumar",9086894263,2024,A,3,"Chennai Institute of Technology",Active
4429,"Arjun Kumar",EEE,3,Male,2006-02-07,A-,9133173449,arjun4429@cit.edu.in,"92 Gandhi Road",Chennai,Telangana,645997,"Varun Kumar",9490307541,2023,B,5,"Chennai Institute of Technology",Active
4430,"Karan Mehta",AIML,1,Male,2003-07-17,A-,9681629625,karan4430@cit.edu.in,"58 Gandhi Road",Pune,Maharashtra,640687,"Neha Mehta",9695572398,2025,D,2,"Chennai Institute of Technology",Active
4431,"Kavya Mehta",EEE,3,Male,2006-03-27,AB-,9980996930,kavya4431@cit.edu.in,"77 Gandhi Road",Bengaluru,West Bengal,630132,"Diya Mehta",9030237592,2023,B,5,"Chennai Institute of Technology",Active
4432,"Aarav Patel",CSE,1,Male,2005-12-12,AB-,9145380213,aarav4432@cit.edu.in,"28 Gandhi Road",Delhi,Maharashtra,670654,"Diya Patel",9075290503,2025,C,2,"Chennai Institute of Technology",Active
4433,"Arjun Chopra",AIML,4,Female,2003-06-08,B-,9795619516,arjun4433@cit.edu.in,"80 Gandhi Road",Delhi,Karnataka,665435,"Rahul Chopra",9549184608,2022,D,7,"Chennai Institute of Technology",Active
4434,"Rohan Verma",IT,3,Female,2006-05-24,A-,9154353881,rohan4434@cit.edu.in,"93 Gandhi Road",Kolkata,Tamil Nadu,648806,"Vikram Verma",9870691545,2023,A,6,"Chennai Institute of Technology",Active
4435,"Arjun Nair",IT,1,Female,2002-08-24,A-,9682386348,arjun4435@cit.edu.in,"33 Gandhi Road",Hyderabad,Telangana,671459,"Arjun Nair",9345724781,2025,D,2,"Chennai Institute of Technology",Active
4436,"Diya Patel",AIML,2,Female,2006-11-26,AB+,9238920442,diya4436@cit.edu.in,"86 Gandhi Road",Delhi,Telangana,632007,"Neha Patel",9425460871,2024,B,4,"Chennai Institute of Technology",Active
4437,"Vikram Reddy",IT,4,Female,2006-04-14,A-,9875243659,vikram4437@cit.edu.in,"16 Gandhi Road",Chennai,Delhi,615702,"Diya Reddy",9608719270,2022,B,8,"Chennai Institute of Technology",Active
4438,"Diya Kumar",CIVIL,4,Male,2003-11-12,A-,9866283793,diya4438@cit.edu.in,"32 Gandhi Road",Chennai,Karnataka,602835,"Neha Kumar",9634823902,2022,B,8,"Chennai Institute of Technology",Active
4439,"Aditya Patel",IT,2,Male,2005-01-25,O-,9242986598,aditya4439@cit.edu.in,"92 Gandhi Road",Mumbai,Karnataka,657178,"Aditya Patel",9211382522,2024,C,3,"Chennai Institute of Technology",Active
4440,"Ananya Mehta",AIML,4,Male,2002-02-15,A+,9890709836,ananya4440@cit.edu.in,"67 Gandhi Road",Delhi,Delhi,648145,"Neha Mehta",9247274902,2022,A,7,"Chennai Institute of Technology",Active
4441,"Karan Mehta",ECE,4,Male,2003-12-08,AB+,9690175510,karan4441@cit.edu.in,"92 Gandhi Road",Hyderabad,Tamil Nadu,620940,"Arjun Mehta",9569994868,2022,B,7,"Chennai Institute of Technology",Active
4442,"Sanya Reddy",ECE,4,Female,2006-11-09,AB+,9322919699,sanya4442@cit.edu.in,"39 Gandhi Road",Bengaluru,Karnataka,651136,"Priya Reddy",9971244159,2022,C,7,"Chennai Institute of Technology",Active
4443,"Diya Verma",AIDS,1,Male,2004-12-25,B-,9783814106,diya4443@cit.edu.in,"43 Gandhi Road",Pune,Tamil Nadu,647979,"Arjun Verma",9575643118,2025,C,2,"Chennai Institute of Technology",Active
4444,"Ananya Kumar",EEE,1,Female,2004-10-22,O+,9788782297,ananya4444@cit.edu.in,"15 Gandhi Road",Mumbai,Karnataka,630279,"Sanya Kumar",9329043628,2025,A,2,"Chennai Institute of Technology",Active
4445,"Varun Mehta",ECE,3,Female,2003-02-24,AB+,9067009098,varun4445@cit.edu.in,"75 Gandhi Road",Delhi,Maharashtra,682580,"Vikram Mehta",9399321543,2023,D,6,"Chennai Institute of Technology",Active
4446,"Sanya Gupta",IT,4,Female,2006-12-09,A+,9855362424,sanya4446@cit.edu.in,"18 Gandhi Road",Bengaluru,Telangana,629807,"Varun Gupta",9812313566,2022,B,8,"Chennai Institute of Technology",Active
4447,"Priya Nair",EEE,4,Male,2005-12-02,AB+,9436567981,priya4447@cit.edu.in,"92 Gandhi Road",Delhi,West Bengal,685571,"Aditya Nair",9322305068,2022,D,7,"Chennai Institute of Technology",Active
4448,"Karan Patel",CIVIL,3,Female,2004-01-11,AB+,9482099464,karan4448@cit.edu.in,"31 Gandhi Road",Mumbai,Tamil Nadu,613065,"Ananya Patel",9500726494,2023,C,5,"Chennai Institute of Technology",Active
4449,"Aditya Mehta",CIVIL,3,Female,2006-09-13,A+,9641718835,aditya4449@cit.edu.in,"68 Gandhi Road",Kolkata,Telangana,604881,"Karan Mehta",9237512859,2023,A,5,"Chennai Institute of Technology",Active
4450,"Karan Kumar",IT,2,Male,2006-12-03,O-,9683090934,karan4450@cit.edu.in,"29 Gandhi Road",Kolkata,Maharashtra,630639,"Aditya Kumar",9392519864,2024,C,3,"Chennai Institute of Technology",Active
4451,"Rahul Patel",IT,1,Female,2003-05-24,A-,9995506940,rahul4451@cit.edu.in,"51 Gandhi Road",Delhi,Karnataka,683752,"Vikram Patel",9639691338,2025,B,2,"Chennai Institute of Technology",Active
4452,"Diya Rao",IT,2,Female,2006-01-14,O-,9220794364,diya4452@cit.edu.in,"27 Gandhi Road",Delhi,Telangana,664821,"Pooja Rao",9186532299,2024,B,3,"Chennai Institute of Technology",Active
4453,"Arjun Patel",AIDS,2,Female,2002-11-19,A+,9752620504,arjun4453@cit.edu.in,"76 Gandhi Road",Bengaluru,West Bengal,683910,"Ananya Patel",9076590018,2024,D,3,"Chennai Institute of Technology",Active
4454,"Rohan Reddy",EEE,3,Male,2006-06-09,A-,9686671151,rohan4454@cit.edu.in,"41 Gandhi Road",Delhi,Telangana,698585,"Neha Reddy",9718755822,2023,C,6,"Chennai Institute of Technology",Active
4455,"Neha Nair",MECH,3,Male,2005-10-12,AB-,9072702227,neha4455@cit.edu.in,"79 Gandhi Road",Kolkata,Maharashtra,602689,"Arjun Nair",9577443372,2023,D,6,"Chennai Institute of Technology",Active
4456,"Rahul Nair",MECH,2,Female,2005-06-16,AB-,9065984657,rahul4456@cit.edu.in,"49 Gandhi Road",Kolkata,Delhi,650079,"Aarav Nair",9561674818,2024,C,3,"Chennai Institute of Technology",Active
4457,"Pooja Joshi",ECE,2,Male,2002-02-27,O+,9494406871,pooja4457@cit.edu.in,"64 Gandhi Road",Chennai,Tamil Nadu,635744,"Sanya Joshi",9459762467,2024,C,3,"Chennai Institute of Technology",Active
4458,"Aarav Nair",MECH,4,Male,2004-04-22,B+,9334424785,aarav4458@cit.edu.in,"38 Gandhi Road",Bengaluru,Maharashtra,642425,"Vikram Nair",9735939378,2022,D,8,"Chennai Institute of Technology",Active
4459,"Karan Mehta",AIML,3,Female,2005-12-11,O-,9703692317,karan4459@cit.edu.in,"29 Gandhi Road",Kolkata,Tamil Nadu,676346,"Ananya Mehta",9173203984,2023,C,6,"Chennai Institute of Technology",Active
4460,"Arjun Reddy",CSE,4,Male,2004-06-15,AB-,9835013319,arjun4460@cit.edu.in,"70 Gandhi Road",Mumbai,Telangana,639426,"Sanya Reddy",9046055002,2022,D,7,"Chennai Institute of Technology",Active
4461,"Karan Verma",AIML,2,Female,2003-11-18,AB+,9883299198,karan4461@cit.edu.in,"93 Gandhi Road",Mumbai,Delhi,645657,"Neha Verma",9077942141,2024,A,4,"Chennai Institute of Technology",Active
4462,"Pooja Verma",ECE,4,Female,2003-04-27,A-,9481911544,pooja4462@cit.edu.in,"46 Gandhi Road",Hyderabad,Maharashtra,656243,"Varun Verma",9418175519,2022,C,8,"Chennai Institute of Technology",Active
4463,"Karan Sharma",CSE,1,Female,2004-08-02,B-,9625619809,karan4463@cit.edu.in,"34 Gandhi Road",Delhi,Delhi,672694,"Aarav Sharma",9477352314,2025,A,2,"Chennai Institute of Technology",Active
4464,"Meera Verma",AIDS,3,Female,2004-08-16,A-,9730807738,meera4464@cit.edu.in,"10 Gandhi Road",Hyderabad,Maharashtra,652670,"Rohan Verma",9826112138,2023,A,5,"Chennai Institute of Technology",Active
4465,"Kavya Gupta",AIDS,1,Female,2005-11-01,A-,9342926668,kavya4465@cit.edu.in,"67 Gandhi Road",Pune,Maharashtra,672169,"Vikram Gupta",9357457426,2025,A,2,"Chennai Institute of Technology",Active
4466,"Meera Joshi",IT,2,Male,2006-12-13,AB+,9246518470,meera4466@cit.edu.in,"33 Gandhi Road",Bengaluru,Telangana,633695,"Rohan Joshi",9257272490,2024,A,3,"Chennai Institute of Technology",Active
4467,"Neha Chopra",MECH,2,Female,2005-02-19,B-,9678575531,neha4467@cit.edu.in,"57 Gandhi Road",Mumbai,Delhi,666063,"Vikram Chopra",9951089252,2024,C,4,"Chennai Institute of Technology",Active
4468,"Sanya Nair",CIVIL,4,Female,2003-02-16,O+,9914646283,sanya4468@cit.edu.in,"54 Gandhi Road",Bengaluru,West Bengal,649893,"Meera Nair",9903990586,2022,A,7,"Chennai Institute of Technology",Active
4469,"Aditya Rao",ECE,2,Female,2002-03-20,B-,9380784044,aditya4469@cit.edu.in,"50 Gandhi Road",Chennai,Telangana,669168,"Ananya Rao",9094472922,2024,A,4,"Chennai Institute of Technology",Active
4470,"Kavya Joshi",AIML,2,Male,2005-01-10,AB+,9303937760,kavya4470@cit.edu.in,"16 Gandhi Road",Chennai,Maharashtra,680582,"Diya Joshi",9701404283,2024,B,4,"Chennai Institute of Technology",Active
4471,"Rohan Gupta",CIVIL,3,Male,2005-05-25,A-,9268342730,rohan4471@cit.edu.in,"49 Gandhi Road",Pune,Tamil Nadu,648129,"Karan Gupta",9771891362,2023,D,5,"Chennai Institute of Technology",Active
4472,"Aarav Gupta",CSE,4,Female,2003-01-06,O+,9842942042,aarav4472@cit.edu.in,"56 Gandhi Road",Chennai,Maharashtra,656625,"Vikram Gupta",9847147968,2022,B,7,"Chennai Institute of Technology",Active
4473,"Varun Kumar",AIDS,4,Female,2005-04-15,B+,9787835456,varun4473@cit.edu.in,"84 Gandhi Road",Chennai,Delhi,698630,"Rohan Kumar",9963983516,2022,C,7,"Chennai Institute of Technology",Active
4474,"Aarav Sharma",MECH,1,Female,2006-09-27,AB-,9795185539,aarav4474@cit.edu.in,"49 Gandhi Road",Chennai,Karnataka,666479,"Aarav Sharma",9633865945,2025,D,2,"Chennai Institute of Technology",Active
4475,"Priya Singh",EEE,4,Female,2004-01-21,B-,9952159573,priya4475@cit.edu.in,"12 Gandhi Road",Pune,Tamil Nadu,644816,"Arjun Singh",9920753175,2022,B,7,"Chennai Institute of Technology",Active
4476,"Diya Sharma",ECE,2,Male,2005-06-18,O-,9900309692,diya4476@cit.edu.in,"25 Gandhi Road",Kolkata,Tamil Nadu,692436,"Karan Sharma",9405559447,2024,D,3,"Chennai Institute of Technology",Active
4477,"Arjun Gupta",IT,2,Female,2003-02-16,O-,9445546605,arjun4477@cit.edu.in,"53 Gandhi Road",Delhi,Telangana,622065,"Rohan Gupta",9185180167,2024,B,3,"Chennai Institute of Technology",Active
4478,"Neha Sharma",CSE,1,Female,2002-01-17,B-,9258482548,neha4478@cit.edu.in,"90 Gandhi Road",Hyderabad,Karnataka,644461,"Diya Sharma",9593039756,2025,D,2,"Chennai Institute of Technology",Active
4479,"Kavya Verma",ECE,2,Male,2003-07-19,A+,9838677120,kavya4479@cit.edu.in,"70 Gandhi Road",Mumbai,Tamil Nadu,634581,"Aditya Verma",9686809818,2024,D,3,"Chennai Institute of Technology",Active
4480,"Ananya Sharma",EEE,2,Male,2002-02-04,O+,9797357523,ananya4480@cit.edu.in,"77 Gandhi Road",Bengaluru,West Bengal,690378,"Meera Sharma",9105251394,2024,A,4,"Chennai Institute of Technology",Active
4481,"Sanya Patel",CIVIL,4,Female,2003-10-02,AB-,9725689518,sanya4481@cit.edu.in,"99 Gandhi Road",Delhi,Delhi,645390,"Diya Patel",9048125776,2022,C,7,"Chennai Institute of Technology",Active
4482,"Sanya Mehta",CSE,1,Male,2003-12-16,B+,9656577121,sanya4482@cit.edu.in,"24 Gandhi Road",Chennai,Maharashtra,644174,"Diya Mehta",9837579998,2025,A,2,"Chennai Institute of Technology",Active
4483,"Diya Sharma",MECH,1,Female,2004-12-10,O+,9455864820,diya4483@cit.edu.in,"88 Gandhi Road",Mumbai,Karnataka,699617,"Arjun Sharma",9085370201,2025,B,1,"Chennai Institute of Technology",Active
4484,"Karan Rao",AIML,3,Male,2004-09-12,A-,9419778076,karan4484@cit.edu.in,"34 Gandhi Road",Mumbai,Karnataka,604771,"Pooja Rao",9112447506,2023,A,5,"Chennai Institute of Technology",Active
4485,"Vikram Reddy",CSE,1,Female,2002-09-01,O-,9491694778,vikram4485@cit.edu.in,"43 Gandhi Road",Bengaluru,Telangana,678181,"Diya Reddy",9585679225,2025,D,2,"Chennai Institute of Technology",Active
4486,"Sanya Chopra",IT,1,Male,2006-11-23,O-,9269350859,sanya4486@cit.edu.in,"85 Gandhi Road",Pune,Tamil Nadu,608986,"Karan Chopra",9335907954,2025,A,1,"Chennai Institute of Technology",Active
4487,"Ananya Joshi",MECH,1,Female,2004-12-13,AB-,9830641473,ananya4487@cit.edu.in,"81 Gandhi Road",Hyderabad,Tamil Nadu,633137,"Kavya Joshi",9671233510,2025,B,1,"Chennai Institute of Technology",Active
4488,"Arjun Nair",IT,4,Female,2005-05-27,O+,9301460478,arjun4488@cit.edu.in,"75 Gandhi Road",Chennai,West Bengal,600600,"Vikram Nair",9114806755,2022,B,8,"Chennai Institute of Technology",Active
4489,"Kavya Patel",CSE,1,Female,2002-12-10,AB+,9773945040,kavya4489@cit.edu.in,"71 Gandhi Road",Delhi,West Bengal,647142,"Aditya Patel",9270775952,2025,D,2,"Chennai Institute of Technology",Active
4490,"Diya Sharma",ECE,1,Male,2002-06-15,B+,9676807471,diya4490@cit.edu.in,"82 Gandhi Road",Delhi,West Bengal,637550,"Rahul Sharma",9044157127,2025,D,2,"Chennai Institute of Technology",Active
4491,"Diya Reddy",AIDS,1,Female,2005-05-21,AB-,9044417983,diya4491@cit.edu.in,"37 Gandhi Road",Delhi,Karnataka,640656,"Arjun Reddy",9051494659,2025,D,2,"Chennai Institute of Technology",Active
4492,"Rohan Verma",CIVIL,1,Male,2006-08-01,O-,9625093587,rohan4492@cit.edu.in,"84 Gandhi Road",Mumbai,West Bengal,678081,"Aarav Verma",9482617964,2025,B,2,"Chennai Institute of Technology",Active
4493,"Ananya Nair",ECE,2,Male,2005-04-11,O+,9069676193,ananya4493@cit.edu.in,"48 Gandhi Road",Pune,Tamil Nadu,639462,"Diya Nair",9227925274,2024,C,4,"Chennai Institute of Technology",Active
4494,"Rohan Nair",MECH,2,Female,2004-12-13,O+,9957264519,rohan4494@cit.edu.in,"44 Gandhi Road",Hyderabad,Karnataka,657542,"Ananya Nair",9429181656,2024,D,3,"Chennai Institute of Technology",Active
4495,"Karan Kumar",MECH,4,Female,2002-12-01,B+,9572301559,karan4495@cit.edu.in,"67 Gandhi Road",Delhi,Maharashtra,681229,"Vikram Kumar",9185230908,2022,C,8,"Chennai Institute of Technology",Active
4496,"Aarav Rao",ECE,4,Male,2002-12-28,B+,9224074743,aarav4496@cit.edu.in,"70 Gandhi Road",Mumbai,Karnataka,614125,"Aditya Rao",9107621238,2022,A,8,"Chennai Institute of Technology",Active
4497,"Ananya Nair",AIDS,2,Male,2005-09-23,B+,9629018704,ananya4497@cit.edu.in,"76 Gandhi Road",Hyderabad,Maharashtra,672121,"Diya Nair",9791257271,2024,A,4,"Chennai Institute of Technology",Active
4498,"Vikram Chopra",AIML,4,Female,2004-08-04,A-,9729952255,vikram4498@cit.edu.in,"41 Gandhi Road",Delhi,West Bengal,634503,"Aarav Chopra",9657842673,2022,D,7,"Chennai Institute of Technology",Active
4499,"Kavya Rao",EEE,1,Female,2002-07-11,AB+,9379612555,kavya4499@cit.edu.in,"91 Gandhi Road",Mumbai,Tamil Nadu,691523,"Aditya Rao",9528802735,2025,D,2,"Chennai Institute of Technology",Active
4500,"Neha Verma",AIDS,1,Male,2006-07-03,AB-,9063678605,neha4500@cit.edu.in,"54 Gandhi Road",Hyderabad,Karnataka,683580,"Vikram Verma",9998856209,2025,A,1,"Chennai Institute of Technology",Active
4501,"Arjun Verma",AIDS,4,Female,2005-11-19,B-,9063201851,arjun4501@cit.edu.in,"88 Gandhi Road",Hyderabad,West Bengal,669294,"Neha Verma",9368664302,2022,C,8,"Chennai Institute of Technology",Active
4502,"Pooja Gupta",CSE,3,Female,2002-01-19,A-,9817511056,pooja4502@cit.edu.in,"13 Gandhi Road",Kolkata,Maharashtra,639410,"Diya Gupta",9975160154,2023,D,5,"Chennai Institute of Technology",Active
4503,"Aarav Chopra",ECE,2,Female,2005-12-10,AB-,9822299426,aarav4503@cit.edu.in,"36 Gandhi Road",Bengaluru,Delhi,602812,"Aarav Chopra",9846479580,2024,D,3,"Chennai Institute of Technology",Active
4504,"Kavya Patel",AIDS,2,Male,2003-02-07,O-,9867317884,kavya4504@cit.edu.in,"80 Gandhi Road",Delhi,Maharashtra,614434,"Aditya Patel",9856389584,2024,A,3,"Chennai Institute of Technology",Active
4505,"Pooja Joshi",MECH,2,Male,2002-01-17,B-,9018758986,pooja4505@cit.edu.in,"50 Gandhi Road",Bengaluru,Maharashtra,610829,"Meera Joshi",9468489865,2024,A,4,"Chennai Institute of Technology",Active
4506,"Aarav Sharma",EEE,2,Male,2006-08-02,B-,9595105911,aarav4506@cit.edu.in,"18 Gandhi Road",Kolkata,Maharashtra,669578,"Aditya Sharma",9303948760,2024,B,4,"Chennai Institute of Technology",Active
4507,"Varun Singh",CSE,2,Male,2005-06-27,A+,9443274689,varun4507@cit.edu.in,"89 Gandhi Road",Pune,Tamil Nadu,614709,"Karan Singh",9761252326,2024,D,3,"Chennai Institute of Technology",Active
4508,"Aarav Reddy",ECE,2,Female,2003-09-13,B+,9457064997,aarav4508@cit.edu.in,"22 Gandhi Road",Delhi,Tamil Nadu,685729,"Aditya Reddy",9476660026,2024,B,4,"Chennai Institute of Technology",Active
4509,"Ananya Chopra",AIDS,1,Male,2002-04-02,O+,9955743729,ananya4509@cit.edu.in,"81 Gandhi Road",Mumbai,Karnataka,678942,"Priya Chopra",9072471571,2025,C,1,"Chennai Institute of Technology",Active
4510,"Arjun Sharma",EEE,1,Female,2005-11-16,AB-,9493510156,arjun4510@cit.edu.in,"49 Gandhi Road",Kolkata,Telangana,654416,"Varun Sharma",9929277250,2025,B,1,"Chennai Institute of Technology",Active
4511,"Rohan Nair",MECH,3,Male,2006-02-01,B-,9992622744,rohan4511@cit.edu.in,"96 Gandhi Road",Kolkata,Delhi,619600,"Aarav Nair",9593036243,2023,D,6,"Chennai Institute of Technology",Active
4512,"Sanya Verma",CSE,3,Female,2002-01-18,B+,9844413093,sanya4512@cit.edu.in,"96 Gandhi Road",Bengaluru,Maharashtra,604585,"Rohan Verma",9184110597,2023,C,6,"Chennai Institute of Technology",Active
4513,"Meera Mehta",EEE,4,Male,2005-02-07,AB-,9796551018,meera4513@cit.edu.in,"31 Gandhi Road",Kolkata,Karnataka,612312,"Arjun Mehta",9586705947,2022,A,7,"Chennai Institute of Technology",Active
4514,"Diya Chopra",AIML,1,Male,2004-09-10,B-,9168705728,diya4514@cit.edu.in,"27 Gandhi Road",Pune,West Bengal,648720,"Rahul Chopra",9292843753,2025,C,2,"Chennai Institute of Technology",Active
4515,"Karan Reddy",CIVIL,2,Female,2003-01-21,A+,9206431434,karan4515@cit.edu.in,"58 Gandhi Road",Pune,West Bengal,644998,"Kavya Reddy",9069659850,2024,A,4,"Chennai Institute of Technology",Active
4516,"Rahul Patel",AIML,3,Male,2006-04-16,A-,9324321627,rahul4516@cit.edu.in,"47 Gandhi Road",Chennai,West Bengal,607087,"Kavya Patel",9490428337,2023,B,6,"Chennai Institute of Technology",Active
4517,"Aarav Kumar",ECE,1,Female,2005-08-02,AB+,9318855538,aarav4517@cit.edu.in,"81 Gandhi Road",Bengaluru,Maharashtra,676988,"Diya Kumar",9191187618,2025,D,1,"Chennai Institute of Technology",Active
4518,"Aditya Nair",EEE,4,Female,2003-04-09,A+,9944148237,aditya4518@cit.edu.in,"50 Gandhi Road",Pune,Delhi,619082,"Sanya Nair",9384475534,2022,C,7,"Chennai Institute of Technology",Active
4519,"Kavya Gupta",CIVIL,2,Male,2003-07-21,AB+,9237478995,kavya4519@cit.edu.in,"28 Gandhi Road",Delhi,Delhi,664748,"Aarav Gupta",9837427496,2024,C,3,"Chennai Institute of Technology",Active
4520,"Kavya Rao",CSE,1,Female,2005-07-03,AB-,9905481753,kavya4520@cit.edu.in,"12 Gandhi Road",Kolkata,Tamil Nadu,620094,"Ananya Rao",9165473603,2025,B,1,"Chennai Institute of Technology",Active
4521,"Karan Kumar",CSE,1,Male,2006-05-09,B+,9314233192,karan4521@cit.edu.in,"21 Gandhi Road",Mumbai,Maharashtra,617237,"Rahul Kumar",9317634466,2025,C,1,"Chennai Institute of Technology",Active
4522,"Varun Nair",IT,3,Male,2004-09-27,O+,9898064053,varun4522@cit.edu.in,"69 Gandhi Road",Kolkata,Tamil Nadu,686840,"Ananya Nair",9224578561,2023,D,5,"Chennai Institute of Technology",Active
4523,"Sanya Reddy",IT,3,Male,2002-11-23,A-,9823181722,sanya4523@cit.edu.in,"36 Gandhi Road",Bengaluru,West Bengal,638314,"Diya Reddy",9428724088,2023,D,6,"Chennai Institute of Technology",Active
4524,"Rahul Joshi",AIML,2,Male,2006-05-07,AB+,9920366858,rahul4524@cit.edu.in,"21 Gandhi Road",Kolkata,Karnataka,642308,"Aditya Joshi",9263419963,2024,A,3,"Chennai Institute of Technology",Active
4525,"Sanya Joshi",AIML,1,Female,2006-11-05,B+,9781515794,sanya4525@cit.edu.in,"74 Gandhi Road",Mumbai,West Bengal,648125,"Arjun Joshi",9881501216,2025,D,1,"Chennai Institute of Technology",Active
4526,"Karan Patel",EEE,4,Female,2003-10-15,B-,9094043429,karan4526@cit.edu.in,"32 Gandhi Road",Chennai,Delhi,616532,"Ananya Patel",9069649736,2022,B,7,"Chennai Institute of Technology",Active
4527,"Rohan Reddy",AIML,4,Female,2006-02-01,B+,9038669993,rohan4527@cit.edu.in,"70 Gandhi Road",Kolkata,West Bengal,691249,"Sanya Reddy",9435039227,2022,A,8,"Chennai Institute of Technology",Active
4528,"Diya Mehta",CSE,1,Male,2005-01-28,O-,9615024842,diya4528@cit.edu.in,"79 Gandhi Road",Mumbai,Maharashtra,688578,"Ananya Mehta",9075840120,2025,B,1,"Chennai Institute of Technology",Active
4529,"Varun Kumar",CIVIL,4,Female,2004-03-10,B+,9134435553,varun4529@cit.edu.in,"85 Gandhi Road",Pune,Maharashtra,641861,"Aarav Kumar",9649492806,2022,A,8,"Chennai Institute of Technology",Active
4530,"Aarav Kumar",ECE,2,Male,2006-03-27,A+,9175984327,aarav4530@cit.edu.in,"17 Gandhi Road",Hyderabad,Delhi,640583,"Karan Kumar",9931885878,2024,D,3,"Chennai Institute of Technology",Active
4531,"Neha Mehta",MECH,1,Female,2004-02-09,A-,9542851894,neha4531@cit.edu.in,"93 Gandhi Road",Pune,Karnataka,610074,"Varun Mehta",9186923364,2025,D,1,"Chennai Institute of Technology",Active
4532,"Meera Nair",ECE,4,Female,2005-06-07,A+,9038237105,meera4532@cit.edu.in,"74 Gandhi Road",Pune,West Bengal,671569,"Vikram Nair",9115028851,2022,A,8,"Chennai Institute of Technology",Active
4533,"Rahul Patel",MECH,4,Male,2003-08-12,B-,9225097390,rahul4533@cit.edu.in,"82 Gandhi Road",Hyderabad,West Bengal,644615,"Aarav Patel",9245957279,2022,D,7,"Chennai Institute of Technology",Active
4534,"Ananya Reddy",AIDS,1,Male,2003-05-06,B+,9782248456,ananya4534@cit.edu.in,"73 Gandhi Road",Chennai,Maharashtra,600459,"Meera Reddy",9904936974,2025,C,1,"Chennai Institute of Technology",Active
4535,"Ananya Chopra",IT,2,Male,2003-09-18,O+,9742928935,ananya4535@cit.edu.in,"76 Gandhi Road",Chennai,Delhi,625990,"Priya Chopra",9342210965,2024,B,4,"Chennai Institute of Technology",Active
4536,"Rahul Joshi",IT,4,Male,2006-03-05,A+,9086286814,rahul4536@cit.edu.in,"33 Gandhi Road",Delhi,Tamil Nadu,684009,"Vikram Joshi",9242463322,2022,A,8,"Chennai Institute of Technology",Active
4537,"Aditya Joshi",CSE,3,Female,2004-12-08,O-,9481421586,aditya4537@cit.edu.in,"11 Gandhi Road",Kolkata,Delhi,690395,"Varun Joshi",9461073719,2023,C,5,"Chennai Institute of Technology",Active
4538,"Pooja Kumar",EEE,3,Female,2005-11-23,A-,9388915213,pooja4538@cit.edu.in,"95 Gandhi Road",Kolkata,Karnataka,651700,"Priya Kumar",9758961191,2023,A,5,"Chennai Institute of Technology",Active
4539,"Sanya Nair",AIDS,4,Female,2006-02-20,B+,9276359262,sanya4539@cit.edu.in,"29 Gandhi Road",Bengaluru,Delhi,605165,"Diya Nair",9526607012,2022,D,7,"Chennai Institute of Technology",Active
4540,"Ananya Singh",ECE,3,Female,2002-05-16,O-,9281635446,ananya4540@cit.edu.in,"16 Gandhi Road",Pune,West Bengal,654665,"Rahul Singh",9475226744,2023,B,5,"Chennai Institute of Technology",Active
4541,"Pooja Chopra",MECH,4,Male,2003-02-05,A+,9088676884,pooja4541@cit.edu.in,"70 Gandhi Road",Kolkata,Telangana,642048,"Diya Chopra",9278290722,2022,D,8,"Chennai Institute of Technology",Active
4542,"Pooja Verma",CSE,3,Male,2005-11-08,A-,9182455797,pooja4542@cit.edu.in,"83 Gandhi Road",Bengaluru,Telangana,650275,"Rohan Verma",9236791699,2023,A,6,"Chennai Institute of Technology",Active
4543,"Varun Mehta",EEE,4,Female,2003-09-15,AB+,9341083679,varun4543@cit.edu.in,"36 Gandhi Road",Pune,Maharashtra,667281,"Rohan Mehta",9449195701,2022,C,8,"Chennai Institute of Technology",Active
4544,"Neha Singh",MECH,3,Male,2004-08-07,O-,9864420467,neha4544@cit.edu.in,"72 Gandhi Road",Hyderabad,Tamil Nadu,667466,"Karan Singh",9917018278,2023,D,5,"Chennai Institute of Technology",Active
4545,"Arjun Nair",AIML,3,Female,2005-12-27,AB+,9720798249,arjun4545@cit.edu.in,"42 Gandhi Road",Pune,Delhi,606306,"Priya Nair",9738732896,2023,B,6,"Chennai Institute of Technology",Active
4546,"Aarav Rao",CIVIL,4,Female,2002-07-23,B-,9517497621,aarav4546@cit.edu.in,"56 Gandhi Road",Pune,West Bengal,661250,"Neha Rao",9984834322,2022,C,7,"Chennai Institute of Technology",Active
4547,"Rohan Singh",CIVIL,2,Female,2006-12-01,B-,9656177312,rohan4547@cit.edu.in,"63 Gandhi Road",Mumbai,West Bengal,619109,"Arjun Singh",9210875640,2024,D,3,"Chennai Institute of Technology",Active
4548,"Meera Gupta",AIML,3,Female,2003-06-19,O-,9700103825,meera4548@cit.edu.in,"52 Gandhi Road",Chennai,Karnataka,621670,"Ananya Gupta",9208631126,2023,C,6,"Chennai Institute of Technology",Active
4549,"Karan Patel",EEE,4,Female,2005-12-20,A-,9251507415,karan4549@cit.edu.in,"46 Gandhi Road",Delhi,Maharashtra,688434,"Kavya Patel",9155439007,2022,D,7,"Chennai Institute of Technology",Active
4550,"Aditya Chopra",IT,1,Female,2003-10-20,A+,9110963105,aditya4550@cit.edu.in,"80 Gandhi Road",Mumbai,Tamil Nadu,630229,"Kavya Chopra",9742141849,2025,D,2,"Chennai Institute of Technology",Active
4551,"Varun Sharma",CSE,4,Male,2004-07-11,A-,9772052707,varun4551@cit.edu.in,"16 Gandhi Road",Pune,Karnataka,653301,"Diya Sharma",9706759774,2022,C,7,"Chennai Institute of Technology",Active
4552,"Ananya Gupta",AIDS,1,Male,2005-06-14,B+,9613562325,ananya4552@cit.edu.in,"15 Gandhi Road",Pune,Karnataka,670344,"Karan Gupta",9848360311,2025,A,2,"Chennai Institute of Technology",Active
4553,"Arjun Joshi",AIDS,4,Female,2002-03-24,B-,9982785906,arjun4553@cit.edu.in,"92 Gandhi Road",Chennai,Maharashtra,614169,"Diya Joshi",9477744887,2022,C,7,"Chennai Institute of Technology",Active
4554,"Neha Reddy",CSE,2,Male,2006-09-03,B-,9680579996,neha4554@cit.edu.in,"41 Gandhi Road",Kolkata,Delhi,671363,"Pooja Reddy",9780598403,2024,A,3,"Chennai Institute of Technology",Active
4555,"Sanya Nair",EEE,4,Female,2004-03-09,O+,9460617081,sanya4555@cit.edu.in,"87 Gandhi Road",Mumbai,Telangana,618813,"Aditya Nair",9398571392,2022,B,7,"Chennai Institute of Technology",Active
4556,"Rohan Reddy",CSE,3,Male,2003-03-12,B+,9870760493,rohan4556@cit.edu.in,"99 Gandhi Road",Kolkata,Karnataka,614192,"Pooja Reddy",9272473312,2023,C,6,"Chennai Institute of Technology",Active
4557,"Kavya Mehta",ECE,1,Male,2002-07-25,O+,9826792797,kavya4557@cit.edu.in,"51 Gandhi Road",Mumbai,Tamil Nadu,650602,"Kavya Mehta",9465005811,2025,C,2,"Chennai Institute of Technology",Active
4558,"Ananya Chopra",CIVIL,2,Male,2006-05-11,AB-,9676538482,ananya4558@cit.edu.in,"18 Gandhi Road",Hyderabad,Telangana,655595,"Vikram Chopra",9959370413,2024,B,4,"Chennai Institute of Technology",Active
4559,"Priya Mehta",EEE,1,Male,2006-01-17,O-,9642743425,priya4559@cit.edu.in,"80 Gandhi Road",Chennai,Delhi,687946,"Pooja Mehta",9392655177,2025,B,2,"Chennai Institute of Technology",Active
4560,"Sanya Verma",CIVIL,1,Female,2006-08-22,O+,9228601565,sanya4560@cit.edu.in,"66 Gandhi Road",Chennai,Telangana,611648,"Diya Verma",9622877282,2025,B,2,"Chennai Institute of Technology",Active
4561,"Kavya Nair",IT,1,Female,2004-04-20,B-,9764783992,kavya4561@cit.edu.in,"96 Gandhi Road",Hyderabad,Karnataka,613423,"Neha Nair",9234300178,2025,B,1,"Chennai Institute of Technology",Active
4562,"Neha Joshi",CSE,4,Female,2006-08-09,B-,9652685144,neha4562@cit.edu.in,"41 Gandhi Road",Mumbai,Delhi,635897,"Rohan Joshi",9798812614,2022,D,8,"Chennai Institute of Technology",Active
4563,"Pooja Chopra",MECH,4,Male,2003-11-05,B+,9009413967,pooja4563@cit.edu.in,"52 Gandhi Road",Pune,Tamil Nadu,624081,"Pooja Chopra",9348139564,2022,D,8,"Chennai Institute of Technology",Active
4564,"Neha Verma",IT,2,Male,2005-11-08,A-,9998886957,neha4564@cit.edu.in,"98 Gandhi Road",Pune,Telangana,689247,"Karan Verma",9723264011,2024,D,3,"Chennai Institute of Technology",Active
4565,"Arjun Sharma",IT,1,Male,2004-01-13,B-,9928350848,arjun4565@cit.edu.in,"34 Gandhi Road",Delhi,Telangana,609026,"Vikram Sharma",9596505006,2025,D,2,"Chennai Institute of Technology",Active
4566,"Kavya Sharma",AIDS,2,Female,2005-11-19,AB-,9934862919,kavya4566@cit.edu.in,"99 Gandhi Road",Mumbai,Tamil Nadu,695472,"Rohan Sharma",9306230432,2024,D,3,"Chennai Institute of Technology",Active
4567,"Varun Rao",CIVIL,2,Male,2002-05-01,A+,9694493452,varun4567@cit.edu.in,"75 Gandhi Road",Chennai,Maharashtra,626174,"Karan Rao",9715326748,2024,C,4,"Chennai Institute of Technology",Active
4568,"Vikram Sharma",AIDS,1,Female,2003-07-09,B-,9008055573,vikram4568@cit.edu.in,"77 Gandhi Road",Delhi,West Bengal,624036,"Diya Sharma",9150719096,2025,C,1,"Chennai Institute of Technology",Active
4569,"Aditya Reddy",CSE,1,Male,2005-07-22,O+,9693599751,aditya4569@cit.edu.in,"97 Gandhi Road",Bengaluru,West Bengal,606598,"Ananya Reddy",9759490671,2025,A,1,"Chennai Institute of Technology",Active
4570,"Meera Reddy",AIML,3,Male,2005-10-03,AB-,9279441076,meera4570@cit.edu.in,"56 Gandhi Road",Mumbai,Delhi,649465,"Sanya Reddy",9588697090,2023,C,6,"Chennai Institute of Technology",Active
4571,"Meera Kumar",ECE,2,Male,2006-01-08,B-,9509383459,meera4571@cit.edu.in,"31 Gandhi Road",Hyderabad,Delhi,620492,"Neha Kumar",9228877064,2024,D,4,"Chennai Institute of Technology",Active
4572,"Aarav Patel",IT,2,Male,2002-06-18,AB-,9263905354,aarav4572@cit.edu.in,"35 Gandhi Road",Pune,Maharashtra,630516,"Varun Patel",9805264647,2024,D,3,"Chennai Institute of Technology",Active
4573,"Rohan Verma",CIVIL,4,Male,2005-04-12,AB-,9604717113,rohan4573@cit.edu.in,"46 Gandhi Road",Pune,Telangana,613189,"Rohan Verma",9324055165,2022,A,7,"Chennai Institute of Technology",Active
4574,"Aarav Joshi",CIVIL,3,Male,2005-11-03,A-,9637912134,aarav4574@cit.edu.in,"81 Gandhi Road",Mumbai,Maharashtra,694578,"Kavya Joshi",9000871472,2023,A,6,"Chennai Institute of Technology",Active
4575,"Varun Singh",CSE,2,Male,2005-05-04,A+,9010987304,varun4575@cit.edu.in,"74 Gandhi Road",Hyderabad,Delhi,633527,"Priya Singh",9260439999,2024,B,3,"Chennai Institute of Technology",Active
4576,"Aditya Verma",AIDS,2,Female,2005-12-27,B-,9877768675,aditya4576@cit.edu.in,"95 Gandhi Road",Pune,Maharashtra,675861,"Varun Verma",9106108263,2024,A,3,"Chennai Institute of Technology",Active
4577,"Karan Mehta",EEE,4,Male,2002-08-09,O+,9780068518,karan4577@cit.edu.in,"42 Gandhi Road",Mumbai,Karnataka,688842,"Aditya Mehta",9380020353,2022,C,8,"Chennai Institute of Technology",Active
4578,"Rohan Chopra",MECH,3,Female,2002-11-05,AB+,9678679496,rohan4578@cit.edu.in,"26 Gandhi Road",Hyderabad,West Bengal,687595,"Pooja Chopra",9930399945,2023,D,6,"Chennai Institute of Technology",Active
4579,"Diya Chopra",AIML,1,Male,2002-02-04,AB-,9815862069,diya4579@cit.edu.in,"28 Gandhi Road",Chennai,Delhi,656605,"Pooja Chopra",9477614667,2025,A,2,"Chennai Institute of Technology",Active
4580,"Rohan Sharma",CSE,3,Male,2006-02-18,B+,9621686731,rohan4580@cit.edu.in,"36 Gandhi Road",Bengaluru,Tamil Nadu,671322,"Priya Sharma",9185391174,2023,B,6,"Chennai Institute of Technology",Active
4581,"Pooja Joshi",AIML,4,Female,2005-05-08,B-,9657944112,pooja4581@cit.edu.in,"34 Gandhi Road",Delhi,West Bengal,619743,"Rahul Joshi",9801474331,2022,A,8,"Chennai Institute of Technology",Active
4582,"Varun Gupta",AIDS,1,Female,2002-09-24,AB+,9977531349,varun4582@cit.edu.in,"52 Gandhi Road",Chennai,Tamil Nadu,650126,"Rohan Gupta",9858688471,2025,A,1,"Chennai Institute of Technology",Active
4583,"Neha Joshi",AIML,2,Female,2004-06-02,B+,9546166195,neha4583@cit.edu.in,"56 Gandhi Road",Bengaluru,Delhi,623029,"Diya Joshi",9627057234,2024,A,3,"Chennai Institute of Technology",Active
4584,"Sanya Joshi",EEE,4,Male,2004-08-08,A-,9793157722,sanya4584@cit.edu.in,"97 Gandhi Road",Delhi,West Bengal,609866,"Ananya Joshi",9832053440,2022,D,8,"Chennai Institute of Technology",Active
4585,"Sanya Rao",ECE,1,Female,2002-02-28,B+,9252974981,sanya4585@cit.edu.in,"82 Gandhi Road",Delhi,Maharashtra,665403,"Vikram Rao",9277398077,2025,C,2,"Chennai Institute of Technology",Active
4586,"Neha Gupta",CSE,3,Male,2006-06-03,A+,9430383884,neha4586@cit.edu.in,"74 Gandhi Road",Delhi,Maharashtra,698509,"Sanya Gupta",9540544926,2023,A,6,"Chennai Institute of Technology",Active
4587,"Aditya Reddy",IT,2,Female,2004-11-22,A-,9496709687,aditya4587@cit.edu.in,"11 Gandhi Road",Chennai,Telangana,680960,"Karan Reddy",9795947243,2024,B,4,"Chennai Institute of Technology",Active
4588,"Vikram Reddy",CIVIL,3,Male,2005-11-08,O+,9879434147,vikram4588@cit.edu.in,"81 Gandhi Road",Bengaluru,West Bengal,658183,"Pooja Reddy",9596242648,2023,B,5,"Chennai Institute of Technology",Active
4589,"Diya Sharma",MECH,4,Male,2005-02-01,O-,9316083412,diya4589@cit.edu.in,"55 Gandhi Road",Chennai,Karnataka,650740,"Diya Sharma",9492275048,2022,A,7,"Chennai Institute of Technology",Active
4590,"Diya Joshi",CSE,2,Female,2003-02-11,O-,9190019335,diya4590@cit.edu.in,"94 Gandhi Road",Delhi,Maharashtra,646101,"Diya Joshi",9588361372,2024,D,3,"Chennai Institute of Technology",Active
4591,"Aditya Chopra",IT,3,Female,2002-07-22,O+,9548035729,aditya4591@cit.edu.in,"88 Gandhi Road",Hyderabad,West Bengal,629607,"Varun Chopra",9573966098,2023,B,6,"Chennai Institute of Technology",Active
4592,"Aarav Singh",ECE,1,Male,2004-03-07,O-,9734508716,aarav4592@cit.edu.in,"79 Gandhi Road",Bengaluru,Telangana,604323,"Rohan Singh",9424330937,2025,D,1,"Chennai Institute of Technology",Active
4593,"Rohan Rao",AIML,2,Female,2006-12-25,O+,9281331000,rohan4593@cit.edu.in,"40 Gandhi Road",Kolkata,Delhi,621684,"Varun Rao",9283686590,2024,A,4,"Chennai Institute of Technology",Active
4594,"Varun Rao",IT,1,Male,2006-02-14,A+,9964429454,varun4594@cit.edu.in,"28 Gandhi Road",Chennai,Tamil Nadu,686169,"Meera Rao",9681363986,2025,D,1,"Chennai Institute of Technology",Active
4595,"Sanya Verma",AIML,4,Male,2006-07-22,A+,9301142835,sanya4595@cit.edu.in,"92 Gandhi Road",Pune,Tamil Nadu,662913,"Rahul Verma",9850575095,2022,D,7,"Chennai Institute of Technology",Active
4596,"Rahul Patel",IT,4,Male,2003-11-01,B+,9022207944,rahul4596@cit.edu.in,"49 Gandhi Road",Chennai,Maharashtra,684886,"Rohan Patel",9561122346,2022,C,7,"Chennai Institute of Technology",Active
4597,"Ananya Patel",EEE,3,Male,2003-04-07,O+,9920563512,ananya4597@cit.edu.in,"52 Gandhi Road",Mumbai,Maharashtra,651707,"Pooja Patel",9691555680,2023,D,5,"Chennai Institute of Technology",Active
4598,"Rohan Chopra",ECE,1,Male,2002-07-12,A-,9618214866,rohan4598@cit.edu.in,"12 Gandhi Road",Chennai,Karnataka,623564,"Arjun Chopra",9527386847,2025,B,2,"Chennai Institute of Technology",Active
4599,"Karan Kumar",CSE,3,Female,2003-08-19,O+,9990525325,karan4599@cit.edu.in,"68 Gandhi Road",Delhi,West Bengal,680272,"Arjun Kumar",9966278970,2023,D,5,"Chennai Institute of Technology",Active
4600,"Pooja Reddy",CSE,4,Male,2004-03-24,AB+,9761955415,pooja4600@cit.edu.in,"66 Gandhi Road",Bengaluru,West Bengal,692803,"Sanya Reddy",9489273395,2022,D,7,"Chennai Institute of Technology",Active
4601,"Karan Chopra",EEE,4,Male,2003-01-16,B+,9477680376,karan4601@cit.edu.in,"98 Gandhi Road",Delhi,Karnataka,699264,"Neha Chopra",9638291713,2022,C,8,"Chennai Institute of Technology",Active
4602,"Kavya Mehta",AIML,4,Female,2002-05-18,B+,9128769456,kavya4602@cit.edu.in,"27 Gandhi Road",Hyderabad,West Bengal,651331,"Arjun Mehta",9220208197,2022,A,8,"Chennai Institute of Technology",Active
4603,"Sanya Mehta",AIDS,1,Male,2006-07-24,B-,9953264966,sanya4603@cit.edu.in,"35 Gandhi Road",Mumbai,Delhi,638237,"Priya Mehta",9424705328,2025,D,2,"Chennai Institute of Technology",Active
4604,"Karan Singh",CSE,1,Male,2005-01-17,A-,9771054592,karan4604@cit.edu.in,"63 Gandhi Road",Bengaluru,Maharashtra,669829,"Meera Singh",9372822366,2025,C,1,"Chennai Institute of Technology",Active
4605,"Karan Patel",ECE,3,Male,2003-10-15,AB+,9166863733,karan4605@cit.edu.in,"43 Gandhi Road",Hyderabad,Delhi,621077,"Rohan Patel",9446965880,2023,A,5,"Chennai Institute of Technology",Active
4606,"Aditya Verma",ECE,4,Male,2002-08-24,A+,9316973094,aditya4606@cit.edu.in,"74 Gandhi Road",Hyderabad,West Bengal,666676,"Sanya Verma",9069473440,2022,D,8,"Chennai Institute of Technology",Active
4607,"Diya Reddy",EEE,3,Female,2002-08-14,A+,9542345502,diya4607@cit.edu.in,"73 Gandhi Road",Chennai,Maharashtra,622226,"Vikram Reddy",9328095649,2023,C,6,"Chennai Institute of Technology",Active
4608,"Rohan Nair",ECE,3,Female,2003-09-23,A+,9882857462,rohan4608@cit.edu.in,"37 Gandhi Road",Hyderabad,Telangana,634481,"Pooja Nair",9078272319,2023,A,5,"Chennai Institute of Technology",Active
4609,"Rahul Kumar",CSE,4,Male,2003-02-14,O-,9913754722,rahul4609@cit.edu.in,"94 Gandhi Road",Chennai,Karnataka,688152,"Arjun Kumar",9285590890,2022,B,7,"Chennai Institute of Technology",Active
4610,"Ananya Singh",EEE,4,Male,2005-12-15,B+,9765652296,ananya4610@cit.edu.in,"86 Gandhi Road",Hyderabad,West Bengal,621911,"Aditya Singh",9245297235,2022,C,8,"Chennai Institute of Technology",Active
4611,"Sanya Patel",AIML,3,Male,2004-03-08,O+,9483395080,sanya4611@cit.edu.in,"54 Gandhi Road",Delhi,Karnataka,624635,"Vikram Patel",9658344321,2023,D,5,"Chennai Institute of Technology",Active
4612,"Aarav Singh",MECH,1,Female,2002-09-18,O+,9171733342,aarav4612@cit.edu.in,"20 Gandhi Road",Delhi,West Bengal,639237,"Neha Singh",9215242772,2025,A,2,"Chennai Institute of Technology",Active
4613,"Aarav Nair",MECH,3,Female,2005-02-02,B-,9797031076,aarav4613@cit.edu.in,"76 Gandhi Road",Bengaluru,Telangana,664931,"Karan Nair",9406915610,2023,D,5,"Chennai Institute of Technology",Active
4614,"Diya Gupta",MECH,4,Female,2005-02-03,B+,9472970151,diya4614@cit.edu.in,"70 Gandhi Road",Pune,Telangana,665439,"Aditya Gupta",9493362069,2022,C,7,"Chennai Institute of Technology",Active
4615,"Ananya Sharma",ECE,1,Male,2006-04-11,B-,9980870181,ananya4615@cit.edu.in,"58 Gandhi Road",Pune,Maharashtra,694835,"Priya Sharma",9086248724,2025,D,2,"Chennai Institute of Technology",Active
4616,"Arjun Reddy",AIML,1,Female,2006-10-22,B+,9325574453,arjun4616@cit.edu.in,"31 Gandhi Road",Kolkata,Maharashtra,694881,"Vikram Reddy",9416790364,2025,C,1,"Chennai Institute of Technology",Active
4617,"Pooja Sharma",MECH,3,Male,2002-12-06,O+,9736371403,pooja4617@cit.edu.in,"79 Gandhi Road",Hyderabad,Karnataka,694708,"Pooja Sharma",9256729770,2023,B,5,"Chennai Institute of Technology",Active
4618,"Aarav Kumar",CIVIL,2,Male,2003-08-03,B-,9486442507,aarav4618@cit.edu.in,"76 Gandhi Road",Pune,West Bengal,637341,"Rahul Kumar",9327511629,2024,D,3,"Chennai Institute of Technology",Active
4619,"Kavya Reddy",IT,4,Female,2002-09-11,B-,9730813094,kavya4619@cit.edu.in,"69 Gandhi Road",Bengaluru,West Bengal,600809,"Ananya Reddy",9665889344,2022,C,7,"Chennai Institute of Technology",Active
4620,"Rahul Rao",IT,1,Female,2005-06-04,B-,9449189475,rahul4620@cit.edu.in,"36 Gandhi Road",Chennai,Maharashtra,688148,"Rahul Rao",9885243923,2025,A,1,"Chennai Institute of Technology",Active
4621,"Aditya Gupta",AIDS,2,Male,2005-09-12,O-,9132321159,aditya4621@cit.edu.in,"26 Gandhi Road",Hyderabad,Tamil Nadu,694712,"Arjun Gupta",9920470004,2024,B,3,"Chennai Institute of Technology",Active
4622,"Karan Singh",ECE,2,Male,2005-02-27,AB-,9544548072,karan4622@cit.edu.in,"63 Gandhi Road",Bengaluru,West Bengal,641468,"Vikram Singh",9057327116,2024,D,4,"Chennai Institute of Technology",Active
4623,"Priya Joshi",CSE,2,Female,2004-07-26,B+,9803049270,priya4623@cit.edu.in,"42 Gandhi Road",Kolkata,Tamil Nadu,645042,"Pooja Joshi",9858268499,2024,A,4,"Chennai Institute of Technology",Active
4624,"Pooja Verma",MECH,2,Female,2006-09-11,B+,9063227289,pooja4624@cit.edu.in,"95 Gandhi Road",Chennai,Karnataka,642867,"Vikram Verma",9504311100,2024,D,3,"Chennai Institute of Technology",Active
4625,"Vikram Sharma",EEE,1,Male,2003-01-20,O+,9717806441,vikram4625@cit.edu.in,"20 Gandhi Road",Hyderabad,Telangana,663341,"Kavya Sharma",9346713352,2025,A,1,"Chennai Institute of Technology",Active
4626,"Rahul Singh",CSE,2,Female,2004-09-20,AB-,9153767641,rahul4626@cit.edu.in,"25 Gandhi Road",Hyderabad,Telangana,628579,"Diya Singh",9043699276,2024,D,3,"Chennai Institute of Technology",Active
4627,"Kavya Patel",MECH,3,Female,2005-07-10,O+,9647792521,kavya4627@cit.edu.in,"32 Gandhi Road",Kolkata,Delhi,602121,"Pooja Patel",9535963059,2023,A,6,"Chennai Institute of Technology",Active
4628,"Rohan Rao",CSE,1,Female,2002-08-25,A-,9927863551,rohan4628@cit.edu.in,"22 Gandhi Road",Pune,Maharashtra,622029,"Pooja Rao",9465646228,2025,D,2,"Chennai Institute of Technology",Active
4629,"Rahul Nair",CSE,4,Male,2005-10-07,O+,9388145488,rahul4629@cit.edu.in,"50 Gandhi Road",Chennai,Telangana,699308,"Meera Nair",9699055276,2022,C,7,"Chennai Institute of Technology",Active
4630,"Meera Patel",EEE,3,Male,2006-02-22,B+,9947313844,meera4630@cit.edu.in,"83 Gandhi Road",Pune,Telangana,668829,"Arjun Patel",9926552702,2023,C,5,"Chennai Institute of Technology",Active
4631,"Vikram Mehta",MECH,4,Male,2003-12-22,A-,9486633910,vikram4631@cit.edu.in,"80 Gandhi Road",Pune,Telangana,657345,"Sanya Mehta",9385034423,2022,B,7,"Chennai Institute of Technology",Active
4632,"Vikram Reddy",ECE,4,Female,2003-04-08,O+,9185796949,vikram4632@cit.edu.in,"58 Gandhi Road",Bengaluru,West Bengal,622017,"Sanya Reddy",9685530185,2022,A,8,"Chennai Institute of Technology",Active
4633,"Meera Rao",CSE,1,Male,2003-11-14,O-,9971535593,meera4633@cit.edu.in,"11 Gandhi Road",Chennai,West Bengal,672902,"Neha Rao",9758767181,2025,C,1,"Chennai Institute of Technology",Active
4634,"Aarav Kumar",AIML,1,Male,2006-12-24,A+,9645947646,aarav4634@cit.edu.in,"95 Gandhi Road",Bengaluru,Tamil Nadu,639766,"Vikram Kumar",9550494216,2025,B,1,"Chennai Institute of Technology",Active
4635,"Priya Kumar",CIVIL,1,Male,2005-01-17,AB+,9049861463,priya4635@cit.edu.in,"92 Gandhi Road",Chennai,West Bengal,687142,"Neha Kumar",9483346767,2025,C,2,"Chennai Institute of Technology",Active
4636,"Arjun Reddy",AIML,4,Female,2002-05-16,B-,9364633687,arjun4636@cit.edu.in,"90 Gandhi Road",Chennai,Tamil Nadu,605777,"Arjun Reddy",9188956744,2022,A,8,"Chennai Institute of Technology",Active
4637,"Ananya Chopra",CIVIL,3,Female,2006-10-24,O-,9485933751,ananya4637@cit.edu.in,"70 Gandhi Road",Bengaluru,Tamil Nadu,679207,"Vikram Chopra",9177996128,2023,D,6,"Chennai Institute of Technology",Active
4638,"Meera Nair",CIVIL,3,Female,2006-09-22,B+,9864252706,meera4638@cit.edu.in,"12 Gandhi Road",Bengaluru,Maharashtra,609952,"Kavya Nair",9634910342,2023,B,5,"Chennai Institute of Technology",Active
4639,"Pooja Joshi",MECH,1,Male,2006-10-14,B+,9566093283,pooja4639@cit.edu.in,"56 Gandhi Road",Hyderabad,Karnataka,636638,"Arjun Joshi",9197551639,2025,D,2,"Chennai Institute of Technology",Active
4640,"Diya Gupta",AIDS,3,Male,2005-05-11,O+,9785473023,diya4640@cit.edu.in,"38 Gandhi Road",Delhi,Delhi,699958,"Rohan Gupta",9676693764,2023,B,5,"Chennai Institute of Technology",Active
4641,"Rahul Mehta",CIVIL,3,Female,2006-03-19,AB+,9888919286,rahul4641@cit.edu.in,"93 Gandhi Road",Mumbai,Karnataka,686300,"Rohan Mehta",9920907911,2023,D,6,"Chennai Institute of Technology",Active
4642,"Meera Kumar",CIVIL,1,Female,2006-09-02,B-,9010487416,meera4642@cit.edu.in,"39 Gandhi Road",Chennai,Maharashtra,635244,"Meera Kumar",9390526274,2025,B,1,"Chennai Institute of Technology",Active
4643,"Aditya Verma",IT,4,Female,2002-10-19,AB+,9701968573,aditya4643@cit.edu.in,"21 Gandhi Road",Mumbai,Karnataka,612008,"Rohan Verma",9122484428,2022,B,7,"Chennai Institute of Technology",Active
4644,"Aarav Chopra",MECH,4,Female,2004-04-10,AB+,9949750408,aarav4644@cit.edu.in,"37 Gandhi Road",Hyderabad,Tamil Nadu,665656,"Varun Chopra",9214011263,2022,D,8,"Chennai Institute of Technology",Active
4645,"Diya Rao",IT,2,Male,2003-04-28,B+,9586012241,diya4645@cit.edu.in,"12 Gandhi Road",Bengaluru,West Bengal,645438,"Arjun Rao",9576530322,2024,A,4,"Chennai Institute of Technology",Active
4646,"Meera Gupta",EEE,1,Male,2002-04-18,A-,9728145437,meera4646@cit.edu.in,"98 Gandhi Road",Hyderabad,West Bengal,600140,"Priya Gupta",9723768321,2025,A,1,"Chennai Institute of Technology",Active
4647,"Diya Kumar",EEE,2,Male,2004-02-12,O+,9830190423,diya4647@cit.edu.in,"90 Gandhi Road",Kolkata,Telangana,697154,"Aarav Kumar",9032943261,2024,D,3,"Chennai Institute of Technology",Active
4648,"Aditya Mehta",CIVIL,2,Female,2002-04-10,B+,9679439712,aditya4648@cit.edu.in,"68 Gandhi Road",Kolkata,Telangana,660416,"Karan Mehta",9042398582,2024,D,4,"Chennai Institute of Technology",Active
4649,"Karan Rao",CIVIL,3,Female,2004-12-03,O-,9364233763,karan4649@cit.edu.in,"79 Gandhi Road",Chennai,Telangana,647238,"Pooja Rao",9897467213,2023,B,5,"Chennai Institute of Technology",Active
4650,"Arjun Sharma",AIML,2,Female,2003-06-26,O-,9906506883,arjun4650@cit.edu.in,"38 Gandhi Road",Hyderabad,Telangana,625292,"Neha Sharma",9793206418,2024,C,3,"Chennai Institute of Technology",Active
4651,"Meera Nair",AIDS,2,Female,2002-10-20,B+,9088759235,meera4651@cit.edu.in,"92 Gandhi Road",Kolkata,Tamil Nadu,628205,"Neha Nair",9087738067,2024,B,3,"Chennai Institute of Technology",Active
4652,"Aarav Gupta",AIDS,4,Male,2003-05-08,O-,9018366660,aarav4652@cit.edu.in,"58 Gandhi Road",Mumbai,Maharashtra,659813,"Priya Gupta",9951007834,2022,D,8,"Chennai Institute of Technology",Active
4653,"Vikram Reddy",CIVIL,4,Male,2006-05-21,A-,9477161461,vikram4653@cit.edu.in,"45 Gandhi Road",Pune,Maharashtra,698139,"Vikram Reddy",9091191570,2022,D,7,"Chennai Institute of Technology",Active
4654,"Aarav Gupta",AIDS,1,Female,2006-10-15,B-,9746173872,aarav4654@cit.edu.in,"96 Gandhi Road",Delhi,Maharashtra,677637,"Kavya Gupta",9910754203,2025,D,1,"Chennai Institute of Technology",Active
4655,"Vikram Sharma",AIML,3,Female,2006-08-28,O-,9687649616,vikram4655@cit.edu.in,"95 Gandhi Road",Kolkata,Telangana,687052,"Aarav Sharma",9719804942,2023,D,5,"Chennai Institute of Technology",Active
4656,"Ananya Singh",CSE,4,Female,2003-04-09,A-,9886657725,ananya4656@cit.edu.in,"19 Gandhi Road",Bengaluru,Karnataka,600125,"Rahul Singh",9311904547,2022,D,8,"Chennai Institute of Technology",Active
4657,"Pooja Reddy",CSE,2,Female,2005-06-09,B+,9534832313,pooja4657@cit.edu.in,"19 Gandhi Road",Bengaluru,Telangana,670136,"Arjun Reddy",9028424637,2024,A,3,"Chennai Institute of Technology",Active
4658,"Karan Verma",AIDS,4,Female,2003-06-10,O-,9689231050,karan4658@cit.edu.in,"62 Gandhi Road",Hyderabad,Telangana,613429,"Diya Verma",9210523252,2022,A,7,"Chennai Institute of Technology",Active
4659,"Priya Nair",CSE,4,Male,2005-06-12,A+,9053292995,priya4659@cit.edu.in,"30 Gandhi Road",Chennai,West Bengal,634256,"Vikram Nair",9631516435,2022,B,8,"Chennai Institute of Technology",Active
4660,"Kavya Nair",IT,3,Male,2003-05-19,O-,9856457723,kavya4660@cit.edu.in,"76 Gandhi Road",Mumbai,Tamil Nadu,630411,"Aarav Nair",9885835655,2023,C,6,"Chennai Institute of Technology",Active
4661,"Karan Sharma",CIVIL,2,Female,2005-02-23,AB+,9683573596,karan4661@cit.edu.in,"71 Gandhi Road",Chennai,Tamil Nadu,601817,"Ananya Sharma",9981031016,2024,A,3,"Chennai Institute of Technology",Active
4662,"Priya Verma",AIML,2,Male,2006-02-20,O-,9092662705,priya4662@cit.edu.in,"66 Gandhi Road",Hyderabad,Delhi,624121,"Ananya Verma",9310483669,2024,C,3,"Chennai Institute of Technology",Active
4663,"Aditya Verma",EEE,1,Male,2003-12-15,A-,9277614738,aditya4663@cit.edu.in,"37 Gandhi Road",Bengaluru,Tamil Nadu,668260,"Meera Verma",9351749143,2025,A,1,"Chennai Institute of Technology",Active
4664,"Karan Gupta",AIML,4,Male,2002-12-10,A+,9259172503,karan4664@cit.edu.in,"71 Gandhi Road",Pune,West Bengal,686457,"Vikram Gupta",9742754560,2022,C,8,"Chennai Institute of Technology",Active
4665,"Varun Nair",IT,1,Male,2005-11-28,B+,9468778099,varun4665@cit.edu.in,"83 Gandhi Road",Hyderabad,Telangana,666287,"Ananya Nair",9903731124,2025,A,1,"Chennai Institute of Technology",Active
4666,"Aarav Chopra",AIML,2,Male,2003-06-01,O-,9734349341,aarav4666@cit.edu.in,"14 Gandhi Road",Hyderabad,Tamil Nadu,676106,"Vikram Chopra",9800237495,2024,B,4,"Chennai Institute of Technology",Active
4667,"Aditya Rao",CSE,4,Female,2004-10-25,O-,9948717033,aditya4667@cit.edu.in,"77 Gandhi Road",Delhi,Tamil Nadu,635027,"Priya Rao",9345185292,2022,A,7,"Chennai Institute of Technology",Active
4668,"Ananya Joshi",CSE,1,Male,2006-11-25,A+,9507220640,ananya4668@cit.edu.in,"90 Gandhi Road",Hyderabad,Karnataka,693866,"Vikram Joshi",9481691061,2025,A,1,"Chennai Institute of Technology",Active
4669,"Kavya Reddy",AIDS,1,Male,2003-12-18,O+,9117968928,kavya4669@cit.edu.in,"18 Gandhi Road",Bengaluru,Tamil Nadu,637320,"Rahul Reddy",9270701551,2025,D,2,"Chennai Institute of Technology",Active
4670,"Aarav Mehta",CSE,2,Female,2004-09-19,B-,9799544531,aarav4670@cit.edu.in,"10 Gandhi Road",Kolkata,Maharashtra,696303,"Aarav Mehta",9405772747,2024,D,3,"Chennai Institute of Technology",Active
4671,"Varun Gupta",CSE,4,Female,2005-03-19,O-,9923895091,varun4671@cit.edu.in,"76 Gandhi Road",Hyderabad,Maharashtra,602180,"Kavya Gupta",9828334602,2022,B,8,"Chennai Institute of Technology",Active
4672,"Karan Joshi",AIML,1,Female,2002-05-08,O+,9912124229,karan4672@cit.edu.in,"74 Gandhi Road",Mumbai,Tamil Nadu,657285,"Sanya Joshi",9791332337,2025,A,1,"Chennai Institute of Technology",Active
4673,"Varun Gupta",MECH,2,Female,2005-08-16,A-,9988801586,varun4673@cit.edu.in,"46 Gandhi Road",Pune,West Bengal,639211,"Ananya Gupta",9908816094,2024,C,4,"Chennai Institute of Technology",Active
4674,"Varun Gupta",AIDS,4,Male,2002-10-28,B+,9667445376,varun4674@cit.edu.in,"76 Gandhi Road",Delhi,Telangana,677273,"Aditya Gupta",9568281447,2022,D,8,"Chennai Institute of Technology",Active
4675,"Rohan Reddy",AIML,3,Female,2006-05-07,B-,9251155996,rohan4675@cit.edu.in,"12 Gandhi Road",Chennai,Delhi,650013,"Sanya Reddy",9904603536,2023,C,5,"Chennai Institute of Technology",Active
4676,"Neha Chopra",IT,2,Female,2005-01-25,O-,9622985056,neha4676@cit.edu.in,"52 Gandhi Road",Bengaluru,Karnataka,626460,"Ananya Chopra",9248780086,2024,D,3,"Chennai Institute of Technology",Active
4677,"Aarav Mehta",MECH,2,Male,2002-04-05,A+,9855898738,aarav4677@cit.edu.in,"19 Gandhi Road",Bengaluru,Maharashtra,658102,"Karan Mehta",9321463152,2024,B,4,"Chennai Institute of Technology",Active
4678,"Ananya Verma",IT,3,Female,2002-01-12,B+,9782829415,ananya4678@cit.edu.in,"45 Gandhi Road",Mumbai,Telangana,631848,"Neha Verma",9624817237,2023,D,6,"Chennai Institute of Technology",Active
4679,"Rahul Singh",CSE,3,Male,2003-05-15,B-,9735928263,rahul4679@cit.edu.in,"45 Gandhi Road",Chennai,Telangana,610935,"Karan Singh",9747372575,2023,D,5,"Chennai Institute of Technology",Active
4680,"Neha Rao",AIML,2,Female,2004-06-22,B+,9899587871,neha4680@cit.edu.in,"71 Gandhi Road",Mumbai,Maharashtra,695233,"Meera Rao",9262909274,2024,C,3,"Chennai Institute of Technology",Active
4681,"Aarav Patel",AIDS,2,Male,2006-07-21,B-,9206999159,aarav4681@cit.edu.in,"76 Gandhi Road",Delhi,Maharashtra,666707,"Meera Patel",9502191448,2024,D,4,"Chennai Institute of Technology",Active
4682,"Varun Sharma",CIVIL,1,Male,2005-06-27,B-,9235937184,varun4682@cit.edu.in,"80 Gandhi Road",Delhi,Maharashtra,694868,"Vikram Sharma",9102219992,2025,B,2,"Chennai Institute of Technology",Active
4683,"Karan Verma",AIML,1,Male,2002-06-03,AB-,9148557917,karan4683@cit.edu.in,"14 Gandhi Road",Kolkata,Telangana,685977,"Priya Verma",9775332201,2025,C,2,"Chennai Institute of Technology",Active
4684,"Aarav Chopra",AIDS,4,Female,2006-12-27,B-,9718905435,aarav4684@cit.edu.in,"68 Gandhi Road",Chennai,West Bengal,647043,"Ananya Chopra",9328180944,2022,A,8,"Chennai Institute of Technology",Active
4685,"Priya Nair",ECE,3,Male,2004-01-14,O+,9306504449,priya4685@cit.edu.in,"27 Gandhi Road",Kolkata,Maharashtra,679965,"Pooja Nair",9521847769,2023,B,6,"Chennai Institute of Technology",Active
4686,"Vikram Sharma",MECH,3,Male,2006-04-10,AB-,9299065854,vikram4686@cit.edu.in,"92 Gandhi Road",Chennai,Delhi,673127,"Arjun Sharma",9854692219,2023,D,5,"Chennai Institute of Technology",Active
4687,"Aarav Patel",IT,2,Female,2002-10-08,B-,9782732877,aarav4687@cit.edu.in,"58 Gandhi Road",Mumbai,Maharashtra,672184,"Priya Patel",9006796852,2024,A,4,"Chennai Institute of Technology",Active
4688,"Rohan Gupta",AIDS,1,Male,2002-10-07,A-,9707068581,rohan4688@cit.edu.in,"35 Gandhi Road",Hyderabad,West Bengal,668567,"Varun Gupta",9093693474,2025,A,2,"Chennai Institute of Technology",Active
4689,"Neha Verma",EEE,2,Female,2003-05-20,AB-,9592046288,neha4689@cit.edu.in,"82 Gandhi Road",Kolkata,Telangana,603410,"Pooja Verma",9063110643,2024,B,4,"Chennai Institute of Technology",Active
4690,"Priya Kumar",IT,1,Female,2002-06-27,A-,9900222683,priya4690@cit.edu.in,"39 Gandhi Road",Mumbai,Delhi,612830,"Aditya Kumar",9823921597,2025,B,2,"Chennai Institute of Technology",Active
4691,"Rohan Reddy",MECH,3,Female,2003-09-24,O+,9134329854,rohan4691@cit.edu.in,"91 Gandhi Road",Delhi,West Bengal,663569,"Rohan Reddy",9423485382,2023,C,5,"Chennai Institute of Technology",Active
4692,"Diya Mehta",IT,2,Female,2004-05-12,AB+,9628071179,diya4692@cit.edu.in,"79 Gandhi Road",Hyderabad,West Bengal,626618,"Vikram Mehta",9339090028,2024,A,3,"Chennai Institute of Technology",Active
4693,"Rohan Verma",MECH,4,Male,2006-02-14,B-,9154553451,rohan4693@cit.edu.in,"43 Gandhi Road",Pune,Delhi,647295,"Priya Verma",9960082432,2022,D,7,"Chennai Institute of Technology",Active
4694,"Priya Reddy",IT,1,Male,2002-08-11,AB-,9200215467,priya4694@cit.edu.in,"87 Gandhi Road",Kolkata,Delhi,670163,"Varun Reddy",9441643435,2025,B,2,"Chennai Institute of Technology",Active
4695,"Meera Nair",ECE,4,Male,2002-08-18,AB-,9521871715,meera4695@cit.edu.in,"62 Gandhi Road",Mumbai,Maharashtra,672231,"Kavya Nair",9027675778,2022,D,8,"Chennai Institute of Technology",Active
4696,"Rohan Sharma",CSE,1,Female,2002-04-10,AB-,9965358918,rohan4696@cit.edu.in,"69 Gandhi Road",Delhi,Tamil Nadu,658171,"Aditya Sharma",9197044394,2025,D,1,"Chennai Institute of Technology",Active
4697,"Sanya Sharma",EEE,3,Female,2006-07-19,B+,9531750762,sanya4697@cit.edu.in,"26 Gandhi Road",Bengaluru,Karnataka,683739,"Meera Sharma",9502430046,2023,B,6,"Chennai Institute of Technology",Active
4698,"Vikram Gupta",EEE,4,Female,2003-07-18,A-,9542745391,vikram4698@cit.edu.in,"59 Gandhi Road",Bengaluru,Delhi,665680,"Arjun Gupta",9719434555,2022,A,7,"Chennai Institute of Technology",Active
4699,"Vikram Sharma",CSE,2,Female,2003-06-14,AB+,9492687158,vikram4699@cit.edu.in,"61 Gandhi Road",Pune,Delhi,656688,"Pooja Sharma",9081838461,2024,D,3,"Chennai Institute of Technology",Active
4700,"Rohan Joshi",MECH,1,Male,2005-07-06,B+,9218834189,rohan4700@cit.edu.in,"33 Gandhi Road",Kolkata,Maharashtra,660781,"Diya Joshi",9833930451,2025,D,1,"Chennai Institute of Technology",Active
4701,"Arjun Patel",EEE,3,Female,2002-12-11,A-,9678879962,arjun4701@cit.edu.in,"13 Gandhi Road",Chennai,West Bengal,668072,"Kavya Patel",9366719707,2023,D,5,"Chennai Institute of Technology",Active
4702,"Neha Rao",CSE,1,Female,2002-09-24,AB-,9430087913,neha4702@cit.edu.in,"84 Gandhi Road",Pune,Karnataka,679030,"Karan Rao",9468376766,2025,D,1,"Chennai Institute of Technology",Active
4703,"Arjun Reddy",CIVIL,3,Male,2002-01-06,B-,9729170559,arjun4703@cit.edu.in,"85 Gandhi Road",Delhi,Delhi,617880,"Aarav Reddy",9746049511,2023,D,5,"Chennai Institute of Technology",Active
4704,"Varun Joshi",IT,2,Female,2005-08-06,B-,9132347193,varun4704@cit.edu.in,"22 Gandhi Road",Kolkata,West Bengal,640919,"Rahul Joshi",9653595237,2024,A,3,"Chennai Institute of Technology",Active
4705,"Karan Sharma",EEE,2,Female,2003-10-16,B+,9611111601,karan4705@cit.edu.in,"13 Gandhi Road",Delhi,West Bengal,633468,"Sanya Sharma",9839616805,2024,D,3,"Chennai Institute of Technology",Active
4706,"Neha Patel",CSE,1,Male,2004-06-06,AB+,9698418678,neha4706@cit.edu.in,"51 Gandhi Road",Delhi,Delhi,642838,"Priya Patel",9275916687,2025,C,1,"Chennai Institute of Technology",Active
4707,"Priya Joshi",ECE,2,Male,2002-02-15,B+,9437604521,priya4707@cit.edu.in,"88 Gandhi Road",Bengaluru,Delhi,696923,"Sanya Joshi",9492149040,2024,B,4,"Chennai Institute of Technology",Active
4708,"Varun Joshi",MECH,3,Male,2003-03-18,B-,9731162527,varun4708@cit.edu.in,"84 Gandhi Road",Bengaluru,Karnataka,620429,"Sanya Joshi",9482643315,2023,A,5,"Chennai Institute of Technology",Active
4709,"Arjun Singh",EEE,4,Male,2004-11-06,O+,9477094254,arjun4709@cit.edu.in,"71 Gandhi Road",Bengaluru,Tamil Nadu,653325,"Priya Singh",9559239108,2022,D,7,"Chennai Institute of Technology",Active
4710,"Diya Sharma",ECE,3,Male,2002-10-01,B-,9397399096,diya4710@cit.edu.in,"56 Gandhi Road",Chennai,Maharashtra,683863,"Aditya Sharma",9746659046,2023,C,5,"Chennai Institute of Technology",Active
4711,"Varun Nair",CSE,1,Male,2002-11-24,O+,9082870426,varun4711@cit.edu.in,"81 Gandhi Road",Chennai,Delhi,683414,"Rohan Nair",9643941577,2025,B,1,"Chennai Institute of Technology",Active
4712,"Diya Rao",CIVIL,3,Male,2002-06-04,AB-,9409081072,diya4712@cit.edu.in,"88 Gandhi Road",Delhi,Delhi,612225,"Meera Rao",9187025769,2023,C,5,"Chennai Institute of Technology",Active
4713,"Karan Kumar",AIDS,4,Female,2003-04-24,O+,9860111987,karan4713@cit.edu.in,"84 Gandhi Road",Kolkata,Karnataka,647395,"Priya Kumar",9368909704,2022,B,8,"Chennai Institute of Technology",Active
4714,"Priya Sharma",AIML,1,Male,2003-11-23,AB+,9398636546,priya4714@cit.edu.in,"89 Gandhi Road",Delhi,West Bengal,694727,"Priya Sharma",9222069820,2025,B,1,"Chennai Institute of Technology",Active
4715,"Arjun Verma",AIDS,4,Female,2003-11-12,O-,9990085970,arjun4715@cit.edu.in,"34 Gandhi Road",Bengaluru,Maharashtra,666878,"Pooja Verma",9376388894,2022,B,7,"Chennai Institute of Technology",Active
4716,"Vikram Sharma",AIML,1,Male,2006-02-06,B+,9376505014,vikram4716@cit.edu.in,"44 Gandhi Road",Pune,West Bengal,691954,"Diya Sharma",9886115345,2025,C,1,"Chennai Institute of Technology",Active
4717,"Vikram Patel",MECH,1,Male,2002-11-14,O-,9965621565,vikram4717@cit.edu.in,"69 Gandhi Road",Delhi,West Bengal,653263,"Rohan Patel",9890910299,2025,C,2,"Chennai Institute of Technology",Active
4718,"Aditya Reddy",IT,2,Female,2006-04-17,AB+,9712650988,aditya4718@cit.edu.in,"67 Gandhi Road",Pune,Telangana,696932,"Karan Reddy",9245338691,2024,A,3,"Chennai Institute of Technology",Active
4719,"Sanya Rao",EEE,1,Female,2004-02-24,O+,9725996569,sanya4719@cit.edu.in,"74 Gandhi Road",Kolkata,Karnataka,635807,"Pooja Rao",9539876636,2025,C,2,"Chennai Institute of Technology",Active
4720,"Priya Patel",AIDS,3,Male,2006-12-20,O-,9085060333,priya4720@cit.edu.in,"66 Gandhi Road",Hyderabad,West Bengal,631765,"Neha Patel",9857296198,2023,C,6,"Chennai Institute of Technology",Active
4721,"Ananya Sharma",CIVIL,3,Female,2002-06-14,O+,9506389831,ananya4721@cit.edu.in,"39 Gandhi Road",Bengaluru,West Bengal,633994,"Priya Sharma",9619868740,2023,C,6,"Chennai Institute of Technology",Active
4722,"Ananya Rao",IT,4,Female,2006-05-14,B+,9617123161,ananya4722@cit.edu.in,"68 Gandhi Road",Mumbai,Maharashtra,612073,"Aditya Rao",9043664044,2022,A,8,"Chennai Institute of Technology",Active
4723,"Vikram Gupta",IT,2,Male,2005-01-05,B-,9561096805,vikram4723@cit.edu.in,"75 Gandhi Road",Kolkata,Maharashtra,666527,"Aditya Gupta",9458553944,2024,C,3,"Chennai Institute of Technology",Active
4724,"Arjun Rao",EEE,1,Female,2003-05-01,O-,9406596926,arjun4724@cit.edu.in,"11 Gandhi Road",Hyderabad,Maharashtra,671567,"Kavya Rao",9317208274,2025,D,1,"Chennai Institute of Technology",Active
4725,"Kavya Sharma",EEE,3,Male,2004-03-06,O+,9915566388,kavya4725@cit.edu.in,"78 Gandhi Road",Mumbai,West Bengal,654509,"Priya Sharma",9658369717,2023,A,6,"Chennai Institute of Technology",Active
4726,"Ananya Patel",CIVIL,4,Male,2005-07-02,AB+,9305501257,ananya4726@cit.edu.in,"66 Gandhi Road",Bengaluru,Maharashtra,643230,"Vikram Patel",9531957799,2022,B,7,"Chennai Institute of Technology",Active
4727,"Aditya Gupta",IT,3,Male,2002-01-12,A-,9387454105,aditya4727@cit.edu.in,"40 Gandhi Road",Hyderabad,Maharashtra,697419,"Karan Gupta",9534375279,2023,A,5,"Chennai Institute of Technology",Active
4728,"Rohan Nair",CIVIL,2,Male,2004-08-07,A+,9074818584,rohan4728@cit.edu.in,"17 Gandhi Road",Delhi,West Bengal,617515,"Rohan Nair",9631386112,2024,A,4,"Chennai Institute of Technology",Active
4729,"Aditya Reddy",CIVIL,3,Female,2002-07-07,B+,9626331228,aditya4729@cit.edu.in,"35 Gandhi Road",Delhi,Karnataka,660586,"Sanya Reddy",9251451493,2023,B,6,"Chennai Institute of Technology",Active
4730,"Meera Patel",ECE,2,Male,2005-05-19,AB-,9483726852,meera4730@cit.edu.in,"24 Gandhi Road",Chennai,Delhi,669683,"Vikram Patel",9516690605,2024,B,3,"Chennai Institute of Technology",Active
4731,"Rahul Joshi",CSE,1,Male,2006-12-05,A+,9575560338,rahul4731@cit.edu.in,"34 Gandhi Road",Mumbai,Delhi,698314,"Diya Joshi",9962591184,2025,D,2,"Chennai Institute of Technology",Active
4732,"Priya Gupta",ECE,4,Male,2005-12-11,A-,9468706089,priya4732@cit.edu.in,"71 Gandhi Road",Chennai,West Bengal,669732,"Kavya Gupta",9258930184,2022,C,7,"Chennai Institute of Technology",Active
4733,"Priya Rao",AIDS,3,Female,2002-05-15,B-,9076654272,priya4733@cit.edu.in,"61 Gandhi Road",Bengaluru,Telangana,688285,"Karan Rao",9627444591,2023,A,6,"Chennai Institute of Technology",Active
4734,"Diya Patel",EEE,1,Female,2005-11-04,AB+,9087478575,diya4734@cit.edu.in,"85 Gandhi Road",Mumbai,Maharashtra,675250,"Neha Patel",9620287414,2025,D,1,"Chennai Institute of Technology",Active
4735,"Karan Rao",IT,2,Male,2006-01-21,O+,9408393349,karan4735@cit.edu.in,"11 Gandhi Road",Kolkata,Karnataka,631429,"Vikram Rao",9154166116,2024,A,3,"Chennai Institute of Technology",Active
4736,"Priya Rao",ECE,3,Female,2006-07-26,A-,9589969380,priya4736@cit.edu.in,"83 Gandhi Road",Pune,Tamil Nadu,647977,"Pooja Rao",9685187535,2023,C,5,"Chennai Institute of Technology",Active
4737,"Sanya Sharma",CSE,3,Male,2003-01-12,B-,9342265126,sanya4737@cit.edu.in,"54 Gandhi Road",Delhi,Karnataka,698856,"Vikram Sharma",9454086295,2023,C,5,"Chennai Institute of Technology",Active
4738,"Sanya Patel",AIML,2,Male,2006-05-19,O+,9412638171,sanya4738@cit.edu.in,"73 Gandhi Road",Pune,Maharashtra,654056,"Diya Patel",9377846769,2024,B,4,"Chennai Institute of Technology",Active
4739,"Aditya Joshi",CIVIL,4,Female,2002-03-21,A-,9185648151,aditya4739@cit.edu.in,"87 Gandhi Road",Bengaluru,Delhi,660267,"Varun Joshi",9471550179,2022,C,8,"Chennai Institute of Technology",Active
4740,"Aarav Nair",AIML,4,Male,2005-07-08,A+,9964495101,aarav4740@cit.edu.in,"86 Gandhi Road",Mumbai,West Bengal,663265,"Sanya Nair",9855651111,2022,B,8,"Chennai Institute of Technology",Active
4741,"Rahul Chopra",IT,4,Male,2005-10-26,O-,9449150687,rahul4741@cit.edu.in,"20 Gandhi Road",Pune,Karnataka,639199,"Neha Chopra",9863477385,2022,A,8,"Chennai Institute of Technology",Active
4742,"Rohan Mehta",AIML,2,Female,2003-11-05,B-,9941752176,rohan4742@cit.edu.in,"70 Gandhi Road",Pune,Telangana,645669,"Karan Mehta",9946639533,2024,B,3,"Chennai Institute of Technology",Active
4743,"Varun Sharma",EEE,2,Male,2004-02-15,B-,9179332933,varun4743@cit.edu.in,"68 Gandhi Road",Mumbai,Maharashtra,607963,"Rohan Sharma",9715526615,2024,B,3,"Chennai Institute of Technology",Active
4744,"Neha Nair",CIVIL,4,Male,2003-03-08,B-,9681585247,neha4744@cit.edu.in,"50 Gandhi Road",Hyderabad,Tamil Nadu,616439,"Arjun Nair",9928125096,2022,C,8,"Chennai Institute of Technology",Active
4745,"Neha Sharma",AIML,2,Male,2004-03-15,AB+,9086006786,neha4745@cit.edu.in,"27 Gandhi Road",Bengaluru,Maharashtra,615673,"Ananya Sharma",9836504252,2024,C,3,"Chennai Institute of Technology",Active
4746,"Varun Sharma",EEE,3,Male,2003-09-26,O-,9831062547,varun4746@cit.edu.in,"25 Gandhi Road",Delhi,West Bengal,618635,"Karan Sharma",9554032592,2023,C,5,"Chennai Institute of Technology",Active
4747,"Vikram Kumar",EEE,1,Male,2004-01-09,O+,9164514073,vikram4747@cit.edu.in,"84 Gandhi Road",Mumbai,Delhi,620764,"Vikram Kumar",9717335255,2025,D,1,"Chennai Institute of Technology",Active
4748,"Aditya Rao",MECH,3,Female,2003-03-21,B-,9343836429,aditya4748@cit.edu.in,"59 Gandhi Road",Mumbai,Karnataka,680987,"Diya Rao",9984765530,2023,C,5,"Chennai Institute of Technology",Active
4749,"Diya Singh",EEE,1,Male,2002-12-10,AB+,9906398651,diya4749@cit.edu.in,"70 Gandhi Road",Pune,Maharashtra,647603,"Diya Singh",9454852555,2025,B,1,"Chennai Institute of Technology",Active
4750,"Rahul Sharma",AIML,4,Male,2006-01-11,B+,9758943663,rahul4750@cit.edu.in,"39 Gandhi Road",Delhi,Maharashtra,612676,"Varun Sharma",9924007641,2022,B,7,"Chennai Institute of Technology",Active
4751,"Priya Sharma",AIML,3,Female,2005-11-24,O-,9595218684,priya4751@cit.edu.in,"60 Gandhi Road",Chennai,West Bengal,684112,"Karan Sharma",9161057878,2023,D,6,"Chennai Institute of Technology",Active
4752,"Varun Rao",CIVIL,1,Male,2006-01-01,A-,9803481341,varun4752@cit.edu.in,"85 Gandhi Road",Pune,West Bengal,652096,"Rahul Rao",9120901164,2025,D,2,"Chennai Institute of Technology",Active
4753,"Neha Chopra",CIVIL,3,Male,2004-10-03,B-,9742837891,neha4753@cit.edu.in,"81 Gandhi Road",Pune,Telangana,665907,"Ananya Chopra",9456361170,2023,B,6,"Chennai Institute of Technology",Active
4754,"Neha Nair",CSE,4,Male,2006-05-03,AB-,9490138613,neha4754@cit.edu.in,"77 Gandhi Road",Mumbai,Tamil Nadu,694729,"Priya Nair",9145245885,2022,C,7,"Chennai Institute of Technology",Active
4755,"Aarav Rao",AIDS,4,Female,2004-08-09,A-,9023588161,aarav4755@cit.edu.in,"79 Gandhi Road",Delhi,Tamil Nadu,637865,"Rohan Rao",9775160693,2022,A,7,"Chennai Institute of Technology",Active
4756,"Arjun Reddy",AIML,1,Male,2006-01-16,A-,9289372307,arjun4756@cit.edu.in,"27 Gandhi Road",Mumbai,West Bengal,624419,"Priya Reddy",9039282473,2025,B,1,"Chennai Institute of Technology",Active
4757,"Aarav Rao",EEE,3,Male,2003-10-25,AB+,9570241580,aarav4757@cit.edu.in,"34 Gandhi Road",Hyderabad,Tamil Nadu,677695,"Vikram Rao",9255045921,2023,D,6,"Chennai Institute of Technology",Active
4758,"Aarav Gupta",ECE,2,Female,2006-12-06,A+,9228266415,aarav4758@cit.edu.in,"29 Gandhi Road",Bengaluru,Karnataka,655798,"Kavya Gupta",9853515316,2024,D,3,"Chennai Institute of Technology",Active
4759,"Neha Rao",EEE,3,Male,2005-12-21,AB-,9464686106,neha4759@cit.edu.in,"52 Gandhi Road",Mumbai,Delhi,616103,"Priya Rao",9663277347,2023,D,6,"Chennai Institute of Technology",Active
4760,"Kavya Nair",AIML,2,Female,2003-02-28,AB+,9924674337,kavya4760@cit.edu.in,"32 Gandhi Road",Hyderabad,Maharashtra,616023,"Diya Nair",9324129385,2024,A,4,"Chennai Institute of Technology",Active
4761,"Neha Chopra",AIDS,2,Female,2004-01-13,AB+,9205085610,neha4761@cit.edu.in,"74 Gandhi Road",Pune,Telangana,654534,"Diya Chopra",9962150653,2024,C,4,"Chennai Institute of Technology",Active
4762,"Neha Verma",EEE,1,Male,2002-04-09,A+,9057346156,neha4762@cit.edu.in,"16 Gandhi Road",Hyderabad,Delhi,649608,"Meera Verma",9389545160,2025,D,1,"Chennai Institute of Technology",Active
4763,"Sanya Joshi",AIML,2,Female,2006-08-10,AB+,9845964367,sanya4763@cit.edu.in,"81 Gandhi Road",Mumbai,Karnataka,633364,"Karan Joshi",9166116769,2024,D,4,"Chennai Institute of Technology",Active
4764,"Rohan Singh",EEE,1,Female,2004-04-09,AB-,9311465439,rohan4764@cit.edu.in,"92 Gandhi Road",Kolkata,Karnataka,610620,"Diya Singh",9039478976,2025,D,2,"Chennai Institute of Technology",Active
4765,"Sanya Verma",CSE,1,Female,2002-11-13,A+,9193126310,sanya4765@cit.edu.in,"91 Gandhi Road",Kolkata,West Bengal,660043,"Rahul Verma",9119149759,2025,D,1,"Chennai Institute of Technology",Active
4766,"Karan Reddy",MECH,1,Female,2005-04-12,AB+,9175537407,karan4766@cit.edu.in,"13 Gandhi Road",Hyderabad,Karnataka,616094,"Neha Reddy",9444694872,2025,C,1,"Chennai Institute of Technology",Active
4767,"Priya Patel",ECE,1,Female,2002-11-02,AB+,9922810230,priya4767@cit.edu.in,"37 Gandhi Road",Chennai,Maharashtra,674986,"Sanya Patel",9955312699,2025,B,2,"Chennai Institute of Technology",Active
4768,"Meera Verma",CIVIL,1,Female,2002-06-05,B+,9633349776,meera4768@cit.edu.in,"36 Gandhi Road",Pune,Delhi,680979,"Vikram Verma",9871624557,2025,A,2,"Chennai Institute of Technology",Active
4769,"Priya Nair",CSE,2,Male,2006-11-16,O-,9426372165,priya4769@cit.edu.in,"96 Gandhi Road",Bengaluru,Telangana,633603,"Arjun Nair",9670679997,2024,B,4,"Chennai Institute of Technology",Active
4770,"Priya Joshi",AIDS,3,Male,2002-04-25,O-,9696587842,priya4770@cit.edu.in,"57 Gandhi Road",Pune,West Bengal,632333,"Kavya Joshi",9542343956,2023,D,6,"Chennai Institute of Technology",Active
4771,"Sanya Patel",CIVIL,4,Male,2005-06-02,B+,9359597714,sanya4771@cit.edu.in,"36 Gandhi Road",Hyderabad,Tamil Nadu,640580,"Kavya Patel",9982043746,2022,C,7,"Chennai Institute of Technology",Active
4772,"Diya Verma",ECE,3,Female,2005-04-23,B+,9432136737,diya4772@cit.edu.in,"71 Gandhi Road",Bengaluru,Karnataka,691047,"Diya Verma",9266536828,2023,A,6,"Chennai Institute of Technology",Active
4773,"Vikram Joshi",CIVIL,4,Male,2003-06-05,A-,9666283663,vikram4773@cit.edu.in,"88 Gandhi Road",Bengaluru,Delhi,643023,"Rahul Joshi",9152570610,2022,D,8,"Chennai Institute of Technology",Active
4774,"Karan Patel",CSE,1,Female,2003-04-23,AB+,9219030778,karan4774@cit.edu.in,"95 Gandhi Road",Bengaluru,Telangana,659937,"Diya Patel",9976780840,2025,A,1,"Chennai Institute of Technology",Active
4775,"Rahul Verma",EEE,2,Male,2004-01-23,AB+,9971931388,rahul4775@cit.edu.in,"27 Gandhi Road",Kolkata,Karnataka,683218,"Aditya Verma",9334376733,2024,A,4,"Chennai Institute of Technology",Active
4776,"Vikram Verma",AIML,3,Male,2004-01-10,O+,9488034247,vikram4776@cit.edu.in,"82 Gandhi Road",Mumbai,Delhi,665170,"Pooja Verma",9751966517,2023,B,6,"Chennai Institute of Technology",Active
4777,"Karan Mehta",CSE,1,Female,2005-02-08,B-,9393368822,karan4777@cit.edu.in,"71 Gandhi Road",Delhi,Delhi,675984,"Pooja Mehta",9354334476,2025,B,1,"Chennai Institute of Technology",Active
4778,"Rahul Singh",CIVIL,1,Male,2005-04-26,B+,9129633461,rahul4778@cit.edu.in,"27 Gandhi Road",Kolkata,Delhi,626348,"Varun Singh",9806239847,2025,D,2,"Chennai Institute of Technology",Active
4779,"Priya Nair",AIDS,1,Male,2005-06-19,AB+,9235343414,priya4779@cit.edu.in,"62 Gandhi Road",Delhi,Delhi,678506,"Diya Nair",9176749149,2025,C,2,"Chennai Institute of Technology",Active
4780,"Priya Singh",MECH,2,Male,2006-05-04,AB+,9802949039,priya4780@cit.edu.in,"19 Gandhi Road",Delhi,Tamil Nadu,630692,"Aarav Singh",9610995540,2024,C,3,"Chennai Institute of Technology",Active
4781,"Varun Verma",AIML,1,Female,2004-02-08,O+,9426985696,varun4781@cit.edu.in,"70 Gandhi Road",Hyderabad,Delhi,615005,"Vikram Verma",9026597489,2025,D,2,"Chennai Institute of Technology",Active
4782,"Ananya Singh",CSE,2,Male,2004-05-15,O-,9967596637,ananya4782@cit.edu.in,"43 Gandhi Road",Delhi,Karnataka,615408,"Arjun Singh",9952593277,2024,C,4,"Chennai Institute of Technology",Active
4783,"Aditya Singh",AIML,3,Male,2006-04-22,AB+,9150812873,aditya4783@cit.edu.in,"58 Gandhi Road",Hyderabad,Maharashtra,647359,"Pooja Singh",9839033123,2023,D,5,"Chennai Institute of Technology",Active
4784,"Sanya Rao",AIDS,4,Male,2005-04-11,AB+,9546741875,sanya4784@cit.edu.in,"47 Gandhi Road",Kolkata,Tamil Nadu,615179,"Aarav Rao",9321283048,2022,C,7,"Chennai Institute of Technology",Active
4785,"Rohan Singh",AIML,2,Male,2003-06-24,O-,9661328521,rohan4785@cit.edu.in,"36 Gandhi Road",Chennai,Karnataka,604653,"Arjun Singh",9918510874,2024,B,3,"Chennai Institute of Technology",Active
4786,"Diya Chopra",ECE,3,Male,2005-04-22,O-,9000169311,diya4786@cit.edu.in,"96 Gandhi Road",Mumbai,Karnataka,633133,"Priya Chopra",9593926589,2023,B,5,"Chennai Institute of Technology",Active
4787,"Karan Joshi",IT,2,Female,2002-01-13,AB-,9815651285,karan4787@cit.edu.in,"15 Gandhi Road",Chennai,Tamil Nadu,605920,"Rahul Joshi",9357099995,2024,A,4,"Chennai Institute of Technology",Active
4788,"Varun Singh",IT,3,Male,2003-09-18,O-,9175203400,varun4788@cit.edu.in,"58 Gandhi Road",Bengaluru,Karnataka,661694,"Aarav Singh",9787778861,2023,D,5,"Chennai Institute of Technology",Active
4789,"Neha Patel",ECE,4,Female,2002-11-27,A-,9568020382,neha4789@cit.edu.in,"71 Gandhi Road",Delhi,Karnataka,696932,"Meera Patel",9058695733,2022,C,7,"Chennai Institute of Technology",Active
4790,"Meera Chopra",IT,1,Female,2002-03-01,AB-,9435840308,meera4790@cit.edu.in,"90 Gandhi Road",Chennai,Delhi,671109,"Arjun Chopra",9362920967,2025,D,2,"Chennai Institute of Technology",Active
4791,"Varun Reddy",EEE,4,Male,2003-03-15,B+,9206509738,varun4791@cit.edu.in,"42 Gandhi Road",Kolkata,Telangana,600464,"Diya Reddy",9745056793,2022,D,7,"Chennai Institute of Technology",Active
4792,"Rahul Chopra",CIVIL,1,Male,2002-09-18,A+,9150022112,rahul4792@cit.edu.in,"70 Gandhi Road",Mumbai,West Bengal,662014,"Vikram Chopra",9927883970,2025,D,2,"Chennai Institute of Technology",Active
4793,"Aditya Mehta",IT,1,Female,2005-12-26,B+,9508756590,aditya4793@cit.edu.in,"49 Gandhi Road",Hyderabad,Telangana,694494,"Diya Mehta",9202453314,2025,C,2,"Chennai Institute of Technology",Active
4794,"Rohan Chopra",CSE,4,Male,2002-10-26,O-,9107285541,rohan4794@cit.edu.in,"40 Gandhi Road",Kolkata,Maharashtra,681964,"Ananya Chopra",9587158693,2022,D,7,"Chennai Institute of Technology",Active
4795,"Priya Kumar",ECE,1,Male,2005-12-15,B+,9012835119,priya4795@cit.edu.in,"83 Gandhi Road",Chennai,West Bengal,638611,"Vikram Kumar",9952040871,2025,C,2,"Chennai Institute of Technology",Active
4796,"Karan Chopra",ECE,3,Female,2002-03-14,A-,9683917985,karan4796@cit.edu.in,"84 Gandhi Road",Mumbai,West Bengal,602250,"Priya Chopra",9191365229,2023,A,6,"Chennai Institute of Technology",Active
4797,"Vikram Verma",CSE,4,Male,2003-05-07,A+,9815915231,vikram4797@cit.edu.in,"27 Gandhi Road",Mumbai,Delhi,681351,"Kavya Verma",9052528121,2022,A,7,"Chennai Institute of Technology",Active
4798,"Pooja Verma",EEE,4,Male,2002-08-27,B+,9518781568,pooja4798@cit.edu.in,"27 Gandhi Road",Chennai,Telangana,668675,"Diya Verma",9697534772,2022,C,7,"Chennai Institute of Technology",Active
4799,"Diya Gupta",IT,4,Female,2006-03-04,A+,9150082451,diya4799@cit.edu.in,"71 Gandhi Road",Kolkata,West Bengal,622094,"Rahul Gupta",9543826675,2022,B,8,"Chennai Institute of Technology",Active
4800,"Rohan Rao",MECH,2,Female,2006-04-10,AB-,9288825068,rohan4800@cit.edu.in,"54 Gandhi Road",Mumbai,Telangana,606876,"Pooja Rao",9385353649,2024,D,4,"Chennai Institute of Technology",Active
4801,"Pooja Verma",CSE,4,Male,2006-10-02,B-,9440601787,pooja4801@cit.edu.in,"26 Gandhi Road",Delhi,Karnataka,648838,"Meera Verma",9059491743,2022,A,8,"Chennai Institute of Technology",Active
4802,"Meera Verma",EEE,1,Male,2006-07-12,O-,9942699305,meera4802@cit.edu.in,"39 Gandhi Road",Pune,Karnataka,668051,"Kavya Verma",9252840996,2025,B,2,"Chennai Institute of Technology",Active
4803,"Sanya Verma",ECE,1,Female,2002-12-26,A-,9135448632,sanya4803@cit.edu.in,"93 Gandhi Road",Chennai,Maharashtra,629796,"Karan Verma",9498517510,2025,D,2,"Chennai Institute of Technology",Active
4804,"Kavya Reddy",MECH,1,Female,2004-04-05,B-,9513696833,kavya4804@cit.edu.in,"39 Gandhi Road",Delhi,Tamil Nadu,648167,"Vikram Reddy",9389020063,2025,C,2,"Chennai Institute of Technology",Active
4805,"Rohan Verma",MECH,1,Female,2005-11-23,B-,9693890769,rohan4805@cit.edu.in,"59 Gandhi Road",Chennai,Delhi,658686,"Arjun Verma",9802976978,2025,D,2,"Chennai Institute of Technology",Active
4806,"Vikram Verma",CIVIL,4,Male,2002-03-16,AB-,9381877763,vikram4806@cit.edu.in,"41 Gandhi Road",Delhi,Delhi,687841,"Diya Verma",9392266434,2022,A,7,"Chennai Institute of Technology",Active
4807,"Ananya Sharma",AIDS,4,Female,2002-12-18,AB+,9867324395,ananya4807@cit.edu.in,"94 Gandhi Road",Delhi,Delhi,644292,"Neha Sharma",9372078949,2022,D,7,"Chennai Institute of Technology",Active
4808,"Sanya Gupta",MECH,4,Male,2005-12-17,AB+,9296355991,sanya4808@cit.edu.in,"90 Gandhi Road",Chennai,Tamil Nadu,651080,"Pooja Gupta",9914397509,2022,A,8,"Chennai Institute of Technology",Active
4809,"Aditya Singh",AIDS,2,Male,2005-03-03,O-,9569174538,aditya4809@cit.edu.in,"65 Gandhi Road",Chennai,Telangana,667390,"Kavya Singh",9406372392,2024,C,3,"Chennai Institute of Technology",Active
4810,"Arjun Joshi",CSE,3,Female,2006-05-26,O-,9092605280,arjun4810@cit.edu.in,"41 Gandhi Road",Delhi,Tamil Nadu,679303,"Ananya Joshi",9650798080,2023,D,6,"Chennai Institute of Technology",Active
4811,"Diya Singh",ECE,4,Male,2004-07-08,AB-,9118260314,diya4811@cit.edu.in,"75 Gandhi Road",Mumbai,Karnataka,638314,"Pooja Singh",9682494970,2022,A,8,"Chennai Institute of Technology",Active
4812,"Sanya Singh",AIDS,4,Male,2002-09-12,AB-,9895217821,sanya4812@cit.edu.in,"92 Gandhi Road",Pune,Karnataka,636347,"Varun Singh",9807401111,2022,B,8,"Chennai Institute of Technology",Active
4813,"Priya Chopra",AIDS,4,Male,2006-06-16,O+,9703672657,priya4813@cit.edu.in,"59 Gandhi Road",Hyderabad,Tamil Nadu,639473,"Neha Chopra",9607731790,2022,B,7,"Chennai Institute of Technology",Active
4814,"Varun Nair",AIDS,4,Male,2003-10-01,O-,9135933133,varun4814@cit.edu.in,"85 Gandhi Road",Bengaluru,Tamil Nadu,645291,"Diya Nair",9922791305,2022,C,7,"Chennai Institute of Technology",Active
4815,"Meera Mehta",AIML,3,Male,2005-11-22,A-,9512650599,meera4815@cit.edu.in,"82 Gandhi Road",Chennai,Tamil Nadu,681022,"Vikram Mehta",9466652512,2023,B,5,"Chennai Institute of Technology",Active
4816,"Rahul Singh",CSE,3,Male,2006-04-12,A+,9134563201,rahul4816@cit.edu.in,"32 Gandhi Road",Mumbai,Delhi,680157,"Pooja Singh",9979516451,2023,C,6,"Chennai Institute of Technology",Active
4817,"Aarav Verma",AIDS,3,Female,2002-06-28,B-,9052790842,aarav4817@cit.edu.in,"78 Gandhi Road",Delhi,Delhi,663960,"Karan Verma",9680630043,2023,D,6,"Chennai Institute of Technology",Active
4818,"Neha Rao",IT,2,Male,2002-10-20,AB+,9412587828,neha4818@cit.edu.in,"78 Gandhi Road",Hyderabad,West Bengal,635946,"Aditya Rao",9541542441,2024,B,3,"Chennai Institute of Technology",Active
4819,"Varun Nair",CSE,1,Male,2006-10-25,A-,9216613395,varun4819@cit.edu.in,"96 Gandhi Road",Hyderabad,Karnataka,601328,"Priya Nair",9758316259,2025,A,2,"Chennai Institute of Technology",Active
4820,"Neha Patel",CSE,4,Male,2005-06-03,A-,9389779363,neha4820@cit.edu.in,"55 Gandhi Road",Delhi,Tamil Nadu,690560,"Priya Patel",9902303870,2022,C,8,"Chennai Institute of Technology",Active
4821,"Neha Chopra",AIML,3,Female,2002-06-03,A+,9732181602,neha4821@cit.edu.in,"74 Gandhi Road",Delhi,Telangana,627116,"Pooja Chopra",9331180177,2023,D,6,"Chennai Institute of Technology",Active
4822,"Kavya Mehta",CSE,2,Male,2004-08-15,B+,9579364121,kavya4822@cit.edu.in,"90 Gandhi Road",Mumbai,Telangana,638129,"Arjun Mehta",9961519624,2024,D,4,"Chennai Institute of Technology",Active
4823,"Vikram Rao",CIVIL,4,Male,2002-11-20,B-,9784268973,vikram4823@cit.edu.in,"40 Gandhi Road",Chennai,Delhi,600693,"Karan Rao",9497989706,2022,A,8,"Chennai Institute of Technology",Active
4824,"Aarav Gupta",MECH,1,Female,2005-06-07,B+,9865655513,aarav4824@cit.edu.in,"47 Gandhi Road",Mumbai,Tamil Nadu,658990,"Vikram Gupta",9270320150,2025,D,1,"Chennai Institute of Technology",Active
4825,"Aditya Mehta",IT,1,Male,2004-04-18,B-,9232829450,aditya4825@cit.edu.in,"97 Gandhi Road",Bengaluru,Tamil Nadu,633513,"Aditya Mehta",9429612585,2025,C,1,"Chennai Institute of Technology",Active
4826,"Rohan Chopra",IT,4,Female,2006-06-10,B+,9759922352,rohan4826@cit.edu.in,"70 Gandhi Road",Delhi,West Bengal,609368,"Aditya Chopra",9632331147,2022,C,7,"Chennai Institute of Technology",Active
4827,"Rahul Mehta",EEE,2,Male,2005-04-05,A+,9430332281,rahul4827@cit.edu.in,"63 Gandhi Road",Delhi,Telangana,625152,"Aarav Mehta",9187613144,2024,A,4,"Chennai Institute of Technology",Active
4828,"Pooja Singh",AIML,2,Male,2002-01-16,O-,9994361863,pooja4828@cit.edu.in,"52 Gandhi Road",Bengaluru,Karnataka,690233,"Karan Singh",9656650115,2024,C,4,"Chennai Institute of Technology",Active
4829,"Varun Mehta",AIDS,2,Female,2002-07-19,O+,9665136336,varun4829@cit.edu.in,"80 Gandhi Road",Bengaluru,Tamil Nadu,600295,"Priya Mehta",9029669068,2024,B,3,"Chennai Institute of Technology",Active
4830,"Neha Gupta",IT,4,Female,2003-11-25,B+,9371689236,neha4830@cit.edu.in,"52 Gandhi Road",Delhi,Tamil Nadu,631652,"Pooja Gupta",9937082266,2022,D,7,"Chennai Institute of Technology",Active
4831,"Arjun Patel",CSE,4,Female,2002-07-19,A-,9319431969,arjun4831@cit.edu.in,"59 Gandhi Road",Mumbai,Karnataka,688508,"Vikram Patel",9342446604,2022,A,8,"Chennai Institute of Technology",Active
4832,"Karan Kumar",CIVIL,1,Male,2004-11-18,A-,9595041759,karan4832@cit.edu.in,"33 Gandhi Road",Chennai,Tamil Nadu,666310,"Varun Kumar",9608768853,2025,D,1,"Chennai Institute of Technology",Active
4833,"Sanya Kumar",EEE,3,Female,2005-04-02,A-,9985708814,sanya4833@cit.edu.in,"87 Gandhi Road",Bengaluru,Delhi,656142,"Aarav Kumar",9348483512,2023,A,6,"Chennai Institute of Technology",Active
4834,"Kavya Sharma",CIVIL,3,Female,2002-02-17,O-,9484101639,kavya4834@cit.edu.in,"87 Gandhi Road",Chennai,Maharashtra,674924,"Sanya Sharma",9702576108,2023,D,6,"Chennai Institute of Technology",Active
4835,"Neha Nair",AIDS,1,Female,2002-02-10,B-,9081743096,neha4835@cit.edu.in,"29 Gandhi Road",Kolkata,Maharashtra,658977,"Rahul Nair",9374471362,2025,A,1,"Chennai Institute of Technology",Active
4836,"Karan Chopra",AIML,3,Male,2004-09-14,AB+,9197232617,karan4836@cit.edu.in,"37 Gandhi Road",Kolkata,Telangana,614403,"Rohan Chopra",9997554068,2023,B,5,"Chennai Institute of Technology",Active
4837,"Rohan Reddy",AIDS,3,Male,2003-06-27,A+,9085048530,rohan4837@cit.edu.in,"23 Gandhi Road",Kolkata,Tamil Nadu,693145,"Rahul Reddy",9835885419,2023,D,6,"Chennai Institute of Technology",Active
4838,"Aditya Kumar",EEE,1,Male,2002-02-13,B+,9956998659,aditya4838@cit.edu.in,"51 Gandhi Road",Chennai,Tamil Nadu,674288,"Pooja Kumar",9857269400,2025,B,2,"Chennai Institute of Technology",Active
4839,"Priya Reddy",AIML,2,Female,2005-08-17,A-,9844836520,priya4839@cit.edu.in,"32 Gandhi Road",Delhi,Maharashtra,670173,"Sanya Reddy",9150569228,2024,C,3,"Chennai Institute of Technology",Active
4840,"Rohan Sharma",AIML,3,Male,2002-10-02,B-,9500647534,rohan4840@cit.edu.in,"31 Gandhi Road",Bengaluru,Delhi,646130,"Arjun Sharma",9289669948,2023,B,6,"Chennai Institute of Technology",Active
4841,"Pooja Patel",AIDS,2,Male,2006-12-04,O+,9923159945,pooja4841@cit.edu.in,"16 Gandhi Road",Chennai,Maharashtra,666844,"Vikram Patel",9603947291,2024,B,3,"Chennai Institute of Technology",Active
4842,"Priya Verma",CSE,1,Female,2003-03-11,A+,9750325842,priya4842@cit.edu.in,"31 Gandhi Road",Mumbai,Karnataka,668748,"Aarav Verma",9745562497,2025,D,2,"Chennai Institute of Technology",Active
4843,"Neha Singh",CSE,4,Male,2005-05-18,B-,9238135038,neha4843@cit.edu.in,"11 Gandhi Road",Kolkata,Tamil Nadu,656742,"Rahul Singh",9632188075,2022,A,7,"Chennai Institute of Technology",Active
4844,"Karan Joshi",CIVIL,4,Male,2002-09-03,B-,9552932913,karan4844@cit.edu.in,"28 Gandhi Road",Bengaluru,West Bengal,684162,"Arjun Joshi",9399875425,2022,A,7,"Chennai Institute of Technology",Active
4845,"Neha Rao",EEE,3,Male,2002-03-15,AB+,9562615119,neha4845@cit.edu.in,"95 Gandhi Road",Mumbai,West Bengal,663399,"Pooja Rao",9761779068,2023,C,6,"Chennai Institute of Technology",Active
4846,"Neha Chopra",AIDS,3,Female,2003-11-12,AB-,9595990720,neha4846@cit.edu.in,"50 Gandhi Road",Kolkata,Telangana,603110,"Meera Chopra",9202027569,2023,D,6,"Chennai Institute of Technology",Active
4847,"Rahul Chopra",AIML,2,Male,2005-05-17,O-,9704032160,rahul4847@cit.edu.in,"49 Gandhi Road",Mumbai,Tamil Nadu,603135,"Rohan Chopra",9744029347,2024,C,3,"Chennai Institute of Technology",Active
4848,"Meera Reddy",CSE,2,Male,2004-09-10,B+,9459845914,meera4848@cit.edu.in,"16 Gandhi Road",Delhi,Maharashtra,650266,"Sanya Reddy",9690664192,2024,B,4,"Chennai Institute of Technology",Active
4849,"Kavya Rao",AIDS,4,Male,2003-08-24,O+,9841399801,kavya4849@cit.edu.in,"71 Gandhi Road",Bengaluru,West Bengal,687889,"Neha Rao",9159166740,2022,D,7,"Chennai Institute of Technology",Active
4850,"Diya Mehta",ECE,1,Female,2002-10-11,O+,9496610510,diya4850@cit.edu.in,"82 Gandhi Road",Mumbai,Karnataka,669781,"Varun Mehta",9551286032,2025,B,1,"Chennai Institute of Technology",Active
4851,"Rahul Patel",IT,4,Male,2006-03-25,B-,9945068648,rahul4851@cit.edu.in,"30 Gandhi Road",Mumbai,Karnataka,638055,"Pooja Patel",9783828819,2022,B,7,"Chennai Institute of Technology",Active
4852,"Aarav Nair",AIDS,1,Female,2002-12-03,AB-,9062135251,aarav4852@cit.edu.in,"30 Gandhi Road",Bengaluru,Karnataka,675830,"Vikram Nair",9158389042,2025,D,2,"Chennai Institute of Technology",Active
4853,"Pooja Patel",IT,4,Male,2003-04-06,B+,9613040068,pooja4853@cit.edu.in,"86 Gandhi Road",Hyderabad,Telangana,678235,"Rohan Patel",9907976387,2022,B,7,"Chennai Institute of Technology",Active
4854,"Pooja Verma",EEE,1,Male,2002-01-22,A-,9638979320,pooja4854@cit.edu.in,"18 Gandhi Road",Chennai,Delhi,641776,"Rohan Verma",9282540272,2025,D,1,"Chennai Institute of Technology",Active
4855,"Neha Gupta",IT,2,Male,2003-10-17,O+,9999687085,neha4855@cit.edu.in,"17 Gandhi Road",Delhi,Telangana,662369,"Sanya Gupta",9917153049,2024,D,4,"Chennai Institute of Technology",Active
4856,"Vikram Singh",AIML,1,Male,2002-06-20,B-,9086775789,vikram4856@cit.edu.in,"68 Gandhi Road",Mumbai,Maharashtra,636071,"Priya Singh",9924669127,2025,C,2,"Chennai Institute of Technology",Active
4857,"Aditya Patel",CIVIL,1,Male,2004-08-15,AB+,9736127779,aditya4857@cit.edu.in,"97 Gandhi Road",Pune,West Bengal,696648,"Rahul Patel",9239488495,2025,A,2,"Chennai Institute of Technology",Active
4858,"Karan Joshi",AIDS,2,Male,2006-04-25,A-,9986238697,karan4858@cit.edu.in,"13 Gandhi Road",Bengaluru,Tamil Nadu,681522,"Pooja Joshi",9449020569,2024,D,3,"Chennai Institute of Technology",Active
4859,"Neha Singh",EEE,1,Female,2002-05-06,AB-,9563178611,neha4859@cit.edu.in,"14 Gandhi Road",Delhi,Delhi,660556,"Karan Singh",9496291645,2025,B,1,"Chennai Institute of Technology",Active
4860,"Arjun Sharma",IT,2,Male,2005-07-19,O-,9851130623,arjun4860@cit.edu.in,"25 Gandhi Road",Bengaluru,Telangana,600777,"Neha Sharma",9814498492,2024,B,3,"Chennai Institute of Technology",Active
4861,"Arjun Kumar",MECH,4,Male,2004-07-23,O-,9314716479,arjun4861@cit.edu.in,"12 Gandhi Road",Delhi,West Bengal,685655,"Ananya Kumar",9142643377,2022,D,8,"Chennai Institute of Technology",Active
4862,"Diya Nair",MECH,4,Female,2004-09-11,B-,9379484996,diya4862@cit.edu.in,"12 Gandhi Road",Bengaluru,Maharashtra,618793,"Arjun Nair",9984278504,2022,B,8,"Chennai Institute of Technology",Active
4863,"Meera Sharma",MECH,1,Male,2004-10-10,A+,9252384323,meera4863@cit.edu.in,"29 Gandhi Road",Pune,West Bengal,629467,"Sanya Sharma",9089234130,2025,A,1,"Chennai Institute of Technology",Active
4864,"Ananya Rao",EEE,2,Female,2004-05-03,O-,9521979440,ananya4864@cit.edu.in,"16 Gandhi Road",Bengaluru,Delhi,677119,"Aditya Rao",9068592433,2024,B,4,"Chennai Institute of Technology",Active
4865,"Ananya Joshi",MECH,1,Female,2005-01-14,B-,9584144907,ananya4865@cit.edu.in,"23 Gandhi Road",Hyderabad,Karnataka,680358,"Ananya Joshi",9505126284,2025,D,1,"Chennai Institute of Technology",Active
4866,"Meera Verma",CSE,2,Male,2006-09-23,B-,9223909251,meera4866@cit.edu.in,"24 Gandhi Road",Delhi,West Bengal,658842,"Rohan Verma",9168104647,2024,C,4,"Chennai Institute of Technology",Active
4867,"Neha Mehta",CSE,1,Male,2005-05-26,AB-,9492674523,neha4867@cit.edu.in,"99 Gandhi Road",Hyderabad,West Bengal,670800,"Arjun Mehta",9260506724,2025,B,2,"Chennai Institute of Technology",Active
4868,"Pooja Chopra",AIDS,4,Male,2003-04-05,AB-,9277118340,pooja4868@cit.edu.in,"60 Gandhi Road",Chennai,Tamil Nadu,633945,"Rahul Chopra",9327109611,2022,D,8,"Chennai Institute of Technology",Active
4869,"Kavya Patel",AIDS,2,Male,2003-08-13,AB-,9641556418,kavya4869@cit.edu.in,"66 Gandhi Road",Hyderabad,Karnataka,680894,"Arjun Patel",9541540593,2024,D,3,"Chennai Institute of Technology",Active
4870,"Diya Kumar",CSE,2,Female,2002-05-06,O-,9325153285,diya4870@cit.edu.in,"47 Gandhi Road",Kolkata,Delhi,627550,"Arjun Kumar",9050167505,2024,C,4,"Chennai Institute of Technology",Active
4871,"Pooja Singh",IT,2,Female,2005-05-12,AB-,9844601737,pooja4871@cit.edu.in,"60 Gandhi Road",Hyderabad,Tamil Nadu,653739,"Varun Singh",9986772888,2024,C,4,"Chennai Institute of Technology",Active
4872,"Arjun Nair",MECH,2,Male,2006-10-24,AB-,9702684508,arjun4872@cit.edu.in,"45 Gandhi Road",Delhi,Maharashtra,638073,"Vikram Nair",9481702378,2024,B,3,"Chennai Institute of Technology",Active
4873,"Arjun Gupta",EEE,3,Male,2003-03-04,A-,9569963487,arjun4873@cit.edu.in,"96 Gandhi Road",Pune,Tamil Nadu,682391,"Karan Gupta",9964720136,2023,D,6,"Chennai Institute of Technology",Active
4874,"Rohan Mehta",AIML,2,Male,2002-04-02,B+,9873090342,rohan4874@cit.edu.in,"87 Gandhi Road",Pune,Delhi,670756,"Sanya Mehta",9812358508,2024,C,4,"Chennai Institute of Technology",Active
4875,"Varun Joshi",AIDS,1,Male,2006-10-03,AB-,9500658461,varun4875@cit.edu.in,"22 Gandhi Road",Kolkata,Telangana,672355,"Sanya Joshi",9559191343,2025,C,1,"Chennai Institute of Technology",Active
4876,"Ananya Patel",MECH,3,Female,2002-01-02,B+,9617914927,ananya4876@cit.edu.in,"72 Gandhi Road",Delhi,Tamil Nadu,632145,"Arjun Patel",9736788042,2023,C,5,"Chennai Institute of Technology",Active
4877,"Rahul Patel",ECE,3,Female,2002-05-07,B-,9933040510,rahul4877@cit.edu.in,"44 Gandhi Road",Pune,Karnataka,632110,"Rahul Patel",9912055103,2023,D,6,"Chennai Institute of Technology",Active
4878,"Karan Rao",AIDS,4,Female,2006-04-14,O-,9545128704,karan4878@cit.edu.in,"50 Gandhi Road",Delhi,West Bengal,696238,"Sanya Rao",9861478263,2022,B,8,"Chennai Institute of Technology",Active
4879,"Neha Gupta",MECH,3,Male,2003-09-04,AB+,9889090136,neha4879@cit.edu.in,"69 Gandhi Road",Bengaluru,Telangana,618300,"Meera Gupta",9116962178,2023,B,5,"Chennai Institute of Technology",Active
4880,"Karan Singh",MECH,2,Male,2004-03-26,B+,9949756362,karan4880@cit.edu.in,"67 Gandhi Road",Delhi,Delhi,659277,"Varun Singh",9941120079,2024,A,4,"Chennai Institute of Technology",Active
4881,"Aarav Gupta",ECE,3,Male,2006-01-14,AB-,9318124758,aarav4881@cit.edu.in,"45 Gandhi Road",Mumbai,Karnataka,612625,"Ananya Gupta",9332427034,2023,D,5,"Chennai Institute of Technology",Active
4882,"Ananya Rao",ECE,3,Male,2004-11-18,O+,9070160225,ananya4882@cit.edu.in,"94 Gandhi Road",Bengaluru,Telangana,638305,"Karan Rao",9638373388,2023,A,6,"Chennai Institute of Technology",Active
4883,"Kavya Singh",CIVIL,3,Female,2005-08-23,O+,9967513131,kavya4883@cit.edu.in,"47 Gandhi Road",Bengaluru,Maharashtra,666323,"Sanya Singh",9033198672,2023,A,5,"Chennai Institute of Technology",Active
4884,"Kavya Kumar",AIDS,3,Female,2002-08-01,O-,9926491913,kavya4884@cit.edu.in,"54 Gandhi Road",Delhi,Tamil Nadu,632438,"Meera Kumar",9975612558,2023,B,5,"Chennai Institute of Technology",Active
4885,"Ananya Singh",IT,1,Female,2006-06-24,AB-,9630930293,ananya4885@cit.edu.in,"10 Gandhi Road",Bengaluru,Tamil Nadu,649874,"Diya Singh",9426438809,2025,B,1,"Chennai Institute of Technology",Active
4886,"Priya Gupta",CSE,1,Male,2003-05-26,B-,9418171530,priya4886@cit.edu.in,"84 Gandhi Road",Delhi,Maharashtra,680957,"Aarav Gupta",9082228817,2025,B,1,"Chennai Institute of Technology",Active
4887,"Aditya Singh",EEE,1,Female,2002-02-06,O+,9108911601,aditya4887@cit.edu.in,"10 Gandhi Road",Mumbai,Delhi,623964,"Ananya Singh",9756436824,2025,C,1,"Chennai Institute of Technology",Active
4888,"Rohan Reddy",IT,2,Male,2006-02-17,O-,9393822878,rohan4888@cit.edu.in,"88 Gandhi Road",Pune,Karnataka,606083,"Varun Reddy",9035830765,2024,A,4,"Chennai Institute of Technology",Active
4889,"Meera Singh",IT,1,Male,2004-10-06,O-,9291330360,meera4889@cit.edu.in,"99 Gandhi Road",Bengaluru,Tamil Nadu,659428,"Vikram Singh",9471583054,2025,A,1,"Chennai Institute of Technology",Active
4890,"Arjun Rao",EEE,3,Female,2003-01-14,O+,9714015597,arjun4890@cit.edu.in,"70 Gandhi Road",Chennai,Delhi,688537,"Rohan Rao",9164084918,2023,C,5,"Chennai Institute of Technology",Active
4891,"Kavya Nair",EEE,2,Female,2005-09-14,AB+,9802007636,kavya4891@cit.edu.in,"88 Gandhi Road",Delhi,Tamil Nadu,649926,"Kavya Nair",9808842173,2024,C,3,"Chennai Institute of Technology",Active
4892,"Aarav Joshi",CSE,1,Male,2003-03-07,AB-,9281465888,aarav4892@cit.edu.in,"91 Gandhi Road",Delhi,Maharashtra,636744,"Sanya Joshi",9749487600,2025,B,1,"Chennai Institute of Technology",Active
4893,"Vikram Sharma",EEE,4,Female,2003-11-28,O+,9235018678,vikram4893@cit.edu.in,"51 Gandhi Road",Delhi,West Bengal,685522,"Kavya Sharma",9940446921,2022,B,8,"Chennai Institute of Technology",Active
4894,"Sanya Nair",MECH,3,Male,2004-06-06,AB-,9780276352,sanya4894@cit.edu.in,"60 Gandhi Road",Delhi,Delhi,610890,"Priya Nair",9089460053,2023,B,5,"Chennai Institute of Technology",Active
4895,"Meera Sharma",AIML,1,Male,2006-04-03,B+,9732077975,meera4895@cit.edu.in,"51 Gandhi Road",Pune,West Bengal,645803,"Karan Sharma",9704900784,2025,B,1,"Chennai Institute of Technology",Active
4896,"Aditya Patel",IT,3,Male,2004-09-16,O+,9991686753,aditya4896@cit.edu.in,"51 Gandhi Road",Bengaluru,Tamil Nadu,668049,"Karan Patel",9891347061,2023,A,5,"Chennai Institute of Technology",Active
4897,"Sanya Gupta",CSE,1,Male,2004-09-24,A+,9279499392,sanya4897@cit.edu.in,"29 Gandhi Road",Delhi,Maharashtra,677202,"Pooja Gupta",9140531824,2025,B,2,"Chennai Institute of Technology",Active
4898,"Meera Patel",AIDS,1,Female,2003-05-19,B+,9219275258,meera4898@cit.edu.in,"12 Gandhi Road",Delhi,Maharashtra,609670,"Pooja Patel",9580446426,2025,A,1,"Chennai Institute of Technology",Active
4899,"Kavya Sharma",CSE,4,Male,2003-12-25,O+,9177199547,kavya4899@cit.edu.in,"66 Gandhi Road",Kolkata,Karnataka,695485,"Diya Sharma",9092601957,2022,A,8,"Chennai Institute of Technology",Active
4900,"Aarav Chopra",AIDS,1,Female,2002-03-06,A+,9212076076,aarav4900@cit.edu.in,"53 Gandhi Road",Bengaluru,Maharashtra,601095,"Rahul Chopra",9902043795,2025,A,2,"Chennai Institute of Technology",Active
4901,"Aditya Singh",AIML,3,Male,2002-12-16,B+,9484668487,aditya4901@cit.edu.in,"37 Gandhi Road",Pune,Maharashtra,669491,"Pooja Singh",9106949860,2023,D,5,"Chennai Institute of Technology",Active
4902,"Priya Verma",CSE,1,Female,2003-08-05,A+,9879781173,priya4902@cit.edu.in,"77 Gandhi Road",Hyderabad,West Bengal,603832,"Sanya Verma",9381123816,2025,A,1,"Chennai Institute of Technology",Active
4903,"Diya Verma",MECH,2,Male,2003-03-27,B-,9642149603,diya4903@cit.edu.in,"67 Gandhi Road",Mumbai,Karnataka,657749,"Aarav Verma",9883901292,2024,C,3,"Chennai Institute of Technology",Active
4904,"Meera Rao",AIDS,1,Female,2004-01-06,O-,9225906259,meera4904@cit.edu.in,"11 Gandhi Road",Mumbai,Telangana,659119,"Meera Rao",9636900930,2025,A,2,"Chennai Institute of Technology",Active
4905,"Varun Sharma",CSE,4,Male,2002-03-22,AB+,9107357396,varun4905@cit.edu.in,"33 Gandhi Road",Chennai,Maharashtra,627842,"Vikram Sharma",9784424077,2022,C,7,"Chennai Institute of Technology",Active
4906,"Varun Gupta",ECE,4,Male,2002-04-25,O-,9668946992,varun4906@cit.edu.in,"44 Gandhi Road",Mumbai,Maharashtra,617041,"Rohan Gupta",9873863690,2022,D,8,"Chennai Institute of Technology",Active
4907,"Pooja Singh",ECE,4,Female,2004-02-08,AB+,9567689618,pooja4907@cit.edu.in,"88 Gandhi Road",Kolkata,Delhi,626729,"Diya Singh",9269104581,2022,B,8,"Chennai Institute of Technology",Active
4908,"Diya Gupta",AIML,4,Female,2005-12-27,B+,9311425393,diya4908@cit.edu.in,"79 Gandhi Road",Bengaluru,Tamil Nadu,603845,"Diya Gupta",9813326418,2022,B,7,"Chennai Institute of Technology",Active
4909,"Diya Chopra",CIVIL,3,Female,2004-12-16,O+,9628696948,diya4909@cit.edu.in,"56 Gandhi Road",Mumbai,Telangana,637182,"Neha Chopra",9756294021,2023,C,5,"Chennai Institute of Technology",Active
4910,"Priya Chopra",MECH,3,Male,2004-12-22,O+,9055505160,priya4910@cit.edu.in,"30 Gandhi Road",Pune,Tamil Nadu,644607,"Aarav Chopra",9000697429,2023,B,6,"Chennai Institute of Technology",Active
4911,"Diya Patel",AIML,2,Female,2004-06-11,B-,9806930302,diya4911@cit.edu.in,"14 Gandhi Road",Bengaluru,West Bengal,631738,"Aarav Patel",9461574946,2024,C,3,"Chennai Institute of Technology",Active
4912,"Arjun Gupta",CSE,4,Male,2002-12-19,A-,9900456859,arjun4912@cit.edu.in,"87 Gandhi Road",Pune,Delhi,673857,"Neha Gupta",9402798419,2022,A,7,"Chennai Institute of Technology",Active
4913,"Rohan Gupta",AIML,3,Male,2002-05-22,O+,9635923639,rohan4913@cit.edu.in,"25 Gandhi Road",Mumbai,Karnataka,693090,"Arjun Gupta",9031311550,2023,D,5,"Chennai Institute of Technology",Active
4914,"Kavya Mehta",AIDS,3,Male,2004-09-26,AB+,9575171746,kavya4914@cit.edu.in,"47 Gandhi Road",Bengaluru,Delhi,653513,"Diya Mehta",9532067340,2023,D,6,"Chennai Institute of Technology",Active
4915,"Karan Gupta",AIML,3,Female,2003-10-09,B+,9415941524,karan4915@cit.edu.in,"95 Gandhi Road",Hyderabad,Delhi,626261,"Vikram Gupta",9066730075,2023,B,6,"Chennai Institute of Technology",Active
4916,"Diya Verma",AIML,1,Female,2006-12-18,AB+,9149138646,diya4916@cit.edu.in,"36 Gandhi Road",Mumbai,Karnataka,684349,"Pooja Verma",9344095095,2025,B,1,"Chennai Institute of Technology",Active
4917,"Ananya Nair",AIML,1,Male,2005-06-09,B+,9905904477,ananya4917@cit.edu.in,"25 Gandhi Road",Kolkata,Tamil Nadu,694288,"Arjun Nair",9584880473,2025,A,1,"Chennai Institute of Technology",Active
4918,"Ananya Joshi",CSE,1,Female,2004-12-17,A+,9844799580,ananya4918@cit.edu.in,"99 Gandhi Road",Mumbai,Delhi,695134,"Karan Joshi",9225792902,2025,B,2,"Chennai Institute of Technology",Active
4919,"Sanya Patel",MECH,3,Female,2003-12-05,O+,9904150690,sanya4919@cit.edu.in,"10 Gandhi Road",Delhi,West Bengal,660588,"Aarav Patel",9819995582,2023,C,5,"Chennai Institute of Technology",Active
4920,"Neha Mehta",MECH,4,Female,2003-03-28,A+,9401757941,neha4920@cit.edu.in,"24 Gandhi Road",Bengaluru,Karnataka,610501,"Sanya Mehta",9426244025,2022,A,8,"Chennai Institute of Technology",Active
4921,"Neha Kumar",ECE,3,Male,2006-08-21,O-,9111138721,neha4921@cit.edu.in,"28 Gandhi Road",Delhi,Karnataka,611970,"Kavya Kumar",9025377449,2023,D,6,"Chennai Institute of Technology",Active
4922,"Karan Rao",EEE,2,Female,2003-11-19,O-,9425996206,karan4922@cit.edu.in,"60 Gandhi Road",Kolkata,Karnataka,606077,"Arjun Rao",9404353465,2024,B,4,"Chennai Institute of Technology",Active
4923,"Varun Verma",AIML,1,Male,2002-11-01,B+,9584908083,varun4923@cit.edu.in,"69 Gandhi Road",Bengaluru,Telangana,643873,"Varun Verma",9962824547,2025,D,1,"Chennai Institute of Technology",Active
4924,"Karan Rao",AIDS,4,Male,2002-01-10,B+,9242014948,karan4924@cit.edu.in,"42 Gandhi Road",Hyderabad,Tamil Nadu,658512,"Neha Rao",9368575782,2022,C,8,"Chennai Institute of Technology",Active
4925,"Ananya Mehta",CIVIL,2,Female,2003-06-09,O-,9448169653,ananya4925@cit.edu.in,"66 Gandhi Road",Mumbai,Karnataka,646071,"Arjun Mehta",9794901438,2024,C,4,"Chennai Institute of Technology",Active
4926,"Meera Rao",CIVIL,1,Male,2006-07-25,AB-,9731670730,meera4926@cit.edu.in,"51 Gandhi Road",Mumbai,Tamil Nadu,643655,"Ananya Rao",9805088486,2025,B,1,"Chennai Institute of Technology",Active
4927,"Rohan Mehta",CIVIL,4,Male,2002-07-15,B-,9590237617,rohan4927@cit.edu.in,"71 Gandhi Road",Bengaluru,Maharashtra,615996,"Arjun Mehta",9024662452,2022,B,7,"Chennai Institute of Technology",Active
4928,"Karan Kumar",MECH,4,Male,2004-08-22,AB+,9951034899,karan4928@cit.edu.in,"66 Gandhi Road",Bengaluru,West Bengal,631634,"Varun Kumar",9868332988,2022,A,7,"Chennai Institute of Technology",Active
4929,"Aarav Singh",AIML,3,Male,2005-03-15,A+,9026973689,aarav4929@cit.edu.in,"35 Gandhi Road",Hyderabad,Maharashtra,631424,"Rohan Singh",9214380100,2023,B,5,"Chennai Institute of Technology",Active
4930,"Sanya Joshi",CIVIL,1,Female,2005-09-22,O-,9253377390,sanya4930@cit.edu.in,"90 Gandhi Road",Bengaluru,Delhi,671189,"Pooja Joshi",9360230913,2025,A,2,"Chennai Institute of Technology",Active
4931,"Diya Mehta",CSE,3,Male,2004-11-28,A+,9573645533,diya4931@cit.edu.in,"33 Gandhi Road",Bengaluru,Karnataka,640153,"Pooja Mehta",9338405361,2023,B,5,"Chennai Institute of Technology",Active
4932,"Meera Verma",IT,2,Male,2002-06-15,B+,9158430517,meera4932@cit.edu.in,"95 Gandhi Road",Kolkata,Delhi,614498,"Pooja Verma",9032707334,2024,D,4,"Chennai Institute of Technology",Active
4933,"Ananya Joshi",CSE,3,Female,2003-04-16,O+,9418809963,ananya4933@cit.edu.in,"87 Gandhi Road",Chennai,Delhi,605566,"Karan Joshi",9276234356,2023,A,5,"Chennai Institute of Technology",Active
4934,"Pooja Sharma",MECH,3,Male,2003-09-13,B+,9223934134,pooja4934@cit.edu.in,"10 Gandhi Road",Hyderabad,Karnataka,688685,"Diya Sharma",9229099768,2023,C,6,"Chennai Institute of Technology",Active
4935,"Arjun Chopra",CSE,1,Male,2005-07-03,AB-,9930718864,arjun4935@cit.edu.in,"39 Gandhi Road",Hyderabad,Telangana,654530,"Priya Chopra",9452973788,2025,A,2,"Chennai Institute of Technology",Active
4936,"Meera Kumar",IT,4,Female,2005-10-16,O-,9493800774,meera4936@cit.edu.in,"23 Gandhi Road",Chennai,Maharashtra,657810,"Sanya Kumar",9505803260,2022,B,7,"Chennai Institute of Technology",Active
4937,"Kavya Mehta",IT,1,Female,2005-04-25,AB-,9814205448,kavya4937@cit.edu.in,"62 Gandhi Road",Chennai,Maharashtra,609663,"Ananya Mehta",9492191388,2025,B,1,"Chennai Institute of Technology",Active
4938,"Vikram Chopra",CIVIL,2,Male,2002-05-03,A+,9640611884,vikram4938@cit.edu.in,"57 Gandhi Road",Mumbai,Tamil Nadu,657341,"Neha Chopra",9091648717,2024,D,4,"Chennai Institute of Technology",Active
4939,"Priya Reddy",EEE,1,Female,2004-09-09,O-,9549971725,priya4939@cit.edu.in,"60 Gandhi Road",Kolkata,West Bengal,676091,"Diya Reddy",9969149263,2025,D,2,"Chennai Institute of Technology",Active
4940,"Vikram Joshi",CSE,3,Female,2003-11-20,AB+,9612198325,vikram4940@cit.edu.in,"56 Gandhi Road",Kolkata,Telangana,622312,"Kavya Joshi",9615471086,2023,C,5,"Chennai Institute of Technology",Active
4941,"Neha Joshi",AIDS,3,Male,2002-07-13,A-,9629621533,neha4941@cit.edu.in,"38 Gandhi Road",Hyderabad,Maharashtra,646676,"Sanya Joshi",9787434442,2023,D,5,"Chennai Institute of Technology",Active
4942,"Varun Nair",AIDS,4,Female,2003-05-16,O-,9734803293,varun4942@cit.edu.in,"78 Gandhi Road",Bengaluru,Delhi,661444,"Pooja Nair",9709642563,2022,D,7,"Chennai Institute of Technology",Active
4943,"Aditya Chopra",IT,3,Male,2005-02-16,AB-,9455637702,aditya4943@cit.edu.in,"89 Gandhi Road",Pune,Tamil Nadu,632832,"Rahul Chopra",9281474950,2023,B,5,"Chennai Institute of Technology",Active
4944,"Kavya Mehta",ECE,4,Female,2003-06-17,B+,9769767204,kavya4944@cit.edu.in,"54 Gandhi Road",Bengaluru,Karnataka,640594,"Diya Mehta",9449169766,2022,D,7,"Chennai Institute of Technology",Active
4945,"Neha Chopra",IT,1,Female,2002-06-01,O-,9855973045,neha4945@cit.edu.in,"57 Gandhi Road",Mumbai,West Bengal,680023,"Karan Chopra",9066907134,2025,C,2,"Chennai Institute of Technology",Active
4946,"Vikram Patel",AIML,3,Female,2006-09-27,B-,9484261972,vikram4946@cit.edu.in,"35 Gandhi Road",Hyderabad,Telangana,638306,"Priya Patel",9244563889,2023,A,6,"Chennai Institute of Technology",Active
4947,"Pooja Joshi",AIML,2,Male,2002-05-06,A-,9877865447,pooja4947@cit.edu.in,"30 Gandhi Road",Kolkata,West Bengal,646278,"Aarav Joshi",9711949639,2024,C,4,"Chennai Institute of Technology",Active
4948,"Aditya Singh",AIML,3,Female,2006-05-18,B-,9297967756,aditya4948@cit.edu.in,"29 Gandhi Road",Chennai,Tamil Nadu,616748,"Priya Singh",9946657989,2023,C,5,"Chennai Institute of Technology",Active
4949,"Neha Sharma",EEE,3,Male,2004-07-16,A+,9844649224,neha4949@cit.edu.in,"95 Gandhi Road",Kolkata,Karnataka,691462,"Karan Sharma",9973527363,2023,A,5,"Chennai Institute of Technology",Active
4950,"Vikram Rao",CIVIL,1,Female,2003-04-22,AB+,9000298585,vikram4950@cit.edu.in,"48 Gandhi Road",Hyderabad,Delhi,681324,"Rahul Rao",9783814674,2025,B,2,"Chennai Institute of Technology",Active
4951,"Arjun Gupta",ECE,4,Female,2005-09-16,O+,9796064956,arjun4951@cit.edu.in,"75 Gandhi Road",Pune,Telangana,644337,"Aarav Gupta",9224321191,2022,A,8,"Chennai Institute of Technology",Active
4952,"Neha Nair",IT,4,Male,2003-07-27,B+,9892430840,neha4952@cit.edu.in,"12 Gandhi Road",Mumbai,Delhi,606543,"Priya Nair",9035479850,2022,C,7,"Chennai Institute of Technology",Active
4953,"Pooja Mehta",EEE,3,Female,2006-05-06,B-,9091308356,pooja4953@cit.edu.in,"20 Gandhi Road",Delhi,Delhi,606209,"Neha Mehta",9243022821,2023,C,5,"Chennai Institute of Technology",Active
4954,"Karan Kumar",ECE,3,Male,2004-03-01,A-,9465872864,karan4954@cit.edu.in,"23 Gandhi Road",Kolkata,West Bengal,626370,"Kavya Kumar",9958949000,2023,C,5,"Chennai Institute of Technology",Active
4955,"Neha Singh",IT,1,Male,2002-07-23,B+,9897036456,neha4955@cit.edu.in,"40 Gandhi Road",Hyderabad,Maharashtra,687121,"Aarav Singh",9925722960,2025,A,1,"Chennai Institute of Technology",Active
4956,"Rohan Chopra",EEE,2,Female,2002-06-18,O+,9757164361,rohan4956@cit.edu.in,"93 Gandhi Road",Bengaluru,West Bengal,655506,"Diya Chopra",9977848618,2024,A,4,"Chennai Institute of Technology",Active
4957,"Arjun Singh",MECH,1,Female,2002-07-08,O-,9951329905,arjun4957@cit.edu.in,"33 Gandhi Road",Kolkata,Karnataka,692063,"Varun Singh",9421737357,2025,C,1,"Chennai Institute of Technology",Active
4958,"Ananya Singh",CSE,3,Male,2004-12-06,O-,9534061024,ananya4958@cit.edu.in,"75 Gandhi Road",Bengaluru,Telangana,660633,"Varun Singh",9113217001,2023,B,5,"Chennai Institute of Technology",Active
4959,"Sanya Gupta",EEE,3,Female,2006-01-24,B-,9320361481,sanya4959@cit.edu.in,"27 Gandhi Road",Mumbai,Telangana,604820,"Diya Gupta",9142246537,2023,B,6,"Chennai Institute of Technology",Active
4960,"Kavya Mehta",AIDS,1,Male,2003-01-17,O-,9907047261,kavya4960@cit.edu.in,"57 Gandhi Road",Bengaluru,West Bengal,608345,"Diya Mehta",9562134002,2025,A,2,"Chennai Institute of Technology",Active
4961,"Pooja Gupta",CSE,4,Male,2006-10-27,AB+,9641570018,pooja4961@cit.edu.in,"94 Gandhi Road",Pune,Tamil Nadu,637564,"Rahul Gupta",9802697836,2022,A,7,"Chennai Institute of Technology",Active
4962,"Meera Kumar",CSE,2,Male,2004-01-07,B+,9011497223,meera4962@cit.edu.in,"67 Gandhi Road",Kolkata,Delhi,601159,"Priya Kumar",9712342524,2024,A,4,"Chennai Institute of Technology",Active
4963,"Ananya Rao",CSE,4,Female,2005-02-04,B+,9362171312,ananya4963@cit.edu.in,"99 Gandhi Road",Bengaluru,Karnataka,652164,"Priya Rao",9472705910,2022,D,8,"Chennai Institute of Technology",Active
4964,"Meera Sharma",MECH,2,Male,2005-02-19,B+,9768387536,meera4964@cit.edu.in,"61 Gandhi Road",Hyderabad,Delhi,617703,"Ananya Sharma",9921789233,2024,D,3,"Chennai Institute of Technology",Active
4965,"Vikram Nair",IT,2,Male,2002-10-02,AB-,9866663080,vikram4965@cit.edu.in,"44 Gandhi Road",Chennai,West Bengal,681530,"Neha Nair",9956823248,2024,D,3,"Chennai Institute of Technology",Active
4966,"Meera Joshi",IT,2,Female,2004-12-19,B+,9250911953,meera4966@cit.edu.in,"72 Gandhi Road",Hyderabad,West Bengal,673163,"Varun Joshi",9329322034,2024,A,4,"Chennai Institute of Technology",Active
4967,"Arjun Rao",AIDS,2,Female,2003-03-01,O+,9839758379,arjun4967@cit.edu.in,"64 Gandhi Road",Kolkata,Tamil Nadu,658566,"Diya Rao",9130503581,2024,B,4,"Chennai Institute of Technology",Active
4968,"Pooja Patel",CIVIL,2,Female,2004-09-21,AB-,9103728627,pooja4968@cit.edu.in,"60 Gandhi Road",Kolkata,Karnataka,632852,"Kavya Patel",9402765217,2024,B,4,"Chennai Institute of Technology",Active
4969,"Aditya Sharma",EEE,3,Female,2002-12-12,A+,9576448265,aditya4969@cit.edu.in,"38 Gandhi Road",Delhi,Telangana,641833,"Rahul Sharma",9645571030,2023,B,6,"Chennai Institute of Technology",Active
4970,"Kavya Patel",AIDS,3,Male,2003-12-03,B+,9353993096,kavya4970@cit.edu.in,"61 Gandhi Road",Delhi,Delhi,639952,"Aditya Patel",9875544924,2023,C,6,"Chennai Institute of Technology",Active
4971,"Ananya Chopra",CSE,4,Female,2002-07-07,O+,9247017866,ananya4971@cit.edu.in,"37 Gandhi Road",Mumbai,Karnataka,628614,"Aarav Chopra",9305226017,2022,D,7,"Chennai Institute of Technology",Active
4972,"Diya Gupta",AIML,4,Female,2004-06-21,A-,9717066404,diya4972@cit.edu.in,"15 Gandhi Road",Mumbai,Maharashtra,670335,"Diya Gupta",9946419495,2022,A,7,"Chennai Institute of Technology",Active
4973,"Rahul Singh",ECE,4,Female,2003-05-02,A-,9604706861,rahul4973@cit.edu.in,"73 Gandhi Road",Mumbai,Delhi,697484,"Arjun Singh",9865308197,2022,D,7,"Chennai Institute of Technology",Active
4974,"Varun Kumar",ECE,3,Male,2006-09-27,A-,9338800685,varun4974@cit.edu.in,"12 Gandhi Road",Bengaluru,Tamil Nadu,611502,"Sanya Kumar",9793246186,2023,D,6,"Chennai Institute of Technology",Active
4975,"Karan Chopra",CIVIL,4,Male,2003-01-17,O-,9833527616,karan4975@cit.edu.in,"15 Gandhi Road",Hyderabad,West Bengal,665067,"Meera Chopra",9918485279,2022,D,8,"Chennai Institute of Technology",Active
4976,"Aditya Nair",AIML,2,Male,2004-08-20,AB+,9075812738,aditya4976@cit.edu.in,"82 Gandhi Road",Mumbai,Tamil Nadu,676313,"Aarav Nair",9181515588,2024,A,4,"Chennai Institute of Technology",Active
4977,"Arjun Verma",MECH,2,Male,2002-11-10,A+,9041586835,arjun4977@cit.edu.in,"95 Gandhi Road",Pune,Telangana,621831,"Ananya Verma",9758244535,2024,B,3,"Chennai Institute of Technology",Active
4978,"Meera Gupta",CSE,2,Male,2004-04-26,A-,9480021813,meera4978@cit.edu.in,"49 Gandhi Road",Mumbai,Maharashtra,603008,"Diya Gupta",9165532347,2024,B,3,"Chennai Institute of Technology",Active
4979,"Pooja Joshi",EEE,2,Female,2006-03-27,A-,9728783386,pooja4979@cit.edu.in,"91 Gandhi Road",Pune,Delhi,695016,"Sanya Joshi",9478640255,2024,C,4,"Chennai Institute of Technology",Active
4980,"Priya Sharma",AIML,3,Male,2006-04-20,B+,9239487078,priya4980@cit.edu.in,"30 Gandhi Road",Chennai,West Bengal,698044,"Varun Sharma",9036105390,2023,B,5,"Chennai Institute of Technology",Active
4981,"Aditya Nair",CSE,1,Female,2004-11-22,B+,9465786201,aditya4981@cit.edu.in,"90 Gandhi Road",Kolkata,Tamil Nadu,622676,"Aarav Nair",9191457394,2025,C,1,"Chennai Institute of Technology",Active
4982,"Aditya Joshi",ECE,3,Female,2004-05-14,O+,9128339527,aditya4982@cit.edu.in,"96 Gandhi Road",Hyderabad,Karnataka,666387,"Priya Joshi",9518595713,2023,A,6,"Chennai Institute of Technology",Active
4983,"Priya Rao",IT,1,Male,2002-07-09,O+,9230949137,priya4983@cit.edu.in,"48 Gandhi Road",Bengaluru,Delhi,677190,"Meera Rao",9679853602,2025,C,2,"Chennai Institute of Technology",Active
4984,"Rohan Mehta",MECH,4,Female,2004-06-22,AB-,9854528454,rohan4984@cit.edu.in,"79 Gandhi Road",Kolkata,Tamil Nadu,691055,"Rohan Mehta",9772673249,2022,B,7,"Chennai Institute of Technology",Active
4985,"Sanya Joshi",AIML,4,Male,2003-10-25,A+,9648105554,sanya4985@cit.edu.in,"14 Gandhi Road",Mumbai,Delhi,639060,"Ananya Joshi",9726666534,2022,D,7,"Chennai Institute of Technology",Active
4986,"Diya Kumar",AIDS,3,Male,2002-12-13,B+,9721363488,diya4986@cit.edu.in,"14 Gandhi Road",Delhi,West Bengal,613756,"Arjun Kumar",9352288929,2023,A,5,"Chennai Institute of Technology",Active
4987,"Arjun Chopra",AIML,4,Male,2004-05-15,O-,9298483658,arjun4987@cit.edu.in,"46 Gandhi Road",Kolkata,Karnataka,642618,"Sanya Chopra",9760508163,2022,C,8,"Chennai Institute of Technology",Active
4988,"Rahul Verma",ECE,3,Female,2003-12-28,B+,9647326730,rahul4988@cit.edu.in,"95 Gandhi Road",Bengaluru,Tamil Nadu,663190,"Meera Verma",9090166321,2023,C,5,"Chennai Institute of Technology",Active
4989,"Sanya Mehta",MECH,3,Male,2006-01-28,O-,9205079868,sanya4989@cit.edu.in,"30 Gandhi Road",Kolkata,Telangana,621571,"Rohan Mehta",9908562099,2023,D,6,"Chennai Institute of Technology",Active
4990,"Rohan Sharma",EEE,2,Male,2004-09-26,O+,9786677742,rohan4990@cit.edu.in,"16 Gandhi Road",Chennai,Telangana,640936,"Priya Sharma",9155738555,2024,A,4,"Chennai Institute of Technology",Active
4991,"Aditya Nair",ECE,1,Male,2003-07-15,AB-,9237256459,aditya4991@cit.edu.in,"48 Gandhi Road",Chennai,Telangana,659353,"Priya Nair",9125645270,2025,B,1,"Chennai Institute of Technology",Active
4992,"Sanya Gupta",CIVIL,4,Female,2006-12-20,A+,9189427538,sanya4992@cit.edu.in,"25 Gandhi Road",Delhi,Maharashtra,679684,"Arjun Gupta",9804619227,2022,C,7,"Chennai Institute of Technology",Active
4993,"Sanya Rao",MECH,1,Female,2003-12-23,B+,9204743669,sanya4993@cit.edu.in,"67 Gandhi Road",Bengaluru,Telangana,680691,"Aditya Rao",9793656179,2025,D,2,"Chennai Institute of Technology",Active
4994,"Ananya Nair",EEE,4,Male,2005-09-09,AB+,9329786106,ananya4994@cit.edu.in,"55 Gandhi Road",Pune,Telangana,638318,"Varun Nair",9810485982,2022,D,8,"Chennai Institute of Technology",Active
4995,"Varun Sharma",ECE,2,Female,2005-02-28,O+,9081208938,varun4995@cit.edu.in,"82 Gandhi Road",Chennai,Delhi,648851,"Neha Sharma",9510034676,2024,B,4,"Chennai Institute of Technology",Active
4996,"Kavya Patel",IT,4,Female,2004-09-02,AB-,9419731271,kavya4996@cit.edu.in,"16 Gandhi Road",Pune,Tamil Nadu,607320,"Rahul Patel",9059086584,2022,B,8,"Chennai Institute of Technology",Active
4997,"Meera Gupta",AIML,3,Male,2005-07-13,O-,9167944568,meera4997@cit.edu.in,"67 Gandhi Road",Delhi,Tamil Nadu,691024,"Rahul Gupta",9718243396,2023,D,5,"Chennai Institute of Technology",Active
4998,"Rohan Singh",CSE,3,Male,2006-05-24,AB+,9704749906,rohan4998@cit.edu.in,"41 Gandhi Road",Bengaluru,Karnataka,688716,"Sanya Singh",9837384303,2023,B,6,"Chennai Institute of Technology",Active
4999,"Aarav Reddy",MECH,1,Male,2005-04-04,AB-,9418240743,aarav4999@cit.edu.in,"85 Gandhi Road",Pune,West Bengal,614718,"Aarav Reddy",9692244075,2025,D,2,"Chennai Institute of Technology",Active
5000,"Kavya Reddy",ECE,2,Female,2004-06-23,B+,9419086661,kavya5000@cit.edu.in,"49 Gandhi Road",Kolkata,West Bengal,664064,"Karan Reddy",9462717890,2024,C,3,"Chennai Institute of Technology",Active
